user_id,signup_date,sent_message,has_hva,repeat_usage,sustained_usage,churned
user_00000,2024-02-08,True,True,False,False,True
user_00001,2024-01-21,True,True,True,False,True
user_00002,2024-02-05,True,False,False,False,True
user_00003,2024-02-22,False,False,False,False,True
user_00004,2024-02-13,False,False,False,False,True
user_00005,2024-01-02,True,True,True,False,True
user_00006,2024-02-13,True,True,True,True,False
user_00007,2024-02-29,True,True,False,False,True
user_00008,2024-02-20,True,False,False,False,True
user_00009,2024-02-26,True,False,False,False,True
user_00010,2024-01-21,True,True,False,False,True
user_00011,2024-01-14,False,False,False,False,True
user_00012,2024-01-09,True,True,True,False,True
user_00013,2024-02-13,True,True,False,False,True
user_00014,2024-02-05,True,False,False,False,True
user_00015,2024-01-06,True,True,True,False,True
user_00016,2024-02-13,False,False,False,False,True
user_00017,2024-02-05,True,False,False,False,True
user_00018,2024-01-08,True,True,False,False,True
user_00019,2024-01-21,True,True,False,False,True
user_00020,2024-01-26,False,False,False,False,True
user_00021,2024-02-29,True,True,False,False,True
user_00022,2024-01-01,True,True,True,True,False
user_00023,2024-01-11,True,False,False,False,True
user_00024,2024-02-04,True,True,True,True,False
user_00025,2024-01-07,False,False,False,False,True
user_00026,2024-01-12,True,True,True,True,False
user_00027,2024-02-04,True,True,False,False,True
user_00028,2024-02-04,True,False,False,False,True
user_00029,2024-01-01,True,True,True,True,False
user_00030,2024-01-15,True,True,True,True,False
user_00031,2024-02-08,True,True,False,False,True
user_00032,2024-02-06,True,True,False,False,True
user_00033,2024-02-05,False,False,False,False,True
user_00034,2024-01-07,True,True,False,False,True
user_00035,2024-02-14,True,True,True,True,False
user_00036,2024-01-20,False,False,False,False,True
user_00037,2024-01-11,True,True,True,False,True
user_00038,2024-01-01,True,True,False,False,True
user_00039,2024-02-10,True,True,False,False,True
user_00040,2024-02-06,True,True,True,True,False
user_00041,2024-02-01,True,False,False,False,True
user_00042,2024-02-18,True,True,True,False,True
user_00043,2024-01-03,True,True,True,False,True
user_00044,2024-01-02,True,True,True,False,True
user_00045,2024-01-02,True,True,False,False,True
user_00046,2024-02-24,True,False,False,False,True
user_00047,2024-02-28,True,False,False,False,True
user_00048,2024-01-05,True,False,False,False,True
user_00049,2024-01-11,False,False,False,False,True
user_00050,2024-01-16,False,False,False,False,True
user_00051,2024-02-29,True,False,False,False,True
user_00052,2024-01-03,True,False,False,False,True
user_00053,2024-01-19,True,False,False,False,True
user_00054,2024-01-20,True,True,False,False,True
user_00055,2024-02-08,False,False,False,False,True
user_00056,2024-01-01,True,False,False,False,True
user_00057,2024-02-19,False,False,False,False,True
user_00058,2024-01-30,True,True,True,False,True
user_00059,2024-02-21,True,True,True,False,True
user_00060,2024-02-06,False,False,False,False,True
user_00061,2024-02-24,True,True,False,False,True
user_00062,2024-01-03,False,False,False,False,True
user_00063,2024-02-23,True,False,False,False,True
user_00064,2024-01-11,False,False,False,False,True
user_00065,2024-02-05,False,False,False,False,True
user_00066,2024-01-20,True,True,False,False,True
user_00067,2024-01-25,True,True,False,False,True
user_00068,2024-02-23,True,False,False,False,True
user_00069,2024-02-05,True,True,True,False,True
user_00070,2024-01-08,False,False,False,False,True
user_00071,2024-01-17,True,True,False,False,True
user_00072,2024-01-22,True,True,False,False,True
user_00073,2024-02-14,True,False,False,False,True
user_00074,2024-01-27,True,True,False,False,True
user_00075,2024-02-02,True,False,False,False,True
user_00076,2024-01-19,True,False,False,False,True
user_00077,2024-01-17,False,False,False,False,True
user_00078,2024-01-30,False,False,False,False,True
user_00079,2024-02-22,False,False,False,False,True
user_00080,2024-02-29,True,False,False,False,True
user_00081,2024-02-18,True,True,False,False,True
user_00082,2024-02-21,True,True,False,False,True
user_00083,2024-01-03,True,True,False,False,True
user_00084,2024-02-27,False,False,False,False,True
user_00085,2024-02-15,True,False,False,False,True
user_00086,2024-01-22,True,True,True,True,False
user_00087,2024-02-09,True,False,False,False,True
user_00088,2024-02-17,True,True,True,True,False
user_00089,2024-01-24,False,False,False,False,True
user_00090,2024-02-27,True,False,False,False,True
user_00091,2024-01-20,True,False,False,False,True
user_00092,2024-01-16,True,False,False,False,True
user_00093,2024-01-15,True,True,False,False,True
user_00094,2024-01-22,True,True,False,False,True
user_00095,2024-01-22,True,True,True,False,True
user_00096,2024-02-23,True,True,False,False,True
user_00097,2024-02-29,True,False,False,False,True
user_00098,2024-01-04,False,False,False,False,True
user_00099,2024-02-01,True,True,False,False,True
user_00100,2024-02-21,True,False,False,False,True
user_00101,2024-02-11,True,False,False,False,True
user_00102,2024-01-19,True,True,True,False,True
user_00103,2024-01-23,True,False,False,False,True
user_00104,2024-01-01,True,True,True,False,True
user_00105,2024-02-17,True,False,False,False,True
user_00106,2024-01-01,False,False,False,False,True
user_00107,2024-02-08,True,True,False,False,True
user_00108,2024-01-03,True,True,False,False,True
user_00109,2024-02-26,True,True,True,True,False
user_00110,2024-02-21,True,True,False,False,True
user_00111,2024-01-21,True,True,True,True,False
user_00112,2024-01-10,False,False,False,False,True
user_00113,2024-02-05,True,True,False,False,True
user_00114,2024-02-27,True,True,False,False,True
user_00115,2024-01-16,True,False,False,False,True
user_00116,2024-02-18,False,False,False,False,True
user_00117,2024-02-01,False,False,False,False,True
user_00118,2024-01-24,True,True,True,False,True
user_00119,2024-02-12,False,False,False,False,True
user_00120,2024-01-03,False,False,False,False,True
user_00121,2024-02-09,False,False,False,False,True
user_00122,2024-02-13,True,True,True,True,False
user_00123,2024-02-19,True,True,True,False,True
user_00124,2024-01-26,True,True,True,False,True
user_00125,2024-02-19,True,False,False,False,True
user_00126,2024-02-05,True,False,False,False,True
user_00127,2024-02-05,True,False,False,False,True
user_00128,2024-02-04,False,False,False,False,True
user_00129,2024-02-17,True,True,False,False,True
user_00130,2024-01-23,False,False,False,False,True
user_00131,2024-02-06,True,False,False,False,True
user_00132,2024-01-23,True,True,False,False,True
user_00133,2024-01-20,False,False,False,False,True
user_00134,2024-01-22,True,True,True,False,True
user_00135,2024-01-19,True,True,False,False,True
user_00136,2024-02-21,True,False,False,False,True
user_00137,2024-02-22,True,False,False,False,True
user_00138,2024-02-21,True,False,False,False,True
user_00139,2024-01-23,True,True,False,False,True
user_00140,2024-02-27,True,True,True,False,True
user_00141,2024-02-12,True,False,False,False,True
user_00142,2024-01-09,True,False,False,False,True
user_00143,2024-02-07,True,False,False,False,True
user_00144,2024-02-11,True,False,False,False,True
user_00145,2024-01-02,True,True,False,False,True
user_00146,2024-02-17,False,False,False,False,True
user_00147,2024-01-22,False,False,False,False,True
user_00148,2024-01-07,False,False,False,False,True
user_00149,2024-01-04,True,False,False,False,True
user_00150,2024-01-19,True,True,True,False,True
user_00151,2024-02-08,True,True,True,False,True
user_00152,2024-01-20,True,True,False,False,True
user_00153,2024-01-01,True,True,True,False,True
user_00154,2024-01-25,False,False,False,False,True
user_00155,2024-02-07,True,False,False,False,True
user_00156,2024-02-14,False,False,False,False,True
user_00157,2024-02-16,False,False,False,False,True
user_00158,2024-02-23,False,False,False,False,True
user_00159,2024-02-29,True,True,False,False,True
user_00160,2024-01-18,True,True,True,False,True
user_00161,2024-02-23,True,False,False,False,True
user_00162,2024-02-26,False,False,False,False,True
user_00163,2024-01-10,False,False,False,False,True
user_00164,2024-01-08,True,True,True,True,False
user_00165,2024-02-05,True,True,False,False,True
user_00166,2024-01-28,True,True,True,True,False
user_00167,2024-01-09,True,False,False,False,True
user_00168,2024-01-28,True,True,True,False,True
user_00169,2024-02-20,True,False,False,False,True
user_00170,2024-01-02,True,False,False,False,True
user_00171,2024-02-28,True,True,True,False,True
user_00172,2024-02-01,False,False,False,False,True
user_00173,2024-01-11,True,True,False,False,True
user_00174,2024-01-27,True,True,True,True,False
user_00175,2024-01-21,True,False,False,False,True
user_00176,2024-01-17,True,False,False,False,True
user_00177,2024-01-03,True,False,False,False,True
user_00178,2024-02-06,True,True,True,True,False
user_00179,2024-01-01,False,False,False,False,True
user_00180,2024-01-13,True,False,False,False,True
user_00181,2024-02-09,True,True,True,False,True
user_00182,2024-02-03,True,False,False,False,True
user_00183,2024-02-19,False,False,False,False,True
user_00184,2024-02-23,False,False,False,False,True
user_00185,2024-01-30,False,False,False,False,True
user_00186,2024-02-26,True,True,True,False,True
user_00187,2024-01-14,True,True,True,True,False
user_00188,2024-02-07,True,False,False,False,True
user_00189,2024-01-15,True,False,False,False,True
user_00190,2024-02-21,True,True,False,False,True
user_00191,2024-01-30,True,False,False,False,True
user_00192,2024-01-05,True,True,False,False,True
user_00193,2024-01-17,True,True,False,False,True
user_00194,2024-02-22,True,True,False,False,True
user_00195,2024-01-11,True,True,True,True,False
user_00196,2024-02-23,True,True,False,False,True
user_00197,2024-01-25,False,False,False,False,True
user_00198,2024-01-03,True,False,False,False,True
user_00199,2024-02-27,True,False,False,False,True
user_00200,2024-01-18,True,True,True,True,False
user_00201,2024-02-10,True,False,False,False,True
user_00202,2024-02-18,True,False,False,False,True
user_00203,2024-01-09,True,True,False,False,True
user_00204,2024-02-25,False,False,False,False,True
user_00205,2024-02-17,True,True,False,False,True
user_00206,2024-02-18,True,False,False,False,True
user_00207,2024-02-16,True,True,False,False,True
user_00208,2024-01-23,True,False,False,False,True
user_00209,2024-01-26,True,True,False,False,True
user_00210,2024-02-16,False,False,False,False,True
user_00211,2024-02-12,True,True,True,False,True
user_00212,2024-01-15,True,False,False,False,True
user_00213,2024-01-28,True,True,True,True,False
user_00214,2024-02-13,True,True,True,True,False
user_00215,2024-02-10,True,True,False,False,True
user_00216,2024-02-03,True,True,False,False,True
user_00217,2024-02-11,True,True,False,False,True
user_00218,2024-02-03,True,True,True,False,True
user_00219,2024-02-22,True,True,True,True,False
user_00220,2024-01-11,True,False,False,False,True
user_00221,2024-01-24,False,False,False,False,True
user_00222,2024-02-24,True,True,False,False,True
user_00223,2024-01-24,True,True,False,False,True
user_00224,2024-01-04,True,False,False,False,True
user_00225,2024-01-30,True,False,False,False,True
user_00226,2024-02-26,True,True,True,False,True
user_00227,2024-01-05,True,True,True,False,True
user_00228,2024-02-18,True,False,False,False,True
user_00229,2024-01-14,True,True,True,False,True
user_00230,2024-02-12,True,True,True,False,True
user_00231,2024-01-10,False,False,False,False,True
user_00232,2024-01-13,True,True,True,True,False
user_00233,2024-01-09,True,True,True,True,False
user_00234,2024-02-18,False,False,False,False,True
user_00235,2024-02-29,False,False,False,False,True
user_00236,2024-01-14,False,False,False,False,True
user_00237,2024-01-11,False,False,False,False,True
user_00238,2024-01-12,True,False,False,False,True
user_00239,2024-01-22,True,False,False,False,True
user_00240,2024-01-11,True,True,True,True,False
user_00241,2024-01-05,True,False,False,False,True
user_00242,2024-01-04,True,True,False,False,True
user_00243,2024-01-08,True,True,True,True,False
user_00244,2024-01-23,True,True,True,True,False
user_00245,2024-01-02,True,False,False,False,True
user_00246,2024-02-20,True,True,True,False,True
user_00247,2024-02-11,True,False,False,False,True
user_00248,2024-01-29,True,False,False,False,True
user_00249,2024-01-27,True,True,True,True,False
user_00250,2024-02-24,True,True,False,False,True
user_00251,2024-01-05,False,False,False,False,True
user_00252,2024-02-02,True,True,True,False,True
user_00253,2024-02-21,True,False,False,False,True
user_00254,2024-01-05,True,True,False,False,True
user_00255,2024-01-27,True,False,False,False,True
user_00256,2024-02-05,True,True,False,False,True
user_00257,2024-01-10,True,True,True,True,False
user_00258,2024-02-12,True,True,False,False,True
user_00259,2024-01-25,True,False,False,False,True
user_00260,2024-02-12,False,False,False,False,True
user_00261,2024-02-05,False,False,False,False,True
user_00262,2024-01-05,False,False,False,False,True
user_00263,2024-01-08,True,False,False,False,True
user_00264,2024-01-31,True,True,False,False,True
user_00265,2024-02-09,False,False,False,False,True
user_00266,2024-01-11,True,True,False,False,True
user_00267,2024-02-15,True,False,False,False,True
user_00268,2024-01-01,False,False,False,False,True
user_00269,2024-02-24,True,False,False,False,True
user_00270,2024-02-16,True,True,False,False,True
user_00271,2024-02-22,True,True,True,False,True
user_00272,2024-02-07,True,True,False,False,True
user_00273,2024-01-17,True,True,False,False,True
user_00274,2024-02-23,True,True,True,False,True
user_00275,2024-02-18,True,True,True,True,False
user_00276,2024-02-18,True,False,False,False,True
user_00277,2024-02-18,True,False,False,False,True
user_00278,2024-02-09,True,True,True,False,True
user_00279,2024-02-28,True,True,True,False,True
user_00280,2024-01-29,True,True,True,False,True
user_00281,2024-02-16,True,True,True,False,True
user_00282,2024-02-20,True,True,False,False,True
user_00283,2024-02-08,True,True,False,False,True
user_00284,2024-02-03,True,True,True,False,True
user_00285,2024-01-29,True,True,True,True,False
user_00286,2024-01-08,True,False,False,False,True
user_00287,2024-01-03,False,False,False,False,True
user_00288,2024-01-28,True,True,True,False,True
user_00289,2024-02-25,False,False,False,False,True
user_00290,2024-01-16,True,False,False,False,True
user_00291,2024-01-21,True,True,True,False,True
user_00292,2024-02-02,True,True,True,False,True
user_00293,2024-02-29,True,False,False,False,True
user_00294,2024-01-05,True,True,True,False,True
user_00295,2024-01-12,False,False,False,False,True
user_00296,2024-02-06,True,True,True,True,False
user_00297,2024-02-21,False,False,False,False,True
user_00298,2024-02-13,True,False,False,False,True
user_00299,2024-02-25,False,False,False,False,True
user_00300,2024-01-23,True,True,True,True,False
user_00301,2024-02-09,True,True,True,False,True
user_00302,2024-02-15,False,False,False,False,True
user_00303,2024-02-27,False,False,False,False,True
user_00304,2024-02-03,True,True,False,False,True
user_00305,2024-01-21,False,False,False,False,True
user_00306,2024-02-10,True,True,False,False,True
user_00307,2024-02-27,True,True,True,True,False
user_00308,2024-01-31,False,False,False,False,True
user_00309,2024-02-09,True,False,False,False,True
user_00310,2024-02-22,True,False,False,False,True
user_00311,2024-01-26,True,False,False,False,True
user_00312,2024-02-15,True,True,False,False,True
user_00313,2024-02-20,True,False,False,False,True
user_00314,2024-01-29,True,True,True,False,True
user_00315,2024-02-08,True,False,False,False,True
user_00316,2024-02-24,True,False,False,False,True
user_00317,2024-01-05,True,True,False,False,True
user_00318,2024-01-19,True,True,True,False,True
user_00319,2024-02-03,True,True,True,True,False
user_00320,2024-01-01,True,False,False,False,True
user_00321,2024-02-11,True,True,True,True,False
user_00322,2024-02-20,True,True,True,True,False
user_00323,2024-02-28,False,False,False,False,True
user_00324,2024-01-17,False,False,False,False,True
user_00325,2024-02-24,True,True,False,False,True
user_00326,2024-01-19,True,False,False,False,True
user_00327,2024-01-23,True,False,False,False,True
user_00328,2024-01-08,True,True,True,False,True
user_00329,2024-02-14,True,True,False,False,True
user_00330,2024-01-17,True,True,False,False,True
user_00331,2024-01-14,True,False,False,False,True
user_00332,2024-02-20,False,False,False,False,True
user_00333,2024-02-19,True,False,False,False,True
user_00334,2024-01-31,False,False,False,False,True
user_00335,2024-02-08,True,True,False,False,True
user_00336,2024-01-14,True,True,True,True,False
user_00337,2024-02-06,True,True,True,False,True
user_00338,2024-02-25,True,False,False,False,True
user_00339,2024-01-25,True,True,True,False,True
user_00340,2024-01-02,True,False,False,False,True
user_00341,2024-01-30,True,True,True,False,True
user_00342,2024-02-28,False,False,False,False,True
user_00343,2024-02-21,True,True,True,False,True
user_00344,2024-01-16,False,False,False,False,True
user_00345,2024-02-16,True,True,True,False,True
user_00346,2024-01-01,True,True,True,True,False
user_00347,2024-01-04,True,True,True,False,True
user_00348,2024-01-15,True,True,False,False,True
user_00349,2024-01-12,False,False,False,False,True
user_00350,2024-02-06,True,True,True,False,True
user_00351,2024-02-15,True,False,False,False,True
user_00352,2024-02-03,True,False,False,False,True
user_00353,2024-02-28,True,False,False,False,True
user_00354,2024-02-23,True,True,True,True,False
user_00355,2024-01-26,True,False,False,False,True
user_00356,2024-02-25,True,True,False,False,True
user_00357,2024-02-18,True,True,False,False,True
user_00358,2024-02-28,True,False,False,False,True
user_00359,2024-01-17,True,False,False,False,True
user_00360,2024-02-07,True,False,False,False,True
user_00361,2024-01-25,True,True,True,False,True
user_00362,2024-01-03,True,True,True,False,True
user_00363,2024-02-11,False,False,False,False,True
user_00364,2024-02-09,False,False,False,False,True
user_00365,2024-01-11,True,True,True,True,False
user_00366,2024-01-05,True,True,False,False,True
user_00367,2024-02-17,True,True,False,False,True
user_00368,2024-02-09,False,False,False,False,True
user_00369,2024-01-29,False,False,False,False,True
user_00370,2024-01-03,True,False,False,False,True
user_00371,2024-01-27,False,False,False,False,True
user_00372,2024-02-02,False,False,False,False,True
user_00373,2024-01-19,False,False,False,False,True
user_00374,2024-01-28,False,False,False,False,True
user_00375,2024-02-28,True,True,True,False,True
user_00376,2024-02-05,True,False,False,False,True
user_00377,2024-01-07,False,False,False,False,True
user_00378,2024-02-14,False,False,False,False,True
user_00379,2024-02-20,False,False,False,False,True
user_00380,2024-02-11,True,True,False,False,True
user_00381,2024-01-31,True,True,False,False,True
user_00382,2024-01-12,True,True,False,False,True
user_00383,2024-02-18,True,True,True,True,False
user_00384,2024-02-14,True,True,False,False,True
user_00385,2024-01-10,True,False,False,False,True
user_00386,2024-01-28,True,False,False,False,True
user_00387,2024-01-29,True,True,False,False,True
user_00388,2024-01-04,True,False,False,False,True
user_00389,2024-01-22,True,True,True,True,False
user_00390,2024-01-18,False,False,False,False,True
user_00391,2024-02-16,False,False,False,False,True
user_00392,2024-02-05,True,True,True,True,False
user_00393,2024-02-02,True,True,False,False,True
user_00394,2024-02-27,True,True,True,False,True
user_00395,2024-02-04,True,True,False,False,True
user_00396,2024-01-29,True,False,False,False,True
user_00397,2024-02-16,True,False,False,False,True
user_00398,2024-01-27,False,False,False,False,True
user_00399,2024-02-13,True,False,False,False,True
user_00400,2024-02-16,True,False,False,False,True
user_00401,2024-01-06,True,True,True,True,False
user_00402,2024-02-07,True,True,True,False,True
user_00403,2024-01-12,True,True,False,False,True
user_00404,2024-02-29,True,False,False,False,True
user_00405,2024-02-22,True,True,False,False,True
user_00406,2024-01-07,True,True,True,False,True
user_00407,2024-01-03,True,True,True,False,True
user_00408,2024-02-13,True,True,True,True,False
user_00409,2024-01-22,True,True,False,False,True
user_00410,2024-01-11,False,False,False,False,True
user_00411,2024-01-17,True,True,True,False,True
user_00412,2024-01-31,True,False,False,False,True
user_00413,2024-01-25,False,False,False,False,True
user_00414,2024-02-07,False,False,False,False,True
user_00415,2024-01-11,True,True,True,False,True
user_00416,2024-02-01,True,True,True,True,False
user_00417,2024-02-09,True,True,False,False,True
user_00418,2024-02-02,False,False,False,False,True
user_00419,2024-01-30,True,True,True,True,False
user_00420,2024-02-08,True,False,False,False,True
user_00421,2024-01-15,True,True,True,False,True
user_00422,2024-01-03,False,False,False,False,True
user_00423,2024-01-09,False,False,False,False,True
user_00424,2024-02-08,True,True,False,False,True
user_00425,2024-01-08,True,False,False,False,True
user_00426,2024-02-16,False,False,False,False,True
user_00427,2024-01-07,True,True,False,False,True
user_00428,2024-01-22,True,False,False,False,True
user_00429,2024-02-10,True,True,False,False,True
user_00430,2024-01-12,True,True,False,False,True
user_00431,2024-02-27,True,True,False,False,True
user_00432,2024-01-29,True,False,False,False,True
user_00433,2024-02-20,True,True,False,False,True
user_00434,2024-02-06,False,False,False,False,True
user_00435,2024-02-10,True,True,True,True,False
user_00436,2024-02-23,True,True,True,False,True
user_00437,2024-01-31,True,False,False,False,True
user_00438,2024-02-06,True,True,False,False,True
user_00439,2024-01-24,True,True,False,False,True
user_00440,2024-02-27,True,True,False,False,True
user_00441,2024-02-03,True,False,False,False,True
user_00442,2024-02-20,True,False,False,False,True
user_00443,2024-01-12,True,True,False,False,True
user_00444,2024-02-02,True,False,False,False,True
user_00445,2024-02-17,True,False,False,False,True
user_00446,2024-01-14,False,False,False,False,True
user_00447,2024-02-24,True,True,True,True,False
user_00448,2024-02-16,True,True,False,False,True
user_00449,2024-02-08,True,True,False,False,True
user_00450,2024-01-02,False,False,False,False,True
user_00451,2024-01-05,True,False,False,False,True
user_00452,2024-02-25,True,True,True,False,True
user_00453,2024-02-23,True,True,True,False,True
user_00454,2024-01-01,True,True,False,False,True
user_00455,2024-02-26,True,True,True,False,True
user_00456,2024-02-06,True,False,False,False,True
user_00457,2024-02-25,False,False,False,False,True
user_00458,2024-01-28,False,False,False,False,True
user_00459,2024-01-06,True,True,True,True,False
user_00460,2024-02-06,False,False,False,False,True
user_00461,2024-01-29,True,True,True,True,False
user_00462,2024-02-02,True,True,True,False,True
user_00463,2024-01-24,True,True,True,False,True
user_00464,2024-02-08,True,True,True,False,True
user_00465,2024-01-20,True,True,True,False,True
user_00466,2024-02-29,True,False,False,False,True
user_00467,2024-01-01,True,True,True,False,True
user_00468,2024-02-16,True,False,False,False,True
user_00469,2024-01-26,True,True,True,False,True
user_00470,2024-02-16,True,True,False,False,True
user_00471,2024-02-15,False,False,False,False,True
user_00472,2024-01-01,True,False,False,False,True
user_00473,2024-02-22,True,True,True,True,False
user_00474,2024-01-06,True,False,False,False,True
user_00475,2024-01-25,False,False,False,False,True
user_00476,2024-01-09,True,True,True,False,True
user_00477,2024-02-07,True,False,False,False,True
user_00478,2024-01-06,False,False,False,False,True
user_00479,2024-01-13,True,True,False,False,True
user_00480,2024-01-24,True,False,False,False,True
user_00481,2024-01-21,True,True,True,False,True
user_00482,2024-02-29,True,True,False,False,True
user_00483,2024-02-04,True,True,False,False,True
user_00484,2024-02-15,True,False,False,False,True
user_00485,2024-01-09,True,False,False,False,True
user_00486,2024-02-17,False,False,False,False,True
user_00487,2024-01-28,True,True,True,True,False
user_00488,2024-02-06,True,True,True,False,True
user_00489,2024-02-15,True,False,False,False,True
user_00490,2024-02-14,False,False,False,False,True
user_00491,2024-02-12,True,False,False,False,True
user_00492,2024-02-29,False,False,False,False,True
user_00493,2024-02-05,False,False,False,False,True
user_00494,2024-01-15,True,True,True,True,False
user_00495,2024-01-04,True,True,True,False,True
user_00496,2024-02-04,True,True,False,False,True
user_00497,2024-01-02,True,True,True,True,False
user_00498,2024-01-31,False,False,False,False,True
user_00499,2024-02-08,True,False,False,False,True
user_00500,2024-02-25,True,True,False,False,True
user_00501,2024-01-20,True,False,False,False,True
user_00502,2024-01-01,True,True,True,True,False
user_00503,2024-01-22,False,False,False,False,True
user_00504,2024-01-22,True,False,False,False,True
user_00505,2024-01-15,True,True,False,False,True
user_00506,2024-01-08,True,True,True,True,False
user_00507,2024-01-24,False,False,False,False,True
user_00508,2024-02-29,True,False,False,False,True
user_00509,2024-01-19,True,True,False,False,True
user_00510,2024-02-16,True,False,False,False,True
user_00511,2024-02-02,True,True,True,False,True
user_00512,2024-01-28,True,False,False,False,True
user_00513,2024-01-09,True,True,True,False,True
user_00514,2024-02-04,True,False,False,False,True
user_00515,2024-02-11,True,False,False,False,True
user_00516,2024-02-18,True,True,False,False,True
user_00517,2024-01-04,True,True,True,True,False
user_00518,2024-02-09,True,True,True,True,False
user_00519,2024-01-06,True,True,False,False,True
user_00520,2024-01-02,True,True,False,False,True
user_00521,2024-01-08,False,False,False,False,True
user_00522,2024-02-19,True,True,True,True,False
user_00523,2024-01-02,False,False,False,False,True
user_00524,2024-01-02,True,False,False,False,True
user_00525,2024-01-23,True,True,False,False,True
user_00526,2024-02-05,False,False,False,False,True
user_00527,2024-01-29,True,True,False,False,True
user_00528,2024-01-30,True,False,False,False,True
user_00529,2024-01-17,True,False,False,False,True
user_00530,2024-01-03,False,False,False,False,True
user_00531,2024-02-14,True,False,False,False,True
user_00532,2024-02-23,False,False,False,False,True
user_00533,2024-02-09,True,True,False,False,True
user_00534,2024-01-20,True,True,False,False,True
user_00535,2024-02-02,True,True,True,True,False
user_00536,2024-02-05,True,True,True,True,False
user_00537,2024-01-27,True,True,False,False,True
user_00538,2024-01-23,False,False,False,False,True
user_00539,2024-01-18,True,False,False,False,True
user_00540,2024-02-12,True,True,True,False,True
user_00541,2024-02-18,True,False,False,False,True
user_00542,2024-02-04,True,True,False,False,True
user_00543,2024-01-03,True,True,True,False,True
user_00544,2024-01-02,True,True,False,False,True
user_00545,2024-01-18,True,False,False,False,True
user_00546,2024-01-25,True,True,False,False,True
user_00547,2024-01-01,True,False,False,False,True
user_00548,2024-02-21,True,True,True,True,False
user_00549,2024-01-08,True,True,True,True,False
user_00550,2024-01-12,False,False,False,False,True
user_00551,2024-02-01,True,False,False,False,True
user_00552,2024-01-20,True,True,False,False,True
user_00553,2024-01-29,True,False,False,False,True
user_00554,2024-01-23,True,True,False,False,True
user_00555,2024-01-10,True,True,False,False,True
user_00556,2024-01-31,True,False,False,False,True
user_00557,2024-01-19,True,True,False,False,True
user_00558,2024-02-15,True,False,False,False,True
user_00559,2024-02-29,True,False,False,False,True
user_00560,2024-02-09,False,False,False,False,True
user_00561,2024-02-08,True,True,False,False,True
user_00562,2024-02-07,True,True,False,False,True
user_00563,2024-02-04,True,True,False,False,True
user_00564,2024-02-06,True,False,False,False,True
user_00565,2024-02-24,True,True,True,True,False
user_00566,2024-01-10,True,True,False,False,True
user_00567,2024-01-13,True,True,False,False,True
user_00568,2024-01-18,True,True,True,True,False
user_00569,2024-01-11,True,False,False,False,True
user_00570,2024-02-24,True,True,False,False,True
user_00571,2024-02-17,True,True,True,True,False
user_00572,2024-02-07,True,False,False,False,True
user_00573,2024-02-18,False,False,False,False,True
user_00574,2024-01-17,True,False,False,False,True
user_00575,2024-01-02,True,True,False,False,True
user_00576,2024-02-27,True,False,False,False,True
user_00577,2024-01-28,True,False,False,False,True
user_00578,2024-02-28,True,True,False,False,True
user_00579,2024-01-23,True,True,False,False,True
user_00580,2024-01-01,True,True,True,False,True
user_00581,2024-01-01,True,True,True,False,True
user_00582,2024-01-21,True,True,False,False,True
user_00583,2024-02-21,True,False,False,False,True
user_00584,2024-01-28,True,True,False,False,True
user_00585,2024-02-23,True,True,True,True,False
user_00586,2024-01-28,False,False,False,False,True
user_00587,2024-01-08,True,False,False,False,True
user_00588,2024-01-02,True,True,True,True,False
user_00589,2024-02-10,True,True,True,False,True
user_00590,2024-01-21,True,True,True,False,True
user_00591,2024-02-01,True,False,False,False,True
user_00592,2024-02-29,True,True,True,False,True
user_00593,2024-01-09,True,True,True,False,True
user_00594,2024-01-22,True,False,False,False,True
user_00595,2024-02-13,True,False,False,False,True
user_00596,2024-02-25,False,False,False,False,True
user_00597,2024-02-27,False,False,False,False,True
user_00598,2024-02-24,False,False,False,False,True
user_00599,2024-01-12,False,False,False,False,True
user_00600,2024-01-18,True,True,False,False,True
user_00601,2024-02-15,True,False,False,False,True
user_00602,2024-02-13,True,True,False,False,True
user_00603,2024-01-25,False,False,False,False,True
user_00604,2024-01-29,True,True,False,False,True
user_00605,2024-02-21,False,False,False,False,True
user_00606,2024-01-31,True,True,True,False,True
user_00607,2024-02-06,True,True,True,False,True
user_00608,2024-01-29,True,True,False,False,True
user_00609,2024-02-06,True,True,True,True,False
user_00610,2024-01-05,False,False,False,False,True
user_00611,2024-01-04,True,True,False,False,True
user_00612,2024-02-12,True,False,False,False,True
user_00613,2024-02-15,True,True,True,False,True
user_00614,2024-02-21,True,False,False,False,True
user_00615,2024-02-27,True,False,False,False,True
user_00616,2024-01-14,True,False,False,False,True
user_00617,2024-01-20,True,True,True,False,True
user_00618,2024-02-06,True,True,False,False,True
user_00619,2024-01-10,False,False,False,False,True
user_00620,2024-02-04,True,False,False,False,True
user_00621,2024-02-23,True,True,False,False,True
user_00622,2024-01-04,True,True,True,False,True
user_00623,2024-01-29,True,True,False,False,True
user_00624,2024-02-24,True,True,True,False,True
user_00625,2024-01-19,True,False,False,False,True
user_00626,2024-02-18,True,True,False,False,True
user_00627,2024-01-12,True,False,False,False,True
user_00628,2024-01-31,False,False,False,False,True
user_00629,2024-01-19,True,True,True,False,True
user_00630,2024-01-18,True,True,False,False,True
user_00631,2024-02-16,False,False,False,False,True
user_00632,2024-02-29,True,True,False,False,True
user_00633,2024-01-20,True,True,True,False,True
user_00634,2024-01-11,True,False,False,False,True
user_00635,2024-01-05,True,True,True,True,False
user_00636,2024-02-18,True,True,False,False,True
user_00637,2024-02-28,True,False,False,False,True
user_00638,2024-02-11,False,False,False,False,True
user_00639,2024-01-26,False,False,False,False,True
user_00640,2024-01-29,True,True,True,False,True
user_00641,2024-02-05,True,True,False,False,True
user_00642,2024-02-19,False,False,False,False,True
user_00643,2024-01-24,True,False,False,False,True
user_00644,2024-02-23,True,True,True,False,True
user_00645,2024-01-25,False,False,False,False,True
user_00646,2024-01-30,True,True,True,True,False
user_00647,2024-02-24,False,False,False,False,True
user_00648,2024-02-25,False,False,False,False,True
user_00649,2024-01-16,True,True,False,False,True
user_00650,2024-02-13,True,False,False,False,True
user_00651,2024-02-12,True,False,False,False,True
user_00652,2024-02-26,True,True,False,False,True
user_00653,2024-01-06,False,False,False,False,True
user_00654,2024-01-18,True,True,True,False,True
user_00655,2024-01-21,True,True,True,False,True
user_00656,2024-02-27,False,False,False,False,True
user_00657,2024-01-05,True,True,False,False,True
user_00658,2024-01-19,True,False,False,False,True
user_00659,2024-01-12,True,True,True,True,False
user_00660,2024-02-11,True,False,False,False,True
user_00661,2024-02-02,True,True,False,False,True
user_00662,2024-02-27,True,False,False,False,True
user_00663,2024-02-18,True,True,True,False,True
user_00664,2024-01-21,True,False,False,False,True
user_00665,2024-02-26,True,True,True,False,True
user_00666,2024-01-22,True,False,False,False,True
user_00667,2024-02-07,False,False,False,False,True
user_00668,2024-01-10,False,False,False,False,True
user_00669,2024-02-20,True,True,True,True,False
user_00670,2024-01-04,True,True,True,False,True
user_00671,2024-01-22,True,True,False,False,True
user_00672,2024-02-09,False,False,False,False,True
user_00673,2024-01-26,True,True,True,True,False
user_00674,2024-02-13,True,True,True,False,True
user_00675,2024-01-25,True,True,True,True,False
user_00676,2024-01-12,True,True,False,False,True
user_00677,2024-02-05,True,True,False,False,True
user_00678,2024-01-15,False,False,False,False,True
user_00679,2024-02-09,True,True,False,False,True
user_00680,2024-01-02,True,False,False,False,True
user_00681,2024-01-03,False,False,False,False,True
user_00682,2024-02-12,False,False,False,False,True
user_00683,2024-02-02,True,True,True,False,True
user_00684,2024-02-17,True,True,False,False,True
user_00685,2024-02-23,False,False,False,False,True
user_00686,2024-01-09,False,False,False,False,True
user_00687,2024-02-15,True,False,False,False,True
user_00688,2024-02-14,False,False,False,False,True
user_00689,2024-01-21,True,True,False,False,True
user_00690,2024-02-27,True,True,True,False,True
user_00691,2024-02-02,True,False,False,False,True
user_00692,2024-01-26,True,False,False,False,True
user_00693,2024-01-28,False,False,False,False,True
user_00694,2024-02-21,False,False,False,False,True
user_00695,2024-01-06,True,True,True,False,True
user_00696,2024-02-13,True,True,False,False,True
user_00697,2024-01-12,True,True,False,False,True
user_00698,2024-02-25,True,False,False,False,True
user_00699,2024-02-04,True,True,True,False,True
user_00700,2024-02-26,True,True,False,False,True
user_00701,2024-02-13,True,False,False,False,True
user_00702,2024-02-04,True,False,False,False,True
user_00703,2024-02-03,True,False,False,False,True
user_00704,2024-01-28,True,True,False,False,True
user_00705,2024-01-01,False,False,False,False,True
user_00706,2024-01-23,True,True,False,False,True
user_00707,2024-02-16,True,True,True,True,False
user_00708,2024-02-15,True,False,False,False,True
user_00709,2024-01-17,True,False,False,False,True
user_00710,2024-01-13,False,False,False,False,True
user_00711,2024-02-20,False,False,False,False,True
user_00712,2024-02-28,True,True,True,True,False
user_00713,2024-01-14,False,False,False,False,True
user_00714,2024-01-08,True,True,False,False,True
user_00715,2024-02-28,True,True,False,False,True
user_00716,2024-01-26,False,False,False,False,True
user_00717,2024-01-22,False,False,False,False,True
user_00718,2024-01-19,False,False,False,False,True
user_00719,2024-01-03,True,False,False,False,True
user_00720,2024-01-20,False,False,False,False,True
user_00721,2024-01-14,True,True,False,False,True
user_00722,2024-02-29,True,True,True,True,False
user_00723,2024-02-05,True,True,True,False,True
user_00724,2024-01-25,False,False,False,False,True
user_00725,2024-02-22,True,True,False,False,True
user_00726,2024-01-04,True,False,False,False,True
user_00727,2024-01-02,True,True,False,False,True
user_00728,2024-02-24,True,False,False,False,True
user_00729,2024-02-17,True,True,False,False,True
user_00730,2024-02-19,True,False,False,False,True
user_00731,2024-02-17,False,False,False,False,True
user_00732,2024-01-03,True,False,False,False,True
user_00733,2024-01-09,False,False,False,False,True
user_00734,2024-01-04,False,False,False,False,True
user_00735,2024-02-03,False,False,False,False,True
user_00736,2024-01-01,True,False,False,False,True
user_00737,2024-02-09,True,True,False,False,True
user_00738,2024-02-10,True,True,True,False,True
user_00739,2024-02-07,True,False,False,False,True
user_00740,2024-01-04,True,True,True,False,True
user_00741,2024-01-03,True,False,False,False,True
user_00742,2024-02-03,True,False,False,False,True
user_00743,2024-01-08,True,True,True,True,False
user_00744,2024-01-12,True,False,False,False,True
user_00745,2024-01-19,True,False,False,False,True
user_00746,2024-01-29,True,False,False,False,True
user_00747,2024-01-14,True,True,True,False,True
user_00748,2024-02-07,False,False,False,False,True
user_00749,2024-02-18,True,True,True,True,False
user_00750,2024-01-21,True,True,True,True,False
user_00751,2024-02-10,True,True,False,False,True
user_00752,2024-01-24,True,False,False,False,True
user_00753,2024-02-24,False,False,False,False,True
user_00754,2024-01-13,True,True,True,False,True
user_00755,2024-02-14,True,True,True,False,True
user_00756,2024-02-22,True,False,False,False,True
user_00757,2024-02-02,False,False,False,False,True
user_00758,2024-02-08,False,False,False,False,True
user_00759,2024-01-05,True,False,False,False,True
user_00760,2024-01-23,True,False,False,False,True
user_00761,2024-02-18,True,False,False,False,True
user_00762,2024-01-02,True,False,False,False,True
user_00763,2024-02-05,True,True,True,False,True
user_00764,2024-02-02,True,True,False,False,True
user_00765,2024-01-02,True,False,False,False,True
user_00766,2024-01-02,False,False,False,False,True
user_00767,2024-01-13,True,False,False,False,True
user_00768,2024-02-23,True,True,True,False,True
user_00769,2024-02-22,False,False,False,False,True
user_00770,2024-02-07,False,False,False,False,True
user_00771,2024-01-30,True,True,True,True,False
user_00772,2024-01-01,True,True,False,False,True
user_00773,2024-02-18,True,True,False,False,True
user_00774,2024-02-07,False,False,False,False,True
user_00775,2024-02-23,False,False,False,False,True
user_00776,2024-02-05,True,True,True,False,True
user_00777,2024-02-29,True,True,True,False,True
user_00778,2024-02-10,True,True,False,False,True
user_00779,2024-02-27,True,True,True,False,True
user_00780,2024-02-03,True,True,True,False,True
user_00781,2024-01-01,False,False,False,False,True
user_00782,2024-01-19,True,False,False,False,True
user_00783,2024-01-28,True,True,False,False,True
user_00784,2024-01-11,True,False,False,False,True
user_00785,2024-01-05,True,False,False,False,True
user_00786,2024-02-25,False,False,False,False,True
user_00787,2024-01-01,True,True,False,False,True
user_00788,2024-01-30,True,True,False,False,True
user_00789,2024-01-04,True,True,False,False,True
user_00790,2024-01-27,True,True,False,False,True
user_00791,2024-01-15,True,True,False,False,True
user_00792,2024-02-06,False,False,False,False,True
user_00793,2024-02-06,True,True,False,False,True
user_00794,2024-01-09,False,False,False,False,True
user_00795,2024-01-13,True,True,True,False,True
user_00796,2024-01-22,True,True,False,False,True
user_00797,2024-02-03,True,True,False,False,True
user_00798,2024-01-03,True,True,True,True,False
user_00799,2024-02-15,True,True,False,False,True
user_00800,2024-01-04,True,True,True,False,True
user_00801,2024-02-16,False,False,False,False,True
user_00802,2024-02-05,True,False,False,False,True
user_00803,2024-02-29,True,True,False,False,True
user_00804,2024-01-19,True,True,True,False,True
user_00805,2024-02-05,False,False,False,False,True
user_00806,2024-01-27,False,False,False,False,True
user_00807,2024-01-11,True,True,True,False,True
user_00808,2024-02-08,True,False,False,False,True
user_00809,2024-01-20,True,True,False,False,True
user_00810,2024-02-20,True,False,False,False,True
user_00811,2024-02-13,True,True,True,False,True
user_00812,2024-01-11,True,False,False,False,True
user_00813,2024-01-15,True,False,False,False,True
user_00814,2024-02-20,True,False,False,False,True
user_00815,2024-01-14,True,True,False,False,True
user_00816,2024-02-16,True,False,False,False,True
user_00817,2024-02-17,False,False,False,False,True
user_00818,2024-01-08,False,False,False,False,True
user_00819,2024-01-17,True,True,True,True,False
user_00820,2024-01-03,True,True,False,False,True
user_00821,2024-01-31,True,False,False,False,True
user_00822,2024-01-22,True,False,False,False,True
user_00823,2024-02-23,True,False,False,False,True
user_00824,2024-01-21,True,False,False,False,True
user_00825,2024-01-24,True,True,False,False,True
user_00826,2024-02-04,False,False,False,False,True
user_00827,2024-01-08,False,False,False,False,True
user_00828,2024-02-09,True,True,False,False,True
user_00829,2024-01-25,True,True,True,False,True
user_00830,2024-02-29,True,False,False,False,True
user_00831,2024-02-05,True,True,True,False,True
user_00832,2024-01-14,True,True,True,True,False
user_00833,2024-01-03,True,True,False,False,True
user_00834,2024-02-14,False,False,False,False,True
user_00835,2024-02-28,False,False,False,False,True
user_00836,2024-01-02,True,True,False,False,True
user_00837,2024-01-16,True,True,False,False,True
user_00838,2024-02-25,True,True,True,False,True
user_00839,2024-01-14,True,True,True,False,True
user_00840,2024-02-08,True,False,False,False,True
user_00841,2024-02-22,True,True,True,False,True
user_00842,2024-01-31,False,False,False,False,True
user_00843,2024-01-23,False,False,False,False,True
user_00844,2024-01-10,True,False,False,False,True
user_00845,2024-02-21,True,True,True,True,False
user_00846,2024-02-22,False,False,False,False,True
user_00847,2024-01-22,True,True,False,False,True
user_00848,2024-01-08,True,True,True,True,False
user_00849,2024-02-03,True,True,True,True,False
user_00850,2024-02-18,True,True,True,False,True
user_00851,2024-01-23,True,True,True,False,True
user_00852,2024-01-29,False,False,False,False,True
user_00853,2024-02-26,True,True,False,False,True
user_00854,2024-02-13,True,False,False,False,True
user_00855,2024-02-20,True,False,False,False,True
user_00856,2024-02-17,False,False,False,False,True
user_00857,2024-02-20,True,False,False,False,True
user_00858,2024-01-26,True,False,False,False,True
user_00859,2024-01-25,True,True,True,False,True
user_00860,2024-01-13,True,True,True,False,True
user_00861,2024-01-25,True,True,False,False,True
user_00862,2024-01-12,False,False,False,False,True
user_00863,2024-01-17,True,False,False,False,True
user_00864,2024-01-28,False,False,False,False,True
user_00865,2024-02-04,True,True,True,True,False
user_00866,2024-02-29,False,False,False,False,True
user_00867,2024-01-13,True,False,False,False,True
user_00868,2024-01-31,True,True,False,False,True
user_00869,2024-02-23,False,False,False,False,True
user_00870,2024-02-02,True,False,False,False,True
user_00871,2024-02-14,True,True,False,False,True
user_00872,2024-01-18,True,False,False,False,True
user_00873,2024-02-13,True,False,False,False,True
user_00874,2024-02-23,True,True,True,False,True
user_00875,2024-02-18,True,True,True,False,True
user_00876,2024-02-15,True,False,False,False,True
user_00877,2024-01-02,True,True,True,False,True
user_00878,2024-02-16,True,False,False,False,True
user_00879,2024-02-21,True,True,False,False,True
user_00880,2024-02-29,True,False,False,False,True
user_00881,2024-02-24,True,False,False,False,True
user_00882,2024-02-09,True,False,False,False,True
user_00883,2024-02-23,True,False,False,False,True
user_00884,2024-01-30,True,True,True,True,False
user_00885,2024-01-25,True,True,True,True,False
user_00886,2024-01-16,True,False,False,False,True
user_00887,2024-01-13,False,False,False,False,True
user_00888,2024-02-16,True,True,False,False,True
user_00889,2024-01-23,True,True,True,True,False
user_00890,2024-01-03,True,False,False,False,True
user_00891,2024-02-03,True,False,False,False,True
user_00892,2024-01-23,True,True,False,False,True
user_00893,2024-02-24,True,False,False,False,True
user_00894,2024-02-19,True,True,False,False,True
user_00895,2024-01-17,True,True,True,False,True
user_00896,2024-01-10,True,True,False,False,True
user_00897,2024-01-08,True,True,False,False,True
user_00898,2024-02-12,False,False,False,False,True
user_00899,2024-02-16,False,False,False,False,True
user_00900,2024-01-24,True,True,True,False,True
user_00901,2024-01-26,True,True,False,False,True
user_00902,2024-01-11,True,True,True,False,True
user_00903,2024-02-01,True,False,False,False,True
user_00904,2024-01-05,True,False,False,False,True
user_00905,2024-01-18,True,True,True,False,True
user_00906,2024-01-06,True,True,True,False,True
user_00907,2024-02-17,False,False,False,False,True
user_00908,2024-02-19,False,False,False,False,True
user_00909,2024-01-28,True,True,False,False,True
user_00910,2024-02-29,False,False,False,False,True
user_00911,2024-02-28,False,False,False,False,True
user_00912,2024-02-26,True,True,False,False,True
user_00913,2024-01-23,True,False,False,False,True
user_00914,2024-01-26,True,False,False,False,True
user_00915,2024-01-29,False,False,False,False,True
user_00916,2024-02-03,True,True,False,False,True
user_00917,2024-02-03,True,True,True,False,True
user_00918,2024-02-16,True,True,False,False,True
user_00919,2024-01-20,True,False,False,False,True
user_00920,2024-01-22,True,False,False,False,True
user_00921,2024-02-05,True,False,False,False,True
user_00922,2024-02-11,False,False,False,False,True
user_00923,2024-01-21,True,True,False,False,True
user_00924,2024-01-08,False,False,False,False,True
user_00925,2024-01-22,True,True,True,False,True
user_00926,2024-01-10,False,False,False,False,True
user_00927,2024-02-23,True,False,False,False,True
user_00928,2024-02-20,True,True,True,False,True
user_00929,2024-01-20,True,False,False,False,True
user_00930,2024-02-18,True,True,False,False,True
user_00931,2024-02-14,True,True,True,False,True
user_00932,2024-02-19,False,False,False,False,True
user_00933,2024-01-26,False,False,False,False,True
user_00934,2024-02-21,True,False,False,False,True
user_00935,2024-02-10,True,True,True,False,True
user_00936,2024-02-14,True,True,False,False,True
user_00937,2024-02-25,True,True,False,False,True
user_00938,2024-01-19,True,True,False,False,True
user_00939,2024-01-26,False,False,False,False,True
user_00940,2024-01-21,True,False,False,False,True
user_00941,2024-01-20,True,True,False,False,True
user_00942,2024-02-10,True,True,True,False,True
user_00943,2024-01-27,True,False,False,False,True
user_00944,2024-02-06,True,True,False,False,True
user_00945,2024-02-05,True,False,False,False,True
user_00946,2024-02-11,False,False,False,False,True
user_00947,2024-02-03,False,False,False,False,True
user_00948,2024-01-23,True,True,False,False,True
user_00949,2024-01-31,True,False,False,False,True
user_00950,2024-02-26,True,True,True,False,True
user_00951,2024-02-09,True,True,True,True,False
user_00952,2024-02-20,True,True,True,False,True
user_00953,2024-02-05,True,False,False,False,True
user_00954,2024-01-23,True,False,False,False,True
user_00955,2024-02-06,True,False,False,False,True
user_00956,2024-01-14,True,True,False,False,True
user_00957,2024-02-05,False,False,False,False,True
user_00958,2024-02-25,True,True,True,True,False
user_00959,2024-02-24,True,False,False,False,True
user_00960,2024-02-28,True,True,True,False,True
user_00961,2024-01-22,True,False,False,False,True
user_00962,2024-02-21,True,True,False,False,True
user_00963,2024-02-18,True,True,True,False,True
user_00964,2024-01-24,True,True,True,False,True
user_00965,2024-02-16,True,False,False,False,True
user_00966,2024-02-26,True,False,False,False,True
user_00967,2024-01-29,True,True,False,False,True
user_00968,2024-02-22,False,False,False,False,True
user_00969,2024-02-18,True,True,False,False,True
user_00970,2024-01-01,True,True,False,False,True
user_00971,2024-02-01,True,True,True,False,True
user_00972,2024-02-09,True,False,False,False,True
user_00973,2024-02-03,True,True,False,False,True
user_00974,2024-01-19,True,True,False,False,True
user_00975,2024-02-22,True,False,False,False,True
user_00976,2024-01-06,True,False,False,False,True
user_00977,2024-02-04,False,False,False,False,True
user_00978,2024-01-16,True,False,False,False,True
user_00979,2024-01-20,True,False,False,False,True
user_00980,2024-01-02,False,False,False,False,True
user_00981,2024-02-20,True,True,True,False,True
user_00982,2024-02-19,False,False,False,False,True
user_00983,2024-01-19,True,True,True,True,False
user_00984,2024-01-12,True,True,True,False,True
user_00985,2024-02-02,True,False,False,False,True
user_00986,2024-01-05,True,False,False,False,True
user_00987,2024-02-19,True,False,False,False,True
user_00988,2024-01-05,True,True,True,False,True
user_00989,2024-01-20,True,False,False,False,True
user_00990,2024-01-14,True,False,False,False,True
user_00991,2024-01-29,True,True,True,False,True
user_00992,2024-02-26,True,True,False,False,True
user_00993,2024-01-02,False,False,False,False,True
user_00994,2024-01-05,False,False,False,False,True
user_00995,2024-02-10,True,False,False,False,True
user_00996,2024-02-10,True,True,True,False,True
user_00997,2024-02-03,True,True,True,False,True
user_00998,2024-01-22,True,True,True,False,True
user_00999,2024-01-20,True,True,False,False,True
user_01000,2024-01-20,True,True,False,False,True
user_01001,2024-01-22,False,False,False,False,True
user_01002,2024-01-15,True,True,False,False,True
user_01003,2024-01-06,True,True,False,False,True
user_01004,2024-01-29,True,True,True,False,True
user_01005,2024-02-28,True,False,False,False,True
user_01006,2024-02-28,True,False,False,False,True
user_01007,2024-01-30,True,True,True,False,True
user_01008,2024-02-18,True,False,False,False,True
user_01009,2024-01-10,True,False,False,False,True
user_01010,2024-02-11,True,True,False,False,True
user_01011,2024-01-10,True,True,True,False,True
user_01012,2024-01-25,True,True,True,False,True
user_01013,2024-01-26,False,False,False,False,True
user_01014,2024-01-28,True,False,False,False,True
user_01015,2024-02-11,True,True,False,False,True
user_01016,2024-02-22,False,False,False,False,True
user_01017,2024-02-01,False,False,False,False,True
user_01018,2024-02-02,True,True,True,True,False
user_01019,2024-02-19,True,False,False,False,True
user_01020,2024-01-11,True,True,True,False,True
user_01021,2024-01-19,True,True,False,False,True
user_01022,2024-01-03,True,False,False,False,True
user_01023,2024-02-25,False,False,False,False,True
user_01024,2024-01-08,True,True,False,False,True
user_01025,2024-01-06,True,True,False,False,True
user_01026,2024-02-02,False,False,False,False,True
user_01027,2024-01-09,True,False,False,False,True
user_01028,2024-01-02,True,True,False,False,True
user_01029,2024-02-27,True,True,True,False,True
user_01030,2024-01-18,False,False,False,False,True
user_01031,2024-01-22,True,True,True,False,True
user_01032,2024-01-07,True,True,False,False,True
user_01033,2024-01-15,True,False,False,False,True
user_01034,2024-02-07,True,True,True,True,False
user_01035,2024-01-05,True,False,False,False,True
user_01036,2024-02-19,False,False,False,False,True
user_01037,2024-02-14,False,False,False,False,True
user_01038,2024-01-19,True,True,True,True,False
user_01039,2024-02-25,True,True,False,False,True
user_01040,2024-02-27,False,False,False,False,True
user_01041,2024-01-25,False,False,False,False,True
user_01042,2024-02-15,False,False,False,False,True
user_01043,2024-02-01,True,False,False,False,True
user_01044,2024-02-18,True,False,False,False,True
user_01045,2024-02-02,True,False,False,False,True
user_01046,2024-01-06,True,True,True,False,True
user_01047,2024-02-11,False,False,False,False,True
user_01048,2024-01-12,False,False,False,False,True
user_01049,2024-01-03,True,True,True,False,True
user_01050,2024-01-23,True,False,False,False,True
user_01051,2024-02-16,True,True,False,False,True
user_01052,2024-01-21,True,False,False,False,True
user_01053,2024-01-18,True,True,True,False,True
user_01054,2024-02-01,False,False,False,False,True
user_01055,2024-01-14,True,False,False,False,True
user_01056,2024-02-20,True,True,False,False,True
user_01057,2024-01-14,True,True,True,True,False
user_01058,2024-01-28,True,False,False,False,True
user_01059,2024-01-09,True,True,False,False,True
user_01060,2024-01-10,True,False,False,False,True
user_01061,2024-01-29,True,True,False,False,True
user_01062,2024-02-03,True,False,False,False,True
user_01063,2024-02-17,True,True,True,True,False
user_01064,2024-01-26,True,True,False,False,True
user_01065,2024-01-03,True,True,True,True,False
user_01066,2024-01-17,False,False,False,False,True
user_01067,2024-02-28,True,True,False,False,True
user_01068,2024-02-01,True,False,False,False,True
user_01069,2024-02-23,True,True,False,False,True
user_01070,2024-02-26,False,False,False,False,True
user_01071,2024-02-10,True,True,False,False,True
user_01072,2024-01-14,True,False,False,False,True
user_01073,2024-02-10,False,False,False,False,True
user_01074,2024-01-03,True,True,False,False,True
user_01075,2024-01-18,False,False,False,False,True
user_01076,2024-02-17,True,True,True,True,False
user_01077,2024-02-09,False,False,False,False,True
user_01078,2024-01-28,True,False,False,False,True
user_01079,2024-01-18,True,False,False,False,True
user_01080,2024-01-15,True,False,False,False,True
user_01081,2024-02-11,True,True,True,True,False
user_01082,2024-02-28,True,True,True,True,False
user_01083,2024-01-31,True,True,True,False,True
user_01084,2024-02-18,True,False,False,False,True
user_01085,2024-02-03,True,True,True,False,True
user_01086,2024-02-27,True,True,True,False,True
user_01087,2024-02-21,True,False,False,False,True
user_01088,2024-02-13,True,True,True,False,True
user_01089,2024-01-29,True,True,False,False,True
user_01090,2024-01-21,True,False,False,False,True
user_01091,2024-02-06,True,False,False,False,True
user_01092,2024-01-12,True,False,False,False,True
user_01093,2024-02-23,True,True,True,False,True
user_01094,2024-01-02,True,False,False,False,True
user_01095,2024-02-13,True,True,False,False,True
user_01096,2024-02-19,True,False,False,False,True
user_01097,2024-01-18,False,False,False,False,True
user_01098,2024-02-18,True,False,False,False,True
user_01099,2024-02-16,True,False,False,False,True
user_01100,2024-01-01,True,False,False,False,True
user_01101,2024-01-21,True,True,False,False,True
user_01102,2024-01-22,True,False,False,False,True
user_01103,2024-01-15,True,False,False,False,True
user_01104,2024-01-06,True,False,False,False,True
user_01105,2024-01-20,True,True,True,True,False
user_01106,2024-01-06,True,False,False,False,True
user_01107,2024-01-15,True,True,False,False,True
user_01108,2024-01-06,True,True,False,False,True
user_01109,2024-01-29,True,False,False,False,True
user_01110,2024-01-18,False,False,False,False,True
user_01111,2024-01-11,False,False,False,False,True
user_01112,2024-02-07,True,False,False,False,True
user_01113,2024-02-12,False,False,False,False,True
user_01114,2024-01-27,False,False,False,False,True
user_01115,2024-01-10,True,True,False,False,True
user_01116,2024-01-16,True,True,True,True,False
user_01117,2024-02-20,True,True,True,True,False
user_01118,2024-01-22,True,False,False,False,True
user_01119,2024-02-19,True,True,True,False,True
user_01120,2024-02-27,True,False,False,False,True
user_01121,2024-01-21,True,True,True,False,True
user_01122,2024-01-19,True,False,False,False,True
user_01123,2024-02-12,True,True,False,False,True
user_01124,2024-01-11,False,False,False,False,True
user_01125,2024-02-24,True,False,False,False,True
user_01126,2024-01-05,False,False,False,False,True
user_01127,2024-01-12,True,False,False,False,True
user_01128,2024-02-11,True,True,True,False,True
user_01129,2024-01-18,True,False,False,False,True
user_01130,2024-02-25,False,False,False,False,True
user_01131,2024-01-21,True,True,False,False,True
user_01132,2024-01-25,True,True,True,False,True
user_01133,2024-01-04,True,True,True,False,True
user_01134,2024-01-17,False,False,False,False,True
user_01135,2024-01-14,True,False,False,False,True
user_01136,2024-02-02,True,False,False,False,True
user_01137,2024-01-12,True,False,False,False,True
user_01138,2024-02-07,True,True,True,True,False
user_01139,2024-02-06,False,False,False,False,True
user_01140,2024-01-02,False,False,False,False,True
user_01141,2024-01-26,True,True,False,False,True
user_01142,2024-01-20,True,True,True,False,True
user_01143,2024-02-21,True,False,False,False,True
user_01144,2024-02-12,True,False,False,False,True
user_01145,2024-02-16,True,True,False,False,True
user_01146,2024-01-09,False,False,False,False,True
user_01147,2024-01-20,True,False,False,False,True
user_01148,2024-01-31,False,False,False,False,True
user_01149,2024-01-08,False,False,False,False,True
user_01150,2024-02-22,True,True,True,False,True
user_01151,2024-02-18,True,False,False,False,True
user_01152,2024-01-29,True,True,True,True,False
user_01153,2024-02-03,True,True,False,False,True
user_01154,2024-02-01,True,True,False,False,True
user_01155,2024-02-26,False,False,False,False,True
user_01156,2024-02-09,True,True,True,False,True
user_01157,2024-01-29,True,True,True,True,False
user_01158,2024-01-13,True,True,False,False,True
user_01159,2024-01-31,True,True,False,False,True
user_01160,2024-02-25,True,True,True,False,True
user_01161,2024-02-01,True,True,False,False,True
user_01162,2024-02-15,True,True,True,False,True
user_01163,2024-01-01,True,True,False,False,True
user_01164,2024-02-11,True,True,True,True,False
user_01165,2024-01-18,True,False,False,False,True
user_01166,2024-01-15,True,True,True,False,True
user_01167,2024-02-01,False,False,False,False,True
user_01168,2024-01-20,True,True,True,False,True
user_01169,2024-01-12,True,False,False,False,True
user_01170,2024-01-07,True,False,False,False,True
user_01171,2024-01-16,True,True,False,False,True
user_01172,2024-02-09,True,False,False,False,True
user_01173,2024-02-06,True,False,False,False,True
user_01174,2024-02-29,True,False,False,False,True
user_01175,2024-01-04,False,False,False,False,True
user_01176,2024-01-08,True,False,False,False,True
user_01177,2024-02-07,True,False,False,False,True
user_01178,2024-02-22,True,True,True,False,True
user_01179,2024-01-22,True,True,False,False,True
user_01180,2024-02-26,True,True,False,False,True
user_01181,2024-02-28,True,False,False,False,True
user_01182,2024-01-29,True,True,False,False,True
user_01183,2024-02-10,True,True,False,False,True
user_01184,2024-01-22,True,False,False,False,True
user_01185,2024-02-11,True,False,False,False,True
user_01186,2024-01-13,True,True,False,False,True
user_01187,2024-01-13,True,True,False,False,True
user_01188,2024-02-14,False,False,False,False,True
user_01189,2024-01-08,True,True,False,False,True
user_01190,2024-02-08,True,False,False,False,True
user_01191,2024-01-16,True,False,False,False,True
user_01192,2024-01-17,True,False,False,False,True
user_01193,2024-02-19,True,False,False,False,True
user_01194,2024-01-13,True,False,False,False,True
user_01195,2024-02-17,True,True,False,False,True
user_01196,2024-01-09,True,False,False,False,True
user_01197,2024-02-22,True,True,False,False,True
user_01198,2024-02-21,False,False,False,False,True
user_01199,2024-02-16,True,True,True,True,False
user_01200,2024-01-15,True,False,False,False,True
user_01201,2024-02-26,True,True,True,True,False
user_01202,2024-02-09,True,True,False,False,True
user_01203,2024-01-31,True,True,False,False,True
user_01204,2024-01-21,False,False,False,False,True
user_01205,2024-02-25,True,True,True,False,True
user_01206,2024-02-23,True,True,True,True,False
user_01207,2024-01-21,False,False,False,False,True
user_01208,2024-02-09,False,False,False,False,True
user_01209,2024-01-28,True,False,False,False,True
user_01210,2024-02-25,True,False,False,False,True
user_01211,2024-02-24,True,True,True,False,True
user_01212,2024-02-05,False,False,False,False,True
user_01213,2024-02-21,True,True,True,False,True
user_01214,2024-01-19,True,True,True,False,True
user_01215,2024-01-01,True,False,False,False,True
user_01216,2024-02-02,False,False,False,False,True
user_01217,2024-01-08,False,False,False,False,True
user_01218,2024-02-19,False,False,False,False,True
user_01219,2024-02-13,True,True,False,False,True
user_01220,2024-01-31,True,False,False,False,True
user_01221,2024-01-25,False,False,False,False,True
user_01222,2024-01-03,True,True,False,False,True
user_01223,2024-01-26,True,True,True,True,False
user_01224,2024-01-03,True,True,True,True,False
user_01225,2024-02-22,True,False,False,False,True
user_01226,2024-01-23,False,False,False,False,True
user_01227,2024-01-20,True,True,True,True,False
user_01228,2024-02-23,True,True,True,False,True
user_01229,2024-02-18,False,False,False,False,True
user_01230,2024-01-21,True,True,True,False,True
user_01231,2024-02-27,True,False,False,False,True
user_01232,2024-01-25,True,True,False,False,True
user_01233,2024-02-18,True,True,True,False,True
user_01234,2024-01-21,False,False,False,False,True
user_01235,2024-01-22,True,False,False,False,True
user_01236,2024-02-09,True,True,True,False,True
user_01237,2024-01-05,True,True,True,True,False
user_01238,2024-02-07,True,True,False,False,True
user_01239,2024-01-01,True,False,False,False,True
user_01240,2024-01-11,True,True,True,False,True
user_01241,2024-02-23,True,False,False,False,True
user_01242,2024-02-08,False,False,False,False,True
user_01243,2024-01-21,True,True,True,True,False
user_01244,2024-01-01,True,True,False,False,True
user_01245,2024-01-01,True,False,False,False,True
user_01246,2024-02-11,False,False,False,False,True
user_01247,2024-01-17,True,False,False,False,True
user_01248,2024-01-16,True,False,False,False,True
user_01249,2024-01-17,True,True,False,False,True
user_01250,2024-02-17,True,False,False,False,True
user_01251,2024-02-15,True,True,False,False,True
user_01252,2024-01-27,True,True,True,True,False
user_01253,2024-01-05,False,False,False,False,True
user_01254,2024-02-18,True,False,False,False,True
user_01255,2024-02-16,True,True,True,False,True
user_01256,2024-01-18,True,False,False,False,True
user_01257,2024-01-14,True,True,True,False,True
user_01258,2024-02-12,True,False,False,False,True
user_01259,2024-02-04,True,True,True,False,True
user_01260,2024-02-09,True,True,False,False,True
user_01261,2024-02-19,True,True,True,False,True
user_01262,2024-01-14,True,True,True,False,True
user_01263,2024-01-16,False,False,False,False,True
user_01264,2024-01-04,True,True,False,False,True
user_01265,2024-01-31,True,True,False,False,True
user_01266,2024-01-31,False,False,False,False,True
user_01267,2024-02-14,False,False,False,False,True
user_01268,2024-01-07,False,False,False,False,True
user_01269,2024-02-20,True,True,True,True,False
user_01270,2024-02-07,True,False,False,False,True
user_01271,2024-01-29,True,True,False,False,True
user_01272,2024-01-23,False,False,False,False,True
user_01273,2024-01-06,False,False,False,False,True
user_01274,2024-02-15,True,False,False,False,True
user_01275,2024-01-06,True,False,False,False,True
user_01276,2024-02-09,True,True,False,False,True
user_01277,2024-01-06,True,True,True,True,False
user_01278,2024-01-17,True,True,True,True,False
user_01279,2024-02-01,True,False,False,False,True
user_01280,2024-01-22,True,True,False,False,True
user_01281,2024-01-13,False,False,False,False,True
user_01282,2024-01-03,False,False,False,False,True
user_01283,2024-01-12,True,False,False,False,True
user_01284,2024-02-18,True,True,True,False,True
user_01285,2024-01-05,True,True,True,True,False
user_01286,2024-02-14,True,True,False,False,True
user_01287,2024-02-11,True,True,True,True,False
user_01288,2024-01-14,True,True,True,True,False
user_01289,2024-01-21,False,False,False,False,True
user_01290,2024-02-14,True,True,True,True,False
user_01291,2024-02-26,True,True,True,False,True
user_01292,2024-01-18,False,False,False,False,True
user_01293,2024-02-28,True,True,False,False,True
user_01294,2024-02-16,True,False,False,False,True
user_01295,2024-02-29,True,False,False,False,True
user_01296,2024-01-02,True,True,False,False,True
user_01297,2024-01-08,False,False,False,False,True
user_01298,2024-02-16,True,True,True,False,True
user_01299,2024-02-12,False,False,False,False,True
user_01300,2024-01-17,True,False,False,False,True
user_01301,2024-01-05,True,True,True,False,True
user_01302,2024-02-06,True,True,False,False,True
user_01303,2024-02-14,False,False,False,False,True
user_01304,2024-02-06,True,True,False,False,True
user_01305,2024-02-21,True,True,False,False,True
user_01306,2024-01-27,False,False,False,False,True
user_01307,2024-01-29,True,True,True,False,True
user_01308,2024-01-16,True,False,False,False,True
user_01309,2024-01-30,True,False,False,False,True
user_01310,2024-01-13,True,False,False,False,True
user_01311,2024-02-05,False,False,False,False,True
user_01312,2024-02-21,True,True,True,False,True
user_01313,2024-02-21,True,False,False,False,True
user_01314,2024-01-09,True,True,True,False,True
user_01315,2024-01-11,True,False,False,False,True
user_01316,2024-01-29,False,False,False,False,True
user_01317,2024-01-13,False,False,False,False,True
user_01318,2024-02-11,True,True,True,True,False
user_01319,2024-02-04,True,False,False,False,True
user_01320,2024-01-19,False,False,False,False,True
user_01321,2024-02-01,True,True,True,True,False
user_01322,2024-01-17,True,False,False,False,True
user_01323,2024-02-08,False,False,False,False,True
user_01324,2024-02-12,True,True,True,False,True
user_01325,2024-02-16,False,False,False,False,True
user_01326,2024-01-31,True,True,True,False,True
user_01327,2024-02-22,True,True,False,False,True
user_01328,2024-02-13,True,True,True,False,True
user_01329,2024-01-03,True,False,False,False,True
user_01330,2024-02-18,False,False,False,False,True
user_01331,2024-02-18,True,True,True,True,False
user_01332,2024-01-25,True,True,False,False,True
user_01333,2024-02-02,True,False,False,False,True
user_01334,2024-02-11,True,False,False,False,True
user_01335,2024-02-14,True,False,False,False,True
user_01336,2024-02-12,True,False,False,False,True
user_01337,2024-02-01,True,False,False,False,True
user_01338,2024-02-09,True,True,False,False,True
user_01339,2024-02-26,True,True,False,False,True
user_01340,2024-01-01,True,False,False,False,True
user_01341,2024-02-23,True,False,False,False,True
user_01342,2024-01-14,True,False,False,False,True
user_01343,2024-02-06,True,True,False,False,True
user_01344,2024-01-10,True,False,False,False,True
user_01345,2024-01-24,True,False,False,False,True
user_01346,2024-01-12,True,False,False,False,True
user_01347,2024-02-14,True,True,False,False,True
user_01348,2024-02-05,True,True,False,False,True
user_01349,2024-01-20,False,False,False,False,True
user_01350,2024-01-03,True,False,False,False,True
user_01351,2024-01-16,True,False,False,False,True
user_01352,2024-02-09,True,True,True,False,True
user_01353,2024-01-17,True,True,True,True,False
user_01354,2024-02-13,False,False,False,False,True
user_01355,2024-02-23,False,False,False,False,True
user_01356,2024-02-03,True,False,False,False,True
user_01357,2024-01-23,True,False,False,False,True
user_01358,2024-01-15,False,False,False,False,True
user_01359,2024-02-22,True,True,True,True,False
user_01360,2024-01-23,False,False,False,False,True
user_01361,2024-01-13,False,False,False,False,True
user_01362,2024-02-04,False,False,False,False,True
user_01363,2024-01-29,True,True,True,False,True
user_01364,2024-02-29,True,True,True,True,False
user_01365,2024-02-01,True,False,False,False,True
user_01366,2024-01-24,True,True,True,False,True
user_01367,2024-01-03,False,False,False,False,True
user_01368,2024-02-27,True,True,True,False,True
user_01369,2024-01-08,True,True,False,False,True
user_01370,2024-02-04,True,True,False,False,True
user_01371,2024-01-20,True,False,False,False,True
user_01372,2024-02-23,False,False,False,False,True
user_01373,2024-01-27,True,True,True,True,False
user_01374,2024-02-21,True,False,False,False,True
user_01375,2024-02-12,True,True,False,False,True
user_01376,2024-02-17,True,True,True,False,True
user_01377,2024-02-25,True,True,False,False,True
user_01378,2024-01-31,True,True,True,False,True
user_01379,2024-02-03,True,False,False,False,True
user_01380,2024-02-15,True,False,False,False,True
user_01381,2024-01-28,False,False,False,False,True
user_01382,2024-02-09,True,True,False,False,True
user_01383,2024-01-07,True,True,True,False,True
user_01384,2024-02-15,True,False,False,False,True
user_01385,2024-02-06,True,True,True,False,True
user_01386,2024-02-23,True,False,False,False,True
user_01387,2024-01-04,True,False,False,False,True
user_01388,2024-02-15,True,True,False,False,True
user_01389,2024-02-14,True,True,False,False,True
user_01390,2024-01-26,False,False,False,False,True
user_01391,2024-01-29,True,True,True,False,True
user_01392,2024-01-17,True,True,False,False,True
user_01393,2024-02-14,True,False,False,False,True
user_01394,2024-02-20,True,False,False,False,True
user_01395,2024-02-22,True,False,False,False,True
user_01396,2024-02-07,True,True,False,False,True
user_01397,2024-01-17,False,False,False,False,True
user_01398,2024-02-10,True,True,False,False,True
user_01399,2024-02-19,True,True,True,True,False
user_01400,2024-02-03,True,False,False,False,True
user_01401,2024-02-23,True,True,False,False,True
user_01402,2024-01-09,True,True,True,True,False
user_01403,2024-02-21,True,True,False,False,True
user_01404,2024-01-18,True,False,False,False,True
user_01405,2024-02-04,True,True,False,False,True
user_01406,2024-01-17,True,True,True,False,True
user_01407,2024-01-30,True,True,False,False,True
user_01408,2024-01-30,True,True,True,False,True
user_01409,2024-02-27,False,False,False,False,True
user_01410,2024-01-26,True,False,False,False,True
user_01411,2024-01-08,False,False,False,False,True
user_01412,2024-01-19,True,True,False,False,True
user_01413,2024-02-26,False,False,False,False,True
user_01414,2024-01-10,False,False,False,False,True
user_01415,2024-02-23,True,True,False,False,True
user_01416,2024-01-12,False,False,False,False,True
user_01417,2024-02-02,True,True,False,False,True
user_01418,2024-02-08,True,True,False,False,True
user_01419,2024-02-12,True,False,False,False,True
user_01420,2024-02-27,True,True,False,False,True
user_01421,2024-01-04,True,True,False,False,True
user_01422,2024-01-24,True,False,False,False,True
user_01423,2024-01-06,True,True,True,True,False
user_01424,2024-01-31,True,False,False,False,True
user_01425,2024-01-28,True,True,True,False,True
user_01426,2024-01-05,True,False,False,False,True
user_01427,2024-02-01,False,False,False,False,True
user_01428,2024-02-28,True,True,True,True,False
user_01429,2024-01-19,True,True,False,False,True
user_01430,2024-01-12,True,True,True,True,False
user_01431,2024-02-24,True,True,True,True,False
user_01432,2024-01-08,True,True,False,False,True
user_01433,2024-02-29,True,True,False,False,True
user_01434,2024-01-07,True,True,False,False,True
user_01435,2024-02-06,True,True,False,False,True
user_01436,2024-01-08,True,True,True,True,False
user_01437,2024-01-26,True,False,False,False,True
user_01438,2024-02-05,True,False,False,False,True
user_01439,2024-02-16,True,True,False,False,True
user_01440,2024-02-12,True,True,True,False,True
user_01441,2024-02-20,True,False,False,False,True
user_01442,2024-01-09,True,True,True,True,False
user_01443,2024-02-03,True,False,False,False,True
user_01444,2024-01-06,True,True,True,True,False
user_01445,2024-01-25,True,False,False,False,True
user_01446,2024-01-18,True,True,True,False,True
user_01447,2024-02-16,True,False,False,False,True
user_01448,2024-02-24,True,False,False,False,True
user_01449,2024-02-22,True,False,False,False,True
user_01450,2024-02-14,True,True,True,False,True
user_01451,2024-01-23,True,True,False,False,True
user_01452,2024-01-28,True,True,False,False,True
user_01453,2024-02-28,True,True,False,False,True
user_01454,2024-02-04,True,True,False,False,True
user_01455,2024-01-13,True,True,True,False,True
user_01456,2024-02-04,True,True,True,False,True
user_01457,2024-01-21,True,True,True,True,False
user_01458,2024-02-20,True,True,True,True,False
user_01459,2024-02-12,True,True,False,False,True
user_01460,2024-02-08,True,True,True,False,True
user_01461,2024-02-09,True,True,True,False,True
user_01462,2024-01-27,True,True,False,False,True
user_01463,2024-01-26,True,True,True,True,False
user_01464,2024-02-23,True,True,False,False,True
user_01465,2024-01-25,True,True,False,False,True
user_01466,2024-02-07,True,True,True,True,False
user_01467,2024-02-22,True,True,False,False,True
user_01468,2024-02-18,True,True,True,False,True
user_01469,2024-01-25,True,False,False,False,True
user_01470,2024-02-12,True,True,False,False,True
user_01471,2024-01-23,True,False,False,False,True
user_01472,2024-02-20,True,True,True,True,False
user_01473,2024-02-09,True,True,False,False,True
user_01474,2024-01-06,True,True,False,False,True
user_01475,2024-02-12,True,True,False,False,True
user_01476,2024-02-21,True,True,True,False,True
user_01477,2024-01-04,True,False,False,False,True
user_01478,2024-01-09,True,True,True,False,True
user_01479,2024-01-05,True,True,False,False,True
user_01480,2024-01-02,False,False,False,False,True
user_01481,2024-01-04,False,False,False,False,True
user_01482,2024-01-10,True,True,False,False,True
user_01483,2024-02-15,True,True,True,False,True
user_01484,2024-02-11,False,False,False,False,True
user_01485,2024-02-25,True,True,False,False,True
user_01486,2024-01-09,True,True,True,True,False
user_01487,2024-02-09,False,False,False,False,True
user_01488,2024-01-21,False,False,False,False,True
user_01489,2024-01-14,True,False,False,False,True
user_01490,2024-01-31,True,False,False,False,True
user_01491,2024-02-13,True,True,False,False,True
user_01492,2024-02-27,True,True,False,False,True
user_01493,2024-02-27,True,True,True,False,True
user_01494,2024-01-22,True,True,True,False,True
user_01495,2024-01-24,False,False,False,False,True
user_01496,2024-01-15,True,False,False,False,True
user_01497,2024-02-24,True,False,False,False,True
user_01498,2024-02-05,True,True,True,False,True
user_01499,2024-02-09,False,False,False,False,True
user_01500,2024-01-18,True,False,False,False,True
user_01501,2024-02-11,True,False,False,False,True
user_01502,2024-01-07,False,False,False,False,True
user_01503,2024-02-03,True,False,False,False,True
user_01504,2024-01-18,False,False,False,False,True
user_01505,2024-01-29,True,True,False,False,True
user_01506,2024-01-11,True,True,True,False,True
user_01507,2024-02-07,True,True,True,False,True
user_01508,2024-02-08,True,False,False,False,True
user_01509,2024-01-20,True,False,False,False,True
user_01510,2024-01-07,True,False,False,False,True
user_01511,2024-01-08,True,True,False,False,True
user_01512,2024-02-23,True,False,False,False,True
user_01513,2024-01-01,True,False,False,False,True
user_01514,2024-02-13,True,False,False,False,True
user_01515,2024-02-11,True,True,False,False,True
user_01516,2024-02-10,True,True,False,False,True
user_01517,2024-02-17,False,False,False,False,True
user_01518,2024-02-21,False,False,False,False,True
user_01519,2024-02-04,False,False,False,False,True
user_01520,2024-02-17,True,True,False,False,True
user_01521,2024-01-24,True,False,False,False,True
user_01522,2024-02-23,False,False,False,False,True
user_01523,2024-01-15,True,True,False,False,True
user_01524,2024-02-24,True,True,False,False,True
user_01525,2024-02-10,True,False,False,False,True
user_01526,2024-02-01,False,False,False,False,True
user_01527,2024-02-21,True,False,False,False,True
user_01528,2024-01-15,True,True,False,False,True
user_01529,2024-02-23,True,True,True,False,True
user_01530,2024-01-14,False,False,False,False,True
user_01531,2024-02-23,True,True,False,False,True
user_01532,2024-01-30,True,True,False,False,True
user_01533,2024-02-04,False,False,False,False,True
user_01534,2024-02-19,True,True,True,True,False
user_01535,2024-01-02,False,False,False,False,True
user_01536,2024-02-08,True,True,False,False,True
user_01537,2024-01-05,True,True,True,False,True
user_01538,2024-01-09,True,True,True,False,True
user_01539,2024-01-22,True,True,True,True,False
user_01540,2024-01-18,True,True,False,False,True
user_01541,2024-01-04,True,True,True,False,True
user_01542,2024-01-28,True,False,False,False,True
user_01543,2024-02-29,False,False,False,False,True
user_01544,2024-01-16,True,False,False,False,True
user_01545,2024-01-24,True,True,False,False,True
user_01546,2024-01-13,True,False,False,False,True
user_01547,2024-02-11,False,False,False,False,True
user_01548,2024-01-18,False,False,False,False,True
user_01549,2024-02-20,True,True,True,False,True
user_01550,2024-01-18,False,False,False,False,True
user_01551,2024-02-09,True,False,False,False,True
user_01552,2024-01-04,False,False,False,False,True
user_01553,2024-02-21,False,False,False,False,True
user_01554,2024-01-29,True,True,True,False,True
user_01555,2024-02-20,True,True,False,False,True
user_01556,2024-01-27,True,True,True,True,False
user_01557,2024-02-16,True,True,True,True,False
user_01558,2024-01-30,True,False,False,False,True
user_01559,2024-01-29,True,True,False,False,True
user_01560,2024-01-30,True,True,True,True,False
user_01561,2024-01-25,False,False,False,False,True
user_01562,2024-02-25,True,False,False,False,True
user_01563,2024-01-19,True,True,False,False,True
user_01564,2024-01-01,False,False,False,False,True
user_01565,2024-01-29,True,True,True,False,True
user_01566,2024-01-16,True,False,False,False,True
user_01567,2024-02-09,True,True,False,False,True
user_01568,2024-02-12,True,False,False,False,True
user_01569,2024-01-07,True,True,True,True,False
user_01570,2024-01-04,True,True,False,False,True
user_01571,2024-01-02,True,True,False,False,True
user_01572,2024-01-06,True,True,False,False,True
user_01573,2024-02-16,True,True,True,False,True
user_01574,2024-01-23,False,False,False,False,True
user_01575,2024-01-13,False,False,False,False,True
user_01576,2024-02-13,False,False,False,False,True
user_01577,2024-02-02,True,True,True,False,True
user_01578,2024-01-02,True,True,False,False,True
user_01579,2024-02-24,True,True,False,False,True
user_01580,2024-01-03,True,True,False,False,True
user_01581,2024-01-23,True,False,False,False,True
user_01582,2024-01-31,False,False,False,False,True
user_01583,2024-01-07,False,False,False,False,True
user_01584,2024-01-14,True,False,False,False,True
user_01585,2024-01-10,True,True,False,False,True
user_01586,2024-02-29,True,True,True,True,False
user_01587,2024-01-12,True,False,False,False,True
user_01588,2024-01-15,True,False,False,False,True
user_01589,2024-02-15,True,True,True,False,True
user_01590,2024-01-13,True,False,False,False,True
user_01591,2024-01-22,True,True,False,False,True
user_01592,2024-01-25,True,True,True,True,False
user_01593,2024-02-09,True,True,True,False,True
user_01594,2024-02-01,True,True,True,False,True
user_01595,2024-02-22,True,True,False,False,True
user_01596,2024-01-21,True,False,False,False,True
user_01597,2024-01-24,True,False,False,False,True
user_01598,2024-02-11,True,False,False,False,True
user_01599,2024-01-18,True,False,False,False,True
user_01600,2024-01-29,True,False,False,False,True
user_01601,2024-01-20,True,True,True,True,False
user_01602,2024-01-27,True,True,False,False,True
user_01603,2024-02-21,True,False,False,False,True
user_01604,2024-02-15,False,False,False,False,True
user_01605,2024-01-18,False,False,False,False,True
user_01606,2024-01-03,True,False,False,False,True
user_01607,2024-01-17,True,True,True,False,True
user_01608,2024-02-18,False,False,False,False,True
user_01609,2024-02-04,False,False,False,False,True
user_01610,2024-02-05,False,False,False,False,True
user_01611,2024-01-07,True,True,True,False,True
user_01612,2024-01-01,True,True,False,False,True
user_01613,2024-02-27,True,True,False,False,True
user_01614,2024-01-20,True,False,False,False,True
user_01615,2024-02-12,True,True,True,True,False
user_01616,2024-01-20,True,False,False,False,True
user_01617,2024-01-26,False,False,False,False,True
user_01618,2024-01-14,False,False,False,False,True
user_01619,2024-02-18,False,False,False,False,True
user_01620,2024-02-13,True,False,False,False,True
user_01621,2024-02-03,True,True,True,True,False
user_01622,2024-02-11,False,False,False,False,True
user_01623,2024-01-15,True,True,True,False,True
user_01624,2024-01-20,True,False,False,False,True
user_01625,2024-01-12,True,False,False,False,True
user_01626,2024-01-14,True,True,False,False,True
user_01627,2024-01-06,True,True,True,False,True
user_01628,2024-02-23,True,True,True,False,True
user_01629,2024-01-06,True,False,False,False,True
user_01630,2024-02-06,True,False,False,False,True
user_01631,2024-01-11,True,False,False,False,True
user_01632,2024-01-05,True,True,False,False,True
user_01633,2024-01-29,True,True,False,False,True
user_01634,2024-02-26,True,False,False,False,True
user_01635,2024-01-24,True,True,True,False,True
user_01636,2024-02-07,True,True,True,False,True
user_01637,2024-01-17,True,False,False,False,True
user_01638,2024-01-01,True,False,False,False,True
user_01639,2024-01-13,True,False,False,False,True
user_01640,2024-02-26,False,False,False,False,True
user_01641,2024-01-05,True,True,False,False,True
user_01642,2024-01-06,True,False,False,False,True
user_01643,2024-02-26,True,True,False,False,True
user_01644,2024-01-11,True,False,False,False,True
user_01645,2024-01-21,False,False,False,False,True
user_01646,2024-01-08,True,True,False,False,True
user_01647,2024-02-17,True,True,False,False,True
user_01648,2024-02-19,True,False,False,False,True
user_01649,2024-01-23,True,True,False,False,True
user_01650,2024-02-23,False,False,False,False,True
user_01651,2024-01-22,True,False,False,False,True
user_01652,2024-02-27,True,False,False,False,True
user_01653,2024-02-07,True,True,False,False,True
user_01654,2024-02-25,True,True,True,False,True
user_01655,2024-01-18,True,True,False,False,True
user_01656,2024-02-17,True,True,False,False,True
user_01657,2024-02-11,True,True,True,True,False
user_01658,2024-02-21,True,True,False,False,True
user_01659,2024-01-07,True,False,False,False,True
user_01660,2024-01-18,True,True,False,False,True
user_01661,2024-02-20,True,True,True,True,False
user_01662,2024-01-30,True,True,False,False,True
user_01663,2024-01-11,False,False,False,False,True
user_01664,2024-01-26,False,False,False,False,True
user_01665,2024-02-16,True,True,False,False,True
user_01666,2024-01-18,True,True,False,False,True
user_01667,2024-02-23,True,True,True,True,False
user_01668,2024-01-18,False,False,False,False,True
user_01669,2024-01-05,True,True,True,True,False
user_01670,2024-02-09,True,True,True,True,False
user_01671,2024-01-28,True,False,False,False,True
user_01672,2024-01-12,True,False,False,False,True
user_01673,2024-01-26,False,False,False,False,True
user_01674,2024-01-12,True,True,False,False,True
user_01675,2024-02-01,True,True,True,False,True
user_01676,2024-02-10,True,True,True,False,True
user_01677,2024-02-09,True,True,False,False,True
user_01678,2024-02-05,True,True,True,False,True
user_01679,2024-02-06,False,False,False,False,True
user_01680,2024-01-21,True,True,False,False,True
user_01681,2024-02-09,True,False,False,False,True
user_01682,2024-01-30,True,True,False,False,True
user_01683,2024-02-22,True,True,True,True,False
user_01684,2024-02-02,True,True,False,False,True
user_01685,2024-02-23,True,True,False,False,True
user_01686,2024-02-03,True,False,False,False,True
user_01687,2024-02-17,False,False,False,False,True
user_01688,2024-01-11,False,False,False,False,True
user_01689,2024-01-04,True,True,False,False,True
user_01690,2024-02-06,False,False,False,False,True
user_01691,2024-01-10,True,True,True,True,False
user_01692,2024-02-23,True,True,False,False,True
user_01693,2024-01-18,True,True,True,True,False
user_01694,2024-02-06,True,False,False,False,True
user_01695,2024-01-18,True,True,False,False,True
user_01696,2024-02-03,True,True,False,False,True
user_01697,2024-02-14,True,True,False,False,True
user_01698,2024-02-21,True,True,True,True,False
user_01699,2024-02-17,False,False,False,False,True
user_01700,2024-01-24,True,False,False,False,True
user_01701,2024-02-08,True,True,False,False,True
user_01702,2024-01-04,True,True,False,False,True
user_01703,2024-01-02,False,False,False,False,True
user_01704,2024-02-09,True,True,True,False,True
user_01705,2024-02-20,True,False,False,False,True
user_01706,2024-02-18,True,True,False,False,True
user_01707,2024-01-15,True,False,False,False,True
user_01708,2024-01-30,True,False,False,False,True
user_01709,2024-01-22,True,False,False,False,True
user_01710,2024-02-19,True,True,False,False,True
user_01711,2024-02-25,True,False,False,False,True
user_01712,2024-02-27,False,False,False,False,True
user_01713,2024-02-22,True,False,False,False,True
user_01714,2024-01-16,True,True,True,False,True
user_01715,2024-01-30,True,True,False,False,True
user_01716,2024-01-20,True,True,True,True,False
user_01717,2024-01-04,True,False,False,False,True
user_01718,2024-02-24,False,False,False,False,True
user_01719,2024-02-11,True,True,True,True,False
user_01720,2024-01-27,False,False,False,False,True
user_01721,2024-02-20,True,True,False,False,True
user_01722,2024-01-14,True,True,True,False,True
user_01723,2024-02-26,True,True,False,False,True
user_01724,2024-02-12,True,False,False,False,True
user_01725,2024-02-02,True,False,False,False,True
user_01726,2024-01-29,True,False,False,False,True
user_01727,2024-02-13,True,False,False,False,True
user_01728,2024-01-01,True,True,False,False,True
user_01729,2024-01-16,False,False,False,False,True
user_01730,2024-01-23,True,True,False,False,True
user_01731,2024-01-05,True,True,True,True,False
user_01732,2024-02-02,False,False,False,False,True
user_01733,2024-01-03,False,False,False,False,True
user_01734,2024-02-04,True,True,True,False,True
user_01735,2024-02-24,True,True,False,False,True
user_01736,2024-02-25,False,False,False,False,True
user_01737,2024-01-23,True,True,True,False,True
user_01738,2024-01-02,False,False,False,False,True
user_01739,2024-02-25,True,True,False,False,True
user_01740,2024-01-20,True,True,False,False,True
user_01741,2024-02-05,True,True,False,False,True
user_01742,2024-02-23,True,True,True,True,False
user_01743,2024-02-07,True,True,False,False,True
user_01744,2024-01-29,True,True,False,False,True
user_01745,2024-01-18,True,False,False,False,True
user_01746,2024-01-18,True,False,False,False,True
user_01747,2024-02-04,True,False,False,False,True
user_01748,2024-02-01,True,False,False,False,True
user_01749,2024-01-24,True,True,False,False,True
user_01750,2024-02-14,False,False,False,False,True
user_01751,2024-01-01,True,False,False,False,True
user_01752,2024-01-10,True,True,False,False,True
user_01753,2024-02-29,True,False,False,False,True
user_01754,2024-02-01,True,False,False,False,True
user_01755,2024-02-08,False,False,False,False,True
user_01756,2024-01-18,False,False,False,False,True
user_01757,2024-02-23,False,False,False,False,True
user_01758,2024-02-03,True,True,True,True,False
user_01759,2024-02-28,True,True,False,False,True
user_01760,2024-01-18,True,True,False,False,True
user_01761,2024-01-20,True,False,False,False,True
user_01762,2024-01-02,True,False,False,False,True
user_01763,2024-01-23,True,True,True,False,True
user_01764,2024-01-25,True,True,True,True,False
user_01765,2024-02-19,True,False,False,False,True
user_01766,2024-02-08,True,True,False,False,True
user_01767,2024-02-27,True,True,True,False,True
user_01768,2024-02-28,True,False,False,False,True
user_01769,2024-01-06,True,False,False,False,True
user_01770,2024-02-20,True,False,False,False,True
user_01771,2024-01-14,False,False,False,False,True
user_01772,2024-02-06,True,True,True,False,True
user_01773,2024-01-03,True,True,True,True,False
user_01774,2024-01-02,True,True,True,True,False
user_01775,2024-01-05,True,True,False,False,True
user_01776,2024-01-21,True,False,False,False,True
user_01777,2024-02-28,True,True,True,False,True
user_01778,2024-02-04,True,True,False,False,True
user_01779,2024-01-04,True,True,False,False,True
user_01780,2024-02-05,True,True,False,False,True
user_01781,2024-02-26,True,True,True,False,True
user_01782,2024-01-22,True,False,False,False,True
user_01783,2024-02-04,False,False,False,False,True
user_01784,2024-01-12,True,False,False,False,True
user_01785,2024-02-08,True,True,False,False,True
user_01786,2024-01-13,False,False,False,False,True
user_01787,2024-02-02,True,True,False,False,True
user_01788,2024-02-04,True,True,False,False,True
user_01789,2024-01-07,True,True,False,False,True
user_01790,2024-01-03,True,True,True,True,False
user_01791,2024-02-10,True,False,False,False,True
user_01792,2024-02-03,True,True,True,False,True
user_01793,2024-01-11,True,True,False,False,True
user_01794,2024-02-07,False,False,False,False,True
user_01795,2024-01-22,True,True,True,False,True
user_01796,2024-02-18,True,True,False,False,True
user_01797,2024-02-08,False,False,False,False,True
user_01798,2024-02-23,True,True,True,False,True
user_01799,2024-02-11,True,False,False,False,True
user_01800,2024-01-23,True,True,True,False,True
user_01801,2024-01-30,True,True,False,False,True
user_01802,2024-01-28,False,False,False,False,True
user_01803,2024-02-14,True,False,False,False,True
user_01804,2024-01-30,True,True,True,True,False
user_01805,2024-02-22,True,True,False,False,True
user_01806,2024-02-22,False,False,False,False,True
user_01807,2024-01-26,True,True,False,False,True
user_01808,2024-02-23,True,True,False,False,True
user_01809,2024-01-03,True,False,False,False,True
user_01810,2024-01-11,True,False,False,False,True
user_01811,2024-01-27,True,True,True,True,False
user_01812,2024-02-05,False,False,False,False,True
user_01813,2024-01-18,False,False,False,False,True
user_01814,2024-02-04,True,True,False,False,True
user_01815,2024-02-12,True,True,True,False,True
user_01816,2024-02-13,True,False,False,False,True
user_01817,2024-01-09,True,True,False,False,True
user_01818,2024-01-10,True,True,False,False,True
user_01819,2024-02-16,False,False,False,False,True
user_01820,2024-02-18,False,False,False,False,True
user_01821,2024-01-05,True,False,False,False,True
user_01822,2024-02-14,True,True,True,True,False
user_01823,2024-01-15,True,True,False,False,True
user_01824,2024-02-21,True,False,False,False,True
user_01825,2024-01-16,True,True,False,False,True
user_01826,2024-02-07,True,True,True,False,True
user_01827,2024-01-08,True,True,True,True,False
user_01828,2024-02-20,True,True,False,False,True
user_01829,2024-01-08,False,False,False,False,True
user_01830,2024-01-31,True,True,False,False,True
user_01831,2024-01-30,True,True,True,True,False
user_01832,2024-02-23,True,False,False,False,True
user_01833,2024-02-10,False,False,False,False,True
user_01834,2024-01-16,True,True,True,False,True
user_01835,2024-02-26,True,True,True,True,False
user_01836,2024-02-20,True,False,False,False,True
user_01837,2024-01-08,True,False,False,False,True
user_01838,2024-01-07,True,True,False,False,True
user_01839,2024-01-02,True,False,False,False,True
user_01840,2024-01-01,True,True,True,True,False
user_01841,2024-01-06,True,False,False,False,True
user_01842,2024-01-02,True,False,False,False,True
user_01843,2024-01-02,True,False,False,False,True
user_01844,2024-02-08,False,False,False,False,True
user_01845,2024-01-20,True,True,False,False,True
user_01846,2024-02-21,False,False,False,False,True
user_01847,2024-02-10,True,False,False,False,True
user_01848,2024-01-11,True,False,False,False,True
user_01849,2024-02-14,False,False,False,False,True
user_01850,2024-01-01,True,False,False,False,True
user_01851,2024-01-24,True,False,False,False,True
user_01852,2024-01-16,True,True,False,False,True
user_01853,2024-01-15,True,True,False,False,True
user_01854,2024-02-20,False,False,False,False,True
user_01855,2024-01-05,True,False,False,False,True
user_01856,2024-01-18,False,False,False,False,True
user_01857,2024-02-10,True,True,True,False,True
user_01858,2024-01-07,False,False,False,False,True
user_01859,2024-02-02,True,False,False,False,True
user_01860,2024-02-10,True,True,False,False,True
user_01861,2024-02-22,False,False,False,False,True
user_01862,2024-01-28,True,True,True,False,True
user_01863,2024-02-05,True,True,True,False,True
user_01864,2024-02-20,True,False,False,False,True
user_01865,2024-02-21,False,False,False,False,True
user_01866,2024-02-05,True,False,False,False,True
user_01867,2024-02-22,True,True,True,True,False
user_01868,2024-02-05,True,False,False,False,True
user_01869,2024-02-08,True,True,True,False,True
user_01870,2024-02-20,False,False,False,False,True
user_01871,2024-01-14,True,True,True,False,True
user_01872,2024-02-02,False,False,False,False,True
user_01873,2024-02-08,True,False,False,False,True
user_01874,2024-01-02,True,False,False,False,True
user_01875,2024-02-06,False,False,False,False,True
user_01876,2024-01-04,True,True,True,True,False
user_01877,2024-01-17,True,True,False,False,True
user_01878,2024-01-05,False,False,False,False,True
user_01879,2024-01-09,True,True,False,False,True
user_01880,2024-02-26,True,True,True,True,False
user_01881,2024-02-11,True,True,False,False,True
user_01882,2024-02-26,True,False,False,False,True
user_01883,2024-01-11,True,True,False,False,True
user_01884,2024-02-07,True,False,False,False,True
user_01885,2024-01-20,False,False,False,False,True
user_01886,2024-01-25,False,False,False,False,True
user_01887,2024-01-13,True,False,False,False,True
user_01888,2024-01-28,True,True,False,False,True
user_01889,2024-01-05,True,False,False,False,True
user_01890,2024-01-09,True,False,False,False,True
user_01891,2024-01-03,True,True,False,False,True
user_01892,2024-02-26,True,True,True,False,True
user_01893,2024-01-04,True,True,False,False,True
user_01894,2024-02-24,True,True,True,False,True
user_01895,2024-01-31,True,False,False,False,True
user_01896,2024-01-18,True,True,True,False,True
user_01897,2024-02-25,True,True,False,False,True
user_01898,2024-01-07,True,True,True,True,False
user_01899,2024-02-26,False,False,False,False,True
user_01900,2024-02-22,True,True,False,False,True
user_01901,2024-01-12,True,False,False,False,True
user_01902,2024-02-08,False,False,False,False,True
user_01903,2024-01-18,True,True,True,False,True
user_01904,2024-02-28,True,True,True,False,True
user_01905,2024-02-03,True,False,False,False,True
user_01906,2024-01-20,True,False,False,False,True
user_01907,2024-01-11,True,True,True,True,False
user_01908,2024-01-26,True,True,True,False,True
user_01909,2024-02-29,True,True,False,False,True
user_01910,2024-02-16,False,False,False,False,True
user_01911,2024-01-07,True,True,True,False,True
user_01912,2024-01-05,True,True,False,False,True
user_01913,2024-01-28,True,True,True,True,False
user_01914,2024-01-30,False,False,False,False,True
user_01915,2024-01-13,False,False,False,False,True
user_01916,2024-01-26,True,True,True,False,True
user_01917,2024-02-19,True,False,False,False,True
user_01918,2024-01-27,True,False,False,False,True
user_01919,2024-01-17,True,True,False,False,True
user_01920,2024-01-22,True,True,False,False,True
user_01921,2024-01-14,True,True,True,True,False
user_01922,2024-01-13,True,True,True,True,False
user_01923,2024-02-21,True,False,False,False,True
user_01924,2024-02-20,False,False,False,False,True
user_01925,2024-02-04,True,True,False,False,True
user_01926,2024-01-06,True,False,False,False,True
user_01927,2024-01-19,True,False,False,False,True
user_01928,2024-02-21,False,False,False,False,True
user_01929,2024-01-03,True,False,False,False,True
user_01930,2024-01-05,False,False,False,False,True
user_01931,2024-01-28,True,False,False,False,True
user_01932,2024-01-13,True,True,True,True,False
user_01933,2024-01-22,True,False,False,False,True
user_01934,2024-02-15,False,False,False,False,True
user_01935,2024-02-17,True,True,True,True,False
user_01936,2024-01-10,True,False,False,False,True
user_01937,2024-02-20,True,True,False,False,True
user_01938,2024-02-20,True,False,False,False,True
user_01939,2024-02-27,True,False,False,False,True
user_01940,2024-01-01,True,False,False,False,True
user_01941,2024-01-18,True,False,False,False,True
user_01942,2024-02-26,True,False,False,False,True
user_01943,2024-02-28,True,False,False,False,True
user_01944,2024-02-05,True,False,False,False,True
user_01945,2024-02-28,True,False,False,False,True
user_01946,2024-01-12,False,False,False,False,True
user_01947,2024-01-02,True,False,False,False,True
user_01948,2024-01-30,True,False,False,False,True
user_01949,2024-01-05,True,True,False,False,True
user_01950,2024-02-02,True,True,False,False,True
user_01951,2024-02-29,True,True,True,False,True
user_01952,2024-02-04,True,True,True,False,True
user_01953,2024-01-21,True,True,True,False,True
user_01954,2024-01-02,True,True,True,False,True
user_01955,2024-01-01,True,False,False,False,True
user_01956,2024-01-12,True,True,False,False,True
user_01957,2024-01-30,True,False,False,False,True
user_01958,2024-01-13,True,True,False,False,True
user_01959,2024-01-20,True,True,False,False,True
user_01960,2024-01-08,True,False,False,False,True
user_01961,2024-01-16,True,True,False,False,True
user_01962,2024-02-08,False,False,False,False,True
user_01963,2024-02-01,True,True,True,True,False
user_01964,2024-01-23,True,False,False,False,True
user_01965,2024-02-28,False,False,False,False,True
user_01966,2024-01-15,True,False,False,False,True
user_01967,2024-01-22,True,False,False,False,True
user_01968,2024-01-18,True,False,False,False,True
user_01969,2024-01-26,True,True,True,True,False
user_01970,2024-01-29,True,True,False,False,True
user_01971,2024-01-25,True,True,True,True,False
user_01972,2024-01-29,True,False,False,False,True
user_01973,2024-02-08,True,False,False,False,True
user_01974,2024-02-15,True,True,False,False,True
user_01975,2024-02-01,True,True,True,False,True
user_01976,2024-02-06,True,True,False,False,True
user_01977,2024-01-24,False,False,False,False,True
user_01978,2024-01-27,True,True,True,True,False
user_01979,2024-01-07,True,True,False,False,True
user_01980,2024-01-12,True,False,False,False,True
user_01981,2024-02-12,True,True,True,False,True
user_01982,2024-01-20,True,True,False,False,True
user_01983,2024-02-07,True,False,False,False,True
user_01984,2024-02-02,True,False,False,False,True
user_01985,2024-02-14,True,True,False,False,True
user_01986,2024-01-14,True,True,False,False,True
user_01987,2024-01-31,True,False,False,False,True
user_01988,2024-02-11,True,True,True,True,False
user_01989,2024-01-24,False,False,False,False,True
user_01990,2024-02-23,True,True,True,True,False
user_01991,2024-02-06,True,False,False,False,True
user_01992,2024-01-08,True,False,False,False,True
user_01993,2024-01-19,True,True,True,False,True
user_01994,2024-02-18,True,True,True,True,False
user_01995,2024-01-31,True,True,False,False,True
user_01996,2024-02-12,True,True,True,False,True
user_01997,2024-02-19,True,False,False,False,True
user_01998,2024-02-20,True,True,True,False,True
user_01999,2024-02-06,True,True,True,False,True
user_02000,2024-01-09,False,False,False,False,True
user_02001,2024-02-13,True,True,True,True,False
user_02002,2024-02-08,True,False,False,False,True
user_02003,2024-01-15,True,False,False,False,True
user_02004,2024-02-29,False,False,False,False,True
user_02005,2024-02-01,True,True,True,False,True
user_02006,2024-01-09,True,True,False,False,True
user_02007,2024-01-18,True,False,False,False,True
user_02008,2024-01-17,False,False,False,False,True
user_02009,2024-02-03,False,False,False,False,True
user_02010,2024-01-14,True,True,True,True,False
user_02011,2024-01-23,True,True,True,True,False
user_02012,2024-01-30,False,False,False,False,True
user_02013,2024-02-15,True,True,True,True,False
user_02014,2024-02-25,True,False,False,False,True
user_02015,2024-02-16,True,False,False,False,True
user_02016,2024-01-24,True,False,False,False,True
user_02017,2024-02-26,False,False,False,False,True
user_02018,2024-02-09,True,True,False,False,True
user_02019,2024-01-22,True,False,False,False,True
user_02020,2024-02-11,True,True,True,True,False
user_02021,2024-02-11,False,False,False,False,True
user_02022,2024-02-22,True,True,False,False,True
user_02023,2024-02-18,True,True,False,False,True
user_02024,2024-01-26,True,False,False,False,True
user_02025,2024-02-09,True,True,True,False,True
user_02026,2024-02-19,False,False,False,False,True
user_02027,2024-02-11,True,True,False,False,True
user_02028,2024-01-28,True,True,True,False,True
user_02029,2024-01-19,True,False,False,False,True
user_02030,2024-01-03,True,False,False,False,True
user_02031,2024-01-07,True,True,False,False,True
user_02032,2024-02-17,True,True,True,True,False
user_02033,2024-01-14,True,True,True,True,False
user_02034,2024-02-09,True,True,True,False,True
user_02035,2024-02-28,False,False,False,False,True
user_02036,2024-02-02,False,False,False,False,True
user_02037,2024-01-19,False,False,False,False,True
user_02038,2024-01-03,True,True,False,False,True
user_02039,2024-01-12,False,False,False,False,True
user_02040,2024-02-12,True,False,False,False,True
user_02041,2024-02-28,True,False,False,False,True
user_02042,2024-01-02,True,False,False,False,True
user_02043,2024-02-13,True,True,True,False,True
user_02044,2024-02-13,True,False,False,False,True
user_02045,2024-02-01,True,False,False,False,True
user_02046,2024-02-02,True,True,True,False,True
user_02047,2024-02-11,True,True,True,False,True
user_02048,2024-02-22,False,False,False,False,True
user_02049,2024-02-19,False,False,False,False,True
user_02050,2024-02-29,True,False,False,False,True
user_02051,2024-02-03,True,False,False,False,True
user_02052,2024-01-08,True,False,False,False,True
user_02053,2024-02-15,True,True,True,True,False
user_02054,2024-02-01,True,False,False,False,True
user_02055,2024-02-02,True,False,False,False,True
user_02056,2024-01-16,True,True,True,False,True
user_02057,2024-02-27,True,True,False,False,True
user_02058,2024-02-26,True,True,True,False,True
user_02059,2024-01-09,False,False,False,False,True
user_02060,2024-01-03,True,False,False,False,True
user_02061,2024-02-18,True,False,False,False,True
user_02062,2024-02-23,True,True,True,True,False
user_02063,2024-01-01,True,True,True,True,False
user_02064,2024-01-13,True,False,False,False,True
user_02065,2024-01-23,True,True,True,False,True
user_02066,2024-02-02,True,False,False,False,True
user_02067,2024-02-08,True,True,False,False,True
user_02068,2024-02-11,True,True,False,False,True
user_02069,2024-02-03,False,False,False,False,True
user_02070,2024-02-24,True,False,False,False,True
user_02071,2024-02-13,True,True,True,False,True
user_02072,2024-01-27,True,True,True,False,True
user_02073,2024-02-06,True,False,False,False,True
user_02074,2024-02-17,True,True,False,False,True
user_02075,2024-02-14,False,False,False,False,True
user_02076,2024-02-17,True,True,True,False,True
user_02077,2024-02-20,True,True,False,False,True
user_02078,2024-01-03,False,False,False,False,True
user_02079,2024-02-08,True,True,True,False,True
user_02080,2024-01-27,True,True,True,False,True
user_02081,2024-01-27,True,True,False,False,True
user_02082,2024-02-18,True,False,False,False,True
user_02083,2024-02-19,False,False,False,False,True
user_02084,2024-01-17,True,True,True,False,True
user_02085,2024-01-29,False,False,False,False,True
user_02086,2024-01-26,True,True,True,True,False
user_02087,2024-02-08,True,True,False,False,True
user_02088,2024-01-18,True,True,False,False,True
user_02089,2024-02-21,True,True,True,True,False
user_02090,2024-01-18,True,False,False,False,True
user_02091,2024-01-26,True,False,False,False,True
user_02092,2024-01-10,False,False,False,False,True
user_02093,2024-01-12,True,False,False,False,True
user_02094,2024-01-20,True,True,True,False,True
user_02095,2024-02-15,True,True,False,False,True
user_02096,2024-01-14,True,True,False,False,True
user_02097,2024-02-09,True,True,False,False,True
user_02098,2024-02-19,False,False,False,False,True
user_02099,2024-02-18,True,True,False,False,True
user_02100,2024-02-23,True,True,True,True,False
user_02101,2024-02-13,True,False,False,False,True
user_02102,2024-02-28,True,False,False,False,True
user_02103,2024-01-18,False,False,False,False,True
user_02104,2024-01-27,True,False,False,False,True
user_02105,2024-02-05,True,True,True,False,True
user_02106,2024-02-10,True,False,False,False,True
user_02107,2024-02-06,True,True,False,False,True
user_02108,2024-02-09,True,True,False,False,True
user_02109,2024-01-19,False,False,False,False,True
user_02110,2024-01-16,True,False,False,False,True
user_02111,2024-02-17,False,False,False,False,True
user_02112,2024-02-18,True,True,False,False,True
user_02113,2024-02-24,True,False,False,False,True
user_02114,2024-02-06,False,False,False,False,True
user_02115,2024-02-24,True,True,False,False,True
user_02116,2024-01-30,True,False,False,False,True
user_02117,2024-01-24,True,True,False,False,True
user_02118,2024-02-05,True,True,True,False,True
user_02119,2024-01-24,True,False,False,False,True
user_02120,2024-01-07,True,False,False,False,True
user_02121,2024-01-13,True,True,False,False,True
user_02122,2024-02-03,True,True,False,False,True
user_02123,2024-01-16,True,False,False,False,True
user_02124,2024-01-21,True,False,False,False,True
user_02125,2024-02-07,True,False,False,False,True
user_02126,2024-02-10,False,False,False,False,True
user_02127,2024-01-24,True,True,False,False,True
user_02128,2024-01-19,True,False,False,False,True
user_02129,2024-02-08,True,False,False,False,True
user_02130,2024-01-06,False,False,False,False,True
user_02131,2024-02-06,True,True,False,False,True
user_02132,2024-02-02,True,True,True,False,True
user_02133,2024-02-02,True,True,True,True,False
user_02134,2024-02-10,True,True,True,False,True
user_02135,2024-02-06,False,False,False,False,True
user_02136,2024-01-17,True,True,False,False,True
user_02137,2024-01-05,True,False,False,False,True
user_02138,2024-01-21,True,True,True,False,True
user_02139,2024-01-20,True,True,False,False,True
user_02140,2024-02-15,True,False,False,False,True
user_02141,2024-01-20,True,False,False,False,True
user_02142,2024-01-03,False,False,False,False,True
user_02143,2024-02-02,False,False,False,False,True
user_02144,2024-01-22,True,False,False,False,True
user_02145,2024-02-15,True,False,False,False,True
user_02146,2024-01-05,True,False,False,False,True
user_02147,2024-01-14,True,True,False,False,True
user_02148,2024-01-30,True,False,False,False,True
user_02149,2024-01-12,True,False,False,False,True
user_02150,2024-01-17,True,True,False,False,True
user_02151,2024-01-11,True,True,True,False,True
user_02152,2024-02-05,False,False,False,False,True
user_02153,2024-02-12,True,True,False,False,True
user_02154,2024-02-06,True,True,False,False,True
user_02155,2024-01-24,True,True,True,True,False
user_02156,2024-02-07,True,True,False,False,True
user_02157,2024-02-29,False,False,False,False,True
user_02158,2024-02-27,False,False,False,False,True
user_02159,2024-01-11,True,False,False,False,True
user_02160,2024-01-07,True,True,False,False,True
user_02161,2024-01-18,False,False,False,False,True
user_02162,2024-02-25,True,False,False,False,True
user_02163,2024-02-24,True,True,False,False,True
user_02164,2024-01-15,True,True,False,False,True
user_02165,2024-01-11,True,False,False,False,True
user_02166,2024-01-10,True,False,False,False,True
user_02167,2024-02-19,True,False,False,False,True
user_02168,2024-02-21,True,True,False,False,True
user_02169,2024-02-12,True,True,True,True,False
user_02170,2024-02-03,True,False,False,False,True
user_02171,2024-01-21,True,False,False,False,True
user_02172,2024-01-24,True,False,False,False,True
user_02173,2024-01-20,True,True,True,False,True
user_02174,2024-01-05,True,False,False,False,True
user_02175,2024-02-24,False,False,False,False,True
user_02176,2024-01-24,True,False,False,False,True
user_02177,2024-01-02,True,False,False,False,True
user_02178,2024-02-18,True,True,False,False,True
user_02179,2024-01-17,True,True,True,False,True
user_02180,2024-02-21,True,False,False,False,True
user_02181,2024-01-12,True,False,False,False,True
user_02182,2024-02-01,True,False,False,False,True
user_02183,2024-01-01,True,False,False,False,True
user_02184,2024-01-02,True,True,True,True,False
user_02185,2024-01-22,True,False,False,False,True
user_02186,2024-01-09,True,True,True,True,False
user_02187,2024-01-09,True,False,False,False,True
user_02188,2024-01-12,True,True,True,False,True
user_02189,2024-02-16,True,True,False,False,True
user_02190,2024-02-06,False,False,False,False,True
user_02191,2024-02-23,True,True,True,True,False
user_02192,2024-02-02,False,False,False,False,True
user_02193,2024-02-16,True,True,False,False,True
user_02194,2024-01-24,True,False,False,False,True
user_02195,2024-01-13,False,False,False,False,True
user_02196,2024-01-18,False,False,False,False,True
user_02197,2024-01-24,False,False,False,False,True
user_02198,2024-02-02,True,False,False,False,True
user_02199,2024-02-04,False,False,False,False,True
user_02200,2024-01-10,False,False,False,False,True
user_02201,2024-01-21,True,False,False,False,True
user_02202,2024-02-04,True,True,False,False,True
user_02203,2024-02-10,True,True,False,False,True
user_02204,2024-01-27,False,False,False,False,True
user_02205,2024-02-24,False,False,False,False,True
user_02206,2024-01-09,True,True,True,True,False
user_02207,2024-01-31,False,False,False,False,True
user_02208,2024-01-29,True,True,False,False,True
user_02209,2024-01-08,True,True,False,False,True
user_02210,2024-01-16,True,True,True,False,True
user_02211,2024-01-29,True,True,True,False,True
user_02212,2024-01-21,True,True,False,False,True
user_02213,2024-01-10,True,False,False,False,True
user_02214,2024-02-15,False,False,False,False,True
user_02215,2024-02-03,True,True,True,True,False
user_02216,2024-01-05,True,True,False,False,True
user_02217,2024-02-17,True,True,True,False,True
user_02218,2024-01-28,True,True,True,False,True
user_02219,2024-02-16,False,False,False,False,True
user_02220,2024-01-08,True,True,False,False,True
user_02221,2024-01-30,True,False,False,False,True
user_02222,2024-02-17,True,True,True,False,True
user_02223,2024-01-25,True,False,False,False,True
user_02224,2024-01-12,True,False,False,False,True
user_02225,2024-01-30,True,True,True,False,True
user_02226,2024-01-16,True,True,False,False,True
user_02227,2024-01-13,True,True,False,False,True
user_02228,2024-01-05,True,True,False,False,True
user_02229,2024-02-22,True,True,False,False,True
user_02230,2024-02-19,True,True,False,False,True
user_02231,2024-02-20,False,False,False,False,True
user_02232,2024-02-24,True,True,True,True,False
user_02233,2024-02-17,True,False,False,False,True
user_02234,2024-02-20,True,True,False,False,True
user_02235,2024-01-30,False,False,False,False,True
user_02236,2024-01-11,True,True,False,False,True
user_02237,2024-01-19,False,False,False,False,True
user_02238,2024-02-11,True,True,True,True,False
user_02239,2024-01-16,True,True,True,False,True
user_02240,2024-02-01,True,False,False,False,True
user_02241,2024-02-10,True,True,True,False,True
user_02242,2024-02-06,True,True,True,False,True
user_02243,2024-01-10,True,False,False,False,True
user_02244,2024-01-12,True,True,False,False,True
user_02245,2024-02-10,False,False,False,False,True
user_02246,2024-01-18,False,False,False,False,True
user_02247,2024-01-14,True,False,False,False,True
user_02248,2024-02-27,True,False,False,False,True
user_02249,2024-01-18,True,True,True,True,False
user_02250,2024-01-31,True,False,False,False,True
user_02251,2024-01-22,True,False,False,False,True
user_02252,2024-02-20,True,False,False,False,True
user_02253,2024-01-12,False,False,False,False,True
user_02254,2024-01-11,False,False,False,False,True
user_02255,2024-02-22,True,True,True,False,True
user_02256,2024-02-09,True,False,False,False,True
user_02257,2024-02-17,True,True,False,False,True
user_02258,2024-01-04,True,False,False,False,True
user_02259,2024-01-04,True,False,False,False,True
user_02260,2024-01-26,True,True,True,True,False
user_02261,2024-01-19,True,True,False,False,True
user_02262,2024-01-02,True,True,False,False,True
user_02263,2024-02-02,True,True,True,True,False
user_02264,2024-01-24,True,True,False,False,True
user_02265,2024-02-17,True,True,False,False,True
user_02266,2024-02-21,True,False,False,False,True
user_02267,2024-01-16,True,True,True,True,False
user_02268,2024-02-18,True,True,False,False,True
user_02269,2024-01-15,False,False,False,False,True
user_02270,2024-01-28,True,False,False,False,True
user_02271,2024-02-02,False,False,False,False,True
user_02272,2024-01-15,True,True,False,False,True
user_02273,2024-02-07,True,False,False,False,True
user_02274,2024-02-13,True,False,False,False,True
user_02275,2024-01-25,True,True,False,False,True
user_02276,2024-01-22,True,False,False,False,True
user_02277,2024-02-15,True,True,False,False,True
user_02278,2024-01-25,False,False,False,False,True
user_02279,2024-02-23,True,False,False,False,True
user_02280,2024-01-15,True,False,False,False,True
user_02281,2024-02-23,False,False,False,False,True
user_02282,2024-01-18,True,True,False,False,True
user_02283,2024-02-08,True,True,True,False,True
user_02284,2024-01-07,True,True,True,False,True
user_02285,2024-02-24,True,True,True,False,True
user_02286,2024-02-08,True,False,False,False,True
user_02287,2024-02-28,False,False,False,False,True
user_02288,2024-01-09,False,False,False,False,True
user_02289,2024-01-27,True,False,False,False,True
user_02290,2024-02-07,True,True,False,False,True
user_02291,2024-01-13,True,True,True,False,True
user_02292,2024-02-02,True,True,False,False,True
user_02293,2024-02-05,True,True,True,False,True
user_02294,2024-01-18,False,False,False,False,True
user_02295,2024-02-17,True,False,False,False,True
user_02296,2024-01-12,True,True,True,False,True
user_02297,2024-01-25,True,False,False,False,True
user_02298,2024-01-14,True,True,False,False,True
user_02299,2024-01-05,True,True,True,False,True
user_02300,2024-01-16,False,False,False,False,True
user_02301,2024-01-14,True,True,True,True,False
user_02302,2024-02-16,True,False,False,False,True
user_02303,2024-01-24,True,True,True,True,False
user_02304,2024-01-10,True,True,True,False,True
user_02305,2024-02-22,True,True,False,False,True
user_02306,2024-02-01,False,False,False,False,True
user_02307,2024-01-26,True,True,False,False,True
user_02308,2024-01-15,True,True,True,False,True
user_02309,2024-01-11,True,True,True,True,False
user_02310,2024-02-21,True,True,True,True,False
user_02311,2024-02-06,False,False,False,False,True
user_02312,2024-01-18,True,True,False,False,True
user_02313,2024-01-12,True,False,False,False,True
user_02314,2024-01-10,True,True,True,False,True
user_02315,2024-01-10,False,False,False,False,True
user_02316,2024-02-08,True,True,True,False,True
user_02317,2024-01-21,True,False,False,False,True
user_02318,2024-01-04,True,True,False,False,True
user_02319,2024-01-23,False,False,False,False,True
user_02320,2024-02-09,True,False,False,False,True
user_02321,2024-02-27,True,False,False,False,True
user_02322,2024-01-22,True,True,False,False,True
user_02323,2024-01-07,False,False,False,False,True
user_02324,2024-01-08,True,True,True,False,True
user_02325,2024-02-26,True,False,False,False,True
user_02326,2024-01-09,True,False,False,False,True
user_02327,2024-02-02,True,True,True,False,True
user_02328,2024-01-15,True,True,True,False,True
user_02329,2024-02-21,True,True,True,False,True
user_02330,2024-01-15,False,False,False,False,True
user_02331,2024-02-12,True,False,False,False,True
user_02332,2024-01-09,True,False,False,False,True
user_02333,2024-01-26,False,False,False,False,True
user_02334,2024-02-24,True,False,False,False,True
user_02335,2024-02-22,False,False,False,False,True
user_02336,2024-01-06,True,True,False,False,True
user_02337,2024-02-12,False,False,False,False,True
user_02338,2024-01-19,False,False,False,False,True
user_02339,2024-02-27,True,True,False,False,True
user_02340,2024-02-25,True,True,True,False,True
user_02341,2024-02-14,True,False,False,False,True
user_02342,2024-01-10,True,True,True,True,False
user_02343,2024-01-06,True,True,True,False,True
user_02344,2024-02-17,False,False,False,False,True
user_02345,2024-02-24,True,True,True,True,False
user_02346,2024-01-19,True,True,False,False,True
user_02347,2024-01-14,False,False,False,False,True
user_02348,2024-01-19,True,True,True,True,False
user_02349,2024-02-27,False,False,False,False,True
user_02350,2024-02-03,True,True,False,False,True
user_02351,2024-02-07,True,True,True,True,False
user_02352,2024-01-07,False,False,False,False,True
user_02353,2024-02-26,False,False,False,False,True
user_02354,2024-01-13,True,True,False,False,True
user_02355,2024-01-24,False,False,False,False,True
user_02356,2024-02-11,True,False,False,False,True
user_02357,2024-01-18,True,True,False,False,True
user_02358,2024-01-10,True,True,True,False,True
user_02359,2024-02-24,True,False,False,False,True
user_02360,2024-01-02,False,False,False,False,True
user_02361,2024-02-17,True,True,True,True,False
user_02362,2024-01-27,True,True,True,True,False
user_02363,2024-02-26,False,False,False,False,True
user_02364,2024-02-19,False,False,False,False,True
user_02365,2024-01-11,True,True,True,True,False
user_02366,2024-02-17,False,False,False,False,True
user_02367,2024-01-09,True,True,False,False,True
user_02368,2024-01-13,True,False,False,False,True
user_02369,2024-02-06,True,True,True,True,False
user_02370,2024-01-05,True,True,True,True,False
user_02371,2024-01-10,False,False,False,False,True
user_02372,2024-01-30,True,False,False,False,True
user_02373,2024-01-01,True,True,True,True,False
user_02374,2024-02-02,True,False,False,False,True
user_02375,2024-02-26,True,True,False,False,True
user_02376,2024-01-01,True,False,False,False,True
user_02377,2024-01-06,True,True,True,False,True
user_02378,2024-02-18,True,True,False,False,True
user_02379,2024-01-09,True,True,True,False,True
user_02380,2024-01-12,True,True,False,False,True
user_02381,2024-02-19,True,True,False,False,True
user_02382,2024-01-15,True,True,True,False,True
user_02383,2024-02-23,True,True,True,False,True
user_02384,2024-01-12,True,True,False,False,True
user_02385,2024-01-30,False,False,False,False,True
user_02386,2024-01-22,True,False,False,False,True
user_02387,2024-01-27,True,True,False,False,True
user_02388,2024-02-28,False,False,False,False,True
user_02389,2024-02-22,True,False,False,False,True
user_02390,2024-01-16,True,True,False,False,True
user_02391,2024-01-31,True,True,False,False,True
user_02392,2024-02-24,True,True,True,False,True
user_02393,2024-01-22,True,False,False,False,True
user_02394,2024-01-27,True,True,True,False,True
user_02395,2024-01-26,True,False,False,False,True
user_02396,2024-01-17,False,False,False,False,True
user_02397,2024-01-22,True,True,True,False,True
user_02398,2024-02-12,False,False,False,False,True
user_02399,2024-01-17,True,True,False,False,True
user_02400,2024-01-11,True,False,False,False,True
user_02401,2024-01-02,True,True,True,True,False
user_02402,2024-01-17,True,True,True,False,True
user_02403,2024-01-09,True,True,False,False,True
user_02404,2024-01-23,True,False,False,False,True
user_02405,2024-01-31,True,False,False,False,True
user_02406,2024-02-02,True,False,False,False,True
user_02407,2024-01-31,True,False,False,False,True
user_02408,2024-02-16,True,False,False,False,True
user_02409,2024-01-16,True,False,False,False,True
user_02410,2024-01-06,True,True,False,False,True
user_02411,2024-01-12,True,True,True,True,False
user_02412,2024-02-05,True,True,True,True,False
user_02413,2024-01-04,True,True,False,False,True
user_02414,2024-01-21,True,False,False,False,True
user_02415,2024-01-03,True,True,False,False,True
user_02416,2024-02-09,True,True,False,False,True
user_02417,2024-02-21,True,True,True,True,False
user_02418,2024-02-16,False,False,False,False,True
user_02419,2024-01-23,True,True,True,True,False
user_02420,2024-02-13,False,False,False,False,True
user_02421,2024-01-03,True,True,True,True,False
user_02422,2024-02-27,True,True,False,False,True
user_02423,2024-02-02,True,False,False,False,True
user_02424,2024-01-21,True,True,False,False,True
user_02425,2024-01-31,True,True,True,False,True
user_02426,2024-02-10,True,True,False,False,True
user_02427,2024-02-21,True,True,True,True,False
user_02428,2024-02-26,True,False,False,False,True
user_02429,2024-02-02,True,False,False,False,True
user_02430,2024-02-24,False,False,False,False,True
user_02431,2024-02-08,True,False,False,False,True
user_02432,2024-01-06,True,True,False,False,True
user_02433,2024-02-02,True,False,False,False,True
user_02434,2024-01-10,True,True,True,True,False
user_02435,2024-02-18,True,True,True,False,True
user_02436,2024-02-02,False,False,False,False,True
user_02437,2024-02-25,True,False,False,False,True
user_02438,2024-01-24,False,False,False,False,True
user_02439,2024-02-14,True,True,False,False,True
user_02440,2024-02-25,True,True,False,False,True
user_02441,2024-01-08,True,True,False,False,True
user_02442,2024-02-26,True,True,False,False,True
user_02443,2024-01-04,True,False,False,False,True
user_02444,2024-02-02,False,False,False,False,True
user_02445,2024-01-20,True,True,False,False,True
user_02446,2024-01-26,True,False,False,False,True
user_02447,2024-02-21,True,False,False,False,True
user_02448,2024-01-09,True,True,False,False,True
user_02449,2024-02-20,False,False,False,False,True
user_02450,2024-02-19,True,False,False,False,True
user_02451,2024-02-02,True,False,False,False,True
user_02452,2024-01-02,True,True,True,True,False
user_02453,2024-01-11,True,True,True,True,False
user_02454,2024-01-08,True,True,True,True,False
user_02455,2024-02-15,True,False,False,False,True
user_02456,2024-01-29,True,False,False,False,True
user_02457,2024-02-07,False,False,False,False,True
user_02458,2024-01-20,True,False,False,False,True
user_02459,2024-01-26,True,False,False,False,True
user_02460,2024-01-17,True,True,True,False,True
user_02461,2024-01-22,True,False,False,False,True
user_02462,2024-02-15,True,True,False,False,True
user_02463,2024-02-24,True,True,False,False,True
user_02464,2024-02-26,False,False,False,False,True
user_02465,2024-01-22,True,False,False,False,True
user_02466,2024-02-25,True,False,False,False,True
user_02467,2024-01-04,True,False,False,False,True
user_02468,2024-01-16,True,False,False,False,True
user_02469,2024-01-19,True,True,True,False,True
user_02470,2024-02-26,True,True,False,False,True
user_02471,2024-02-02,True,True,False,False,True
user_02472,2024-02-28,False,False,False,False,True
user_02473,2024-02-18,True,False,False,False,True
user_02474,2024-01-08,True,False,False,False,True
user_02475,2024-01-05,True,True,False,False,True
user_02476,2024-01-31,False,False,False,False,True
user_02477,2024-01-18,False,False,False,False,True
user_02478,2024-02-08,True,False,False,False,True
user_02479,2024-02-07,False,False,False,False,True
user_02480,2024-01-14,True,True,False,False,True
user_02481,2024-02-07,True,True,False,False,True
user_02482,2024-01-12,True,False,False,False,True
user_02483,2024-01-25,True,False,False,False,True
user_02484,2024-01-12,True,False,False,False,True
user_02485,2024-02-26,True,True,True,False,True
user_02486,2024-01-29,True,True,False,False,True
user_02487,2024-02-03,False,False,False,False,True
user_02488,2024-01-05,True,True,True,False,True
user_02489,2024-01-23,True,False,False,False,True
user_02490,2024-01-13,True,True,True,True,False
user_02491,2024-01-17,True,True,True,False,True
user_02492,2024-02-25,True,False,False,False,True
user_02493,2024-02-12,False,False,False,False,True
user_02494,2024-02-28,False,False,False,False,True
user_02495,2024-01-12,True,False,False,False,True
user_02496,2024-02-10,True,True,False,False,True
user_02497,2024-01-05,True,True,False,False,True
user_02498,2024-01-19,True,False,False,False,True
user_02499,2024-01-16,True,False,False,False,True
user_02500,2024-02-01,True,False,False,False,True
user_02501,2024-02-12,False,False,False,False,True
user_02502,2024-02-05,True,False,False,False,True
user_02503,2024-01-29,True,True,False,False,True
user_02504,2024-01-03,True,False,False,False,True
user_02505,2024-02-09,True,True,True,True,False
user_02506,2024-02-29,True,False,False,False,True
user_02507,2024-01-10,True,True,False,False,True
user_02508,2024-02-12,False,False,False,False,True
user_02509,2024-02-10,True,False,False,False,True
user_02510,2024-01-16,True,True,False,False,True
user_02511,2024-02-06,True,True,False,False,True
user_02512,2024-02-08,True,True,False,False,True
user_02513,2024-01-19,True,True,True,False,True
user_02514,2024-02-15,True,True,False,False,True
user_02515,2024-01-27,True,True,False,False,True
user_02516,2024-02-20,True,False,False,False,True
user_02517,2024-02-09,True,True,False,False,True
user_02518,2024-02-07,True,True,False,False,True
user_02519,2024-02-12,False,False,False,False,True
user_02520,2024-01-22,True,True,False,False,True
user_02521,2024-01-16,False,False,False,False,True
user_02522,2024-02-22,False,False,False,False,True
user_02523,2024-02-28,True,True,True,False,True
user_02524,2024-02-25,True,True,True,False,True
user_02525,2024-01-25,True,True,False,False,True
user_02526,2024-02-05,True,False,False,False,True
user_02527,2024-02-10,False,False,False,False,True
user_02528,2024-02-07,True,False,False,False,True
user_02529,2024-01-22,False,False,False,False,True
user_02530,2024-01-18,False,False,False,False,True
user_02531,2024-02-21,True,True,False,False,True
user_02532,2024-02-12,True,False,False,False,True
user_02533,2024-01-17,True,False,False,False,True
user_02534,2024-02-20,True,False,False,False,True
user_02535,2024-02-23,True,True,True,True,False
user_02536,2024-02-24,True,False,False,False,True
user_02537,2024-02-15,False,False,False,False,True
user_02538,2024-01-13,False,False,False,False,True
user_02539,2024-01-06,True,False,False,False,True
user_02540,2024-02-29,True,True,True,False,True
user_02541,2024-01-13,True,True,False,False,True
user_02542,2024-02-29,False,False,False,False,True
user_02543,2024-02-11,True,False,False,False,True
user_02544,2024-02-04,True,False,False,False,True
user_02545,2024-02-26,True,True,True,True,False
user_02546,2024-02-10,True,True,True,False,True
user_02547,2024-01-28,False,False,False,False,True
user_02548,2024-02-13,False,False,False,False,True
user_02549,2024-01-26,True,True,True,False,True
user_02550,2024-02-25,True,True,False,False,True
user_02551,2024-02-08,False,False,False,False,True
user_02552,2024-02-12,True,False,False,False,True
user_02553,2024-02-03,True,False,False,False,True
user_02554,2024-02-22,False,False,False,False,True
user_02555,2024-01-12,False,False,False,False,True
user_02556,2024-02-13,True,True,True,False,True
user_02557,2024-01-04,True,True,False,False,True
user_02558,2024-01-03,True,False,False,False,True
user_02559,2024-01-17,True,True,True,False,True
user_02560,2024-02-12,True,False,False,False,True
user_02561,2024-02-20,False,False,False,False,True
user_02562,2024-01-18,True,True,True,False,True
user_02563,2024-01-15,False,False,False,False,True
user_02564,2024-01-19,True,True,True,True,False
user_02565,2024-02-10,False,False,False,False,True
user_02566,2024-02-24,True,True,True,False,True
user_02567,2024-01-06,True,True,True,False,True
user_02568,2024-01-09,True,False,False,False,True
user_02569,2024-02-12,True,True,False,False,True
user_02570,2024-01-15,True,False,False,False,True
user_02571,2024-02-21,True,True,True,False,True
user_02572,2024-01-26,True,False,False,False,True
user_02573,2024-01-31,True,False,False,False,True
user_02574,2024-01-15,True,True,True,True,False
user_02575,2024-02-10,True,True,False,False,True
user_02576,2024-02-04,False,False,False,False,True
user_02577,2024-02-07,True,True,False,False,True
user_02578,2024-02-11,True,False,False,False,True
user_02579,2024-01-23,False,False,False,False,True
user_02580,2024-02-13,True,True,True,False,True
user_02581,2024-01-28,True,False,False,False,True
user_02582,2024-02-07,True,True,False,False,True
user_02583,2024-02-18,True,False,False,False,True
user_02584,2024-01-23,True,False,False,False,True
user_02585,2024-02-07,True,False,False,False,True
user_02586,2024-02-01,True,True,True,False,True
user_02587,2024-02-19,False,False,False,False,True
user_02588,2024-02-16,True,True,False,False,True
user_02589,2024-01-23,True,True,True,True,False
user_02590,2024-01-13,True,True,True,True,False
user_02591,2024-01-10,True,True,True,False,True
user_02592,2024-02-14,True,False,False,False,True
user_02593,2024-02-24,True,True,True,True,False
user_02594,2024-02-16,True,False,False,False,True
user_02595,2024-01-16,True,False,False,False,True
user_02596,2024-01-30,True,False,False,False,True
user_02597,2024-02-05,True,True,True,False,True
user_02598,2024-01-05,True,False,False,False,True
user_02599,2024-01-29,True,False,False,False,True
user_02600,2024-01-27,True,True,True,True,False
user_02601,2024-01-07,True,False,False,False,True
user_02602,2024-02-22,True,True,False,False,True
user_02603,2024-01-05,True,False,False,False,True
user_02604,2024-01-08,True,True,True,False,True
user_02605,2024-02-23,True,True,False,False,True
user_02606,2024-01-21,True,True,True,True,False
user_02607,2024-01-16,True,True,False,False,True
user_02608,2024-01-25,True,False,False,False,True
user_02609,2024-01-29,False,False,False,False,True
user_02610,2024-02-25,True,True,False,False,True
user_02611,2024-02-14,True,False,False,False,True
user_02612,2024-01-02,False,False,False,False,True
user_02613,2024-01-04,False,False,False,False,True
user_02614,2024-02-05,True,False,False,False,True
user_02615,2024-02-24,True,False,False,False,True
user_02616,2024-02-23,True,False,False,False,True
user_02617,2024-01-10,True,True,False,False,True
user_02618,2024-02-10,True,True,False,False,True
user_02619,2024-01-08,False,False,False,False,True
user_02620,2024-01-11,True,False,False,False,True
user_02621,2024-02-11,True,False,False,False,True
user_02622,2024-01-21,True,True,False,False,True
user_02623,2024-01-10,True,True,True,False,True
user_02624,2024-01-26,True,True,True,False,True
user_02625,2024-02-04,True,False,False,False,True
user_02626,2024-02-23,True,True,False,False,True
user_02627,2024-01-12,True,False,False,False,True
user_02628,2024-02-20,True,True,True,False,True
user_02629,2024-01-23,True,True,True,False,True
user_02630,2024-02-25,True,True,True,False,True
user_02631,2024-02-27,True,True,False,False,True
user_02632,2024-01-02,True,False,False,False,True
user_02633,2024-01-22,True,False,False,False,True
user_02634,2024-01-10,True,True,True,True,False
user_02635,2024-01-09,True,False,False,False,True
user_02636,2024-02-05,True,False,False,False,True
user_02637,2024-01-31,False,False,False,False,True
user_02638,2024-01-16,False,False,False,False,True
user_02639,2024-01-22,True,True,False,False,True
user_02640,2024-01-26,True,False,False,False,True
user_02641,2024-02-21,True,False,False,False,True
user_02642,2024-01-01,True,False,False,False,True
user_02643,2024-01-12,True,True,False,False,True
user_02644,2024-01-07,False,False,False,False,True
user_02645,2024-02-26,True,False,False,False,True
user_02646,2024-02-22,True,True,False,False,True
user_02647,2024-02-11,True,True,True,False,True
user_02648,2024-02-29,False,False,False,False,True
user_02649,2024-02-23,True,True,False,False,True
user_02650,2024-01-11,False,False,False,False,True
user_02651,2024-01-04,True,True,True,False,True
user_02652,2024-02-05,True,False,False,False,True
user_02653,2024-01-02,True,True,False,False,True
user_02654,2024-01-22,True,True,False,False,True
user_02655,2024-01-22,True,False,False,False,True
user_02656,2024-02-11,True,True,False,False,True
user_02657,2024-01-05,True,True,False,False,True
user_02658,2024-02-16,True,True,False,False,True
user_02659,2024-02-09,False,False,False,False,True
user_02660,2024-02-01,True,True,False,False,True
user_02661,2024-02-05,True,False,False,False,True
user_02662,2024-02-28,False,False,False,False,True
user_02663,2024-02-03,True,False,False,False,True
user_02664,2024-01-17,True,True,True,False,True
user_02665,2024-02-04,False,False,False,False,True
user_02666,2024-01-01,False,False,False,False,True
user_02667,2024-01-18,True,True,False,False,True
user_02668,2024-02-26,True,True,False,False,True
user_02669,2024-01-21,True,False,False,False,True
user_02670,2024-02-26,True,True,True,False,True
user_02671,2024-02-25,True,False,False,False,True
user_02672,2024-02-27,True,True,True,False,True
user_02673,2024-01-18,True,True,True,False,True
user_02674,2024-01-29,True,True,False,False,True
user_02675,2024-02-28,True,False,False,False,True
user_02676,2024-01-13,True,False,False,False,True
user_02677,2024-01-17,True,True,True,True,False
user_02678,2024-01-20,False,False,False,False,True
user_02679,2024-01-16,True,True,True,False,True
user_02680,2024-02-17,True,False,False,False,True
user_02681,2024-01-21,True,False,False,False,True
user_02682,2024-02-23,True,True,True,True,False
user_02683,2024-01-25,True,True,False,False,True
user_02684,2024-01-06,True,True,False,False,True
user_02685,2024-01-29,True,True,True,False,True
user_02686,2024-01-04,True,True,True,False,True
user_02687,2024-01-02,True,True,False,False,True
user_02688,2024-02-06,True,True,True,False,True
user_02689,2024-01-28,False,False,False,False,True
user_02690,2024-01-18,True,True,False,False,True
user_02691,2024-02-17,True,False,False,False,True
user_02692,2024-02-26,True,True,True,False,True
user_02693,2024-01-12,True,False,False,False,True
user_02694,2024-01-10,True,True,False,False,True
user_02695,2024-01-07,True,False,False,False,True
user_02696,2024-01-11,True,True,False,False,True
user_02697,2024-02-17,True,True,True,False,True
user_02698,2024-02-03,True,False,False,False,True
user_02699,2024-01-16,True,False,False,False,True
user_02700,2024-02-20,False,False,False,False,True
user_02701,2024-01-12,False,False,False,False,True
user_02702,2024-02-11,True,True,False,False,True
user_02703,2024-02-19,True,True,False,False,True
user_02704,2024-02-29,False,False,False,False,True
user_02705,2024-02-04,False,False,False,False,True
user_02706,2024-02-23,True,False,False,False,True
user_02707,2024-02-08,True,True,True,True,False
user_02708,2024-01-01,True,True,True,False,True
user_02709,2024-01-03,True,False,False,False,True
user_02710,2024-01-26,True,False,False,False,True
user_02711,2024-02-27,False,False,False,False,True
user_02712,2024-01-03,False,False,False,False,True
user_02713,2024-01-27,True,True,True,True,False
user_02714,2024-01-24,True,True,True,False,True
user_02715,2024-01-16,True,True,False,False,True
user_02716,2024-02-16,True,False,False,False,True
user_02717,2024-01-14,True,True,True,True,False
user_02718,2024-01-24,True,True,False,False,True
user_02719,2024-02-12,True,True,True,True,False
user_02720,2024-02-02,True,False,False,False,True
user_02721,2024-02-13,False,False,False,False,True
user_02722,2024-02-03,True,False,False,False,True
user_02723,2024-02-12,False,False,False,False,True
user_02724,2024-01-10,True,True,True,True,False
user_02725,2024-02-22,True,True,False,False,True
user_02726,2024-01-24,True,True,True,False,True
user_02727,2024-02-03,True,False,False,False,True
user_02728,2024-01-17,True,True,True,False,True
user_02729,2024-01-30,True,True,True,True,False
user_02730,2024-01-11,True,True,True,False,True
user_02731,2024-02-14,True,True,False,False,True
user_02732,2024-01-31,True,False,False,False,True
user_02733,2024-01-13,True,True,False,False,True
user_02734,2024-01-06,False,False,False,False,True
user_02735,2024-01-19,True,False,False,False,True
user_02736,2024-02-28,True,True,True,False,True
user_02737,2024-01-05,True,False,False,False,True
user_02738,2024-02-14,False,False,False,False,True
user_02739,2024-01-14,True,True,True,True,False
user_02740,2024-01-23,True,True,True,False,True
user_02741,2024-02-04,True,True,True,False,True
user_02742,2024-02-12,True,True,False,False,True
user_02743,2024-01-14,True,False,False,False,True
user_02744,2024-01-06,True,True,True,False,True
user_02745,2024-02-01,False,False,False,False,True
user_02746,2024-01-13,True,True,True,False,True
user_02747,2024-01-24,True,True,True,False,True
user_02748,2024-01-20,True,True,True,False,True
user_02749,2024-01-25,True,True,True,False,True
user_02750,2024-02-17,True,False,False,False,True
user_02751,2024-01-07,False,False,False,False,True
user_02752,2024-02-18,True,True,False,False,True
user_02753,2024-02-25,True,True,False,False,True
user_02754,2024-01-16,True,False,False,False,True
user_02755,2024-01-31,True,True,False,False,True
user_02756,2024-02-22,True,True,False,False,True
user_02757,2024-01-16,False,False,False,False,True
user_02758,2024-02-24,True,True,True,True,False
user_02759,2024-02-09,True,False,False,False,True
user_02760,2024-01-22,True,False,False,False,True
user_02761,2024-02-16,True,True,True,False,True
user_02762,2024-02-05,True,False,False,False,True
user_02763,2024-01-07,True,True,False,False,True
user_02764,2024-02-05,False,False,False,False,True
user_02765,2024-02-09,False,False,False,False,True
user_02766,2024-02-22,False,False,False,False,True
user_02767,2024-01-27,True,True,True,True,False
user_02768,2024-01-01,True,True,True,True,False
user_02769,2024-01-10,True,False,False,False,True
user_02770,2024-01-06,True,True,False,False,True
user_02771,2024-01-17,True,False,False,False,True
user_02772,2024-02-25,False,False,False,False,True
user_02773,2024-02-08,True,True,False,False,True
user_02774,2024-01-18,True,True,True,False,True
user_02775,2024-02-24,True,True,False,False,True
user_02776,2024-02-17,True,True,True,False,True
user_02777,2024-01-25,False,False,False,False,True
user_02778,2024-02-22,True,True,False,False,True
user_02779,2024-02-11,True,True,False,False,True
user_02780,2024-01-20,True,False,False,False,True
user_02781,2024-01-20,True,False,False,False,True
user_02782,2024-02-12,True,True,False,False,True
user_02783,2024-01-15,True,True,True,False,True
user_02784,2024-02-14,True,True,True,False,True
user_02785,2024-01-16,True,True,False,False,True
user_02786,2024-01-29,True,True,False,False,True
user_02787,2024-02-26,False,False,False,False,True
user_02788,2024-02-12,True,True,True,True,False
user_02789,2024-02-10,False,False,False,False,True
user_02790,2024-02-10,True,True,True,False,True
user_02791,2024-01-21,True,True,False,False,True
user_02792,2024-01-09,True,True,False,False,True
user_02793,2024-01-09,True,True,False,False,True
user_02794,2024-02-24,False,False,False,False,True
user_02795,2024-02-10,True,True,True,True,False
user_02796,2024-02-07,True,False,False,False,True
user_02797,2024-02-28,True,False,False,False,True
user_02798,2024-01-01,True,True,False,False,True
user_02799,2024-01-26,True,False,False,False,True
user_02800,2024-01-30,True,True,True,False,True
user_02801,2024-02-10,True,True,True,True,False
user_02802,2024-02-22,False,False,False,False,True
user_02803,2024-02-27,False,False,False,False,True
user_02804,2024-01-14,False,False,False,False,True
user_02805,2024-01-12,True,True,False,False,True
user_02806,2024-01-01,False,False,False,False,True
user_02807,2024-01-28,True,False,False,False,True
user_02808,2024-02-21,False,False,False,False,True
user_02809,2024-02-01,True,False,False,False,True
user_02810,2024-02-08,True,True,True,False,True
user_02811,2024-02-07,True,True,False,False,True
user_02812,2024-01-03,False,False,False,False,True
user_02813,2024-01-27,True,False,False,False,True
user_02814,2024-02-28,True,True,False,False,True
user_02815,2024-01-09,True,True,True,True,False
user_02816,2024-02-29,True,False,False,False,True
user_02817,2024-02-13,True,True,False,False,True
user_02818,2024-02-03,True,True,False,False,True
user_02819,2024-01-26,True,False,False,False,True
user_02820,2024-02-04,False,False,False,False,True
user_02821,2024-01-19,True,True,False,False,True
user_02822,2024-01-10,True,True,False,False,True
user_02823,2024-01-18,False,False,False,False,True
user_02824,2024-01-28,True,True,False,False,True
user_02825,2024-01-03,True,True,True,False,True
user_02826,2024-01-28,True,False,False,False,True
user_02827,2024-01-13,False,False,False,False,True
user_02828,2024-01-11,False,False,False,False,True
user_02829,2024-01-17,True,True,True,True,False
user_02830,2024-02-06,True,True,True,False,True
user_02831,2024-01-02,True,True,False,False,True
user_02832,2024-01-03,True,False,False,False,True
user_02833,2024-01-12,True,False,False,False,True
user_02834,2024-01-10,True,False,False,False,True
user_02835,2024-02-02,True,True,False,False,True
user_02836,2024-01-15,True,True,False,False,True
user_02837,2024-02-13,True,False,False,False,True
user_02838,2024-02-22,True,False,False,False,True
user_02839,2024-02-08,True,False,False,False,True
user_02840,2024-02-06,False,False,False,False,True
user_02841,2024-02-05,True,False,False,False,True
user_02842,2024-01-31,True,False,False,False,True
user_02843,2024-02-13,True,True,True,True,False
user_02844,2024-02-29,True,True,False,False,True
user_02845,2024-01-08,True,True,False,False,True
user_02846,2024-01-28,True,True,True,True,False
user_02847,2024-02-04,True,True,True,False,True
user_02848,2024-02-26,True,True,True,True,False
user_02849,2024-01-02,True,True,False,False,True
user_02850,2024-01-28,False,False,False,False,True
user_02851,2024-01-10,True,True,False,False,True
user_02852,2024-01-22,True,True,False,False,True
user_02853,2024-01-28,True,True,False,False,True
user_02854,2024-01-21,True,True,True,True,False
user_02855,2024-01-21,False,False,False,False,True
user_02856,2024-02-28,True,True,False,False,True
user_02857,2024-02-22,True,True,True,False,True
user_02858,2024-02-11,False,False,False,False,True
user_02859,2024-02-21,True,False,False,False,True
user_02860,2024-01-19,True,True,True,True,False
user_02861,2024-02-04,True,False,False,False,True
user_02862,2024-01-17,True,False,False,False,True
user_02863,2024-02-21,True,True,False,False,True
user_02864,2024-01-18,True,True,False,False,True
user_02865,2024-02-09,True,True,False,False,True
user_02866,2024-01-08,False,False,False,False,True
user_02867,2024-02-23,True,True,True,False,True
user_02868,2024-01-07,True,False,False,False,True
user_02869,2024-01-14,True,True,True,False,True
user_02870,2024-01-07,True,True,True,False,True
user_02871,2024-02-17,False,False,False,False,True
user_02872,2024-01-23,False,False,False,False,True
user_02873,2024-01-10,True,True,False,False,True
user_02874,2024-01-24,True,True,True,False,True
user_02875,2024-01-18,False,False,False,False,True
user_02876,2024-02-08,True,True,False,False,True
user_02877,2024-02-22,True,True,False,False,True
user_02878,2024-01-30,True,True,True,True,False
user_02879,2024-02-11,True,True,True,False,True
user_02880,2024-01-22,True,True,False,False,True
user_02881,2024-01-14,True,True,True,False,True
user_02882,2024-02-10,True,True,False,False,True
user_02883,2024-02-15,True,True,False,False,True
user_02884,2024-01-08,True,False,False,False,True
user_02885,2024-01-23,True,False,False,False,True
user_02886,2024-01-12,True,True,False,False,True
user_02887,2024-02-28,True,False,False,False,True
user_02888,2024-02-16,True,True,False,False,True
user_02889,2024-02-11,False,False,False,False,True
user_02890,2024-02-02,True,False,False,False,True
user_02891,2024-02-27,True,True,True,True,False
user_02892,2024-01-04,True,True,False,False,True
user_02893,2024-02-13,True,True,True,False,True
user_02894,2024-01-23,True,True,True,True,False
user_02895,2024-01-04,True,False,False,False,True
user_02896,2024-02-28,False,False,False,False,True
user_02897,2024-01-29,True,True,False,False,True
user_02898,2024-01-02,True,True,False,False,True
user_02899,2024-02-09,False,False,False,False,True
user_02900,2024-01-17,True,False,False,False,True
user_02901,2024-02-18,True,True,False,False,True
user_02902,2024-02-28,True,False,False,False,True
user_02903,2024-02-07,True,True,False,False,True
user_02904,2024-01-25,True,False,False,False,True
user_02905,2024-01-12,True,False,False,False,True
user_02906,2024-01-06,True,False,False,False,True
user_02907,2024-02-21,True,False,False,False,True
user_02908,2024-02-09,True,False,False,False,True
user_02909,2024-02-05,True,False,False,False,True
user_02910,2024-01-22,False,False,False,False,True
user_02911,2024-02-14,False,False,False,False,True
user_02912,2024-01-22,False,False,False,False,True
user_02913,2024-01-13,True,True,True,False,True
user_02914,2024-01-24,True,False,False,False,True
user_02915,2024-01-04,True,True,True,True,False
user_02916,2024-02-23,True,True,True,True,False
user_02917,2024-01-25,True,False,False,False,True
user_02918,2024-01-09,True,True,True,True,False
user_02919,2024-01-29,True,True,True,True,False
user_02920,2024-02-13,True,False,False,False,True
user_02921,2024-01-07,True,True,False,False,True
user_02922,2024-02-25,True,True,True,False,True
user_02923,2024-01-14,False,False,False,False,True
user_02924,2024-02-01,False,False,False,False,True
user_02925,2024-01-17,True,False,False,False,True
user_02926,2024-01-04,True,True,False,False,True
user_02927,2024-01-21,True,True,False,False,True
user_02928,2024-02-01,False,False,False,False,True
user_02929,2024-01-15,True,False,False,False,True
user_02930,2024-01-15,True,True,True,False,True
user_02931,2024-02-28,True,False,False,False,True
user_02932,2024-02-25,True,True,True,True,False
user_02933,2024-01-27,True,False,False,False,True
user_02934,2024-01-30,True,False,False,False,True
user_02935,2024-02-20,True,True,False,False,True
user_02936,2024-01-19,True,True,False,False,True
user_02937,2024-02-07,True,True,True,True,False
user_02938,2024-01-26,True,False,False,False,True
user_02939,2024-01-20,True,True,False,False,True
user_02940,2024-01-22,True,True,True,True,False
user_02941,2024-01-22,True,True,False,False,True
user_02942,2024-02-23,True,True,False,False,True
user_02943,2024-02-03,False,False,False,False,True
user_02944,2024-02-17,True,True,True,False,True
user_02945,2024-01-17,True,False,False,False,True
user_02946,2024-01-23,True,True,False,False,True
user_02947,2024-02-22,False,False,False,False,True
user_02948,2024-01-28,True,True,False,False,True
user_02949,2024-02-23,True,True,True,False,True
user_02950,2024-01-27,True,True,False,False,True
user_02951,2024-01-24,True,False,False,False,True
user_02952,2024-01-23,True,False,False,False,True
user_02953,2024-01-13,True,True,True,False,True
user_02954,2024-02-27,True,False,False,False,True
user_02955,2024-02-23,False,False,False,False,True
user_02956,2024-02-01,True,True,True,True,False
user_02957,2024-01-10,True,True,False,False,True
user_02958,2024-02-29,False,False,False,False,True
user_02959,2024-01-23,True,False,False,False,True
user_02960,2024-01-06,True,True,False,False,True
user_02961,2024-01-06,True,False,False,False,True
user_02962,2024-02-14,False,False,False,False,True
user_02963,2024-01-05,True,True,False,False,True
user_02964,2024-01-12,True,True,True,False,True
user_02965,2024-02-13,False,False,False,False,True
user_02966,2024-01-08,True,True,True,False,True
user_02967,2024-02-08,False,False,False,False,True
user_02968,2024-01-01,False,False,False,False,True
user_02969,2024-01-11,True,False,False,False,True
user_02970,2024-02-25,False,False,False,False,True
user_02971,2024-01-17,True,False,False,False,True
user_02972,2024-01-23,True,True,False,False,True
user_02973,2024-02-12,True,True,True,False,True
user_02974,2024-02-29,True,True,True,True,False
user_02975,2024-02-07,True,True,True,False,True
user_02976,2024-01-02,True,True,False,False,True
user_02977,2024-01-20,True,True,True,False,True
user_02978,2024-01-05,True,True,False,False,True
user_02979,2024-01-06,True,False,False,False,True
user_02980,2024-02-09,True,True,True,False,True
user_02981,2024-01-08,True,True,True,False,True
user_02982,2024-01-28,True,False,False,False,True
user_02983,2024-01-20,True,True,False,False,True
user_02984,2024-01-08,True,True,True,True,False
user_02985,2024-01-26,True,False,False,False,True
user_02986,2024-02-25,True,True,False,False,True
user_02987,2024-01-25,False,False,False,False,True
user_02988,2024-01-04,True,False,False,False,True
user_02989,2024-01-28,True,True,False,False,True
user_02990,2024-02-21,True,True,True,False,True
user_02991,2024-02-05,True,True,False,False,True
user_02992,2024-02-22,True,False,False,False,True
user_02993,2024-01-22,True,True,False,False,True
user_02994,2024-02-10,True,True,False,False,True
user_02995,2024-01-11,True,True,False,False,True
user_02996,2024-02-09,True,False,False,False,True
user_02997,2024-02-11,True,True,True,False,True
user_02998,2024-01-19,True,True,True,True,False
user_02999,2024-01-25,True,True,False,False,True
user_03000,2024-02-17,True,False,False,False,True
user_03001,2024-02-09,True,True,True,False,True
user_03002,2024-02-17,True,False,False,False,True
user_03003,2024-02-16,True,True,False,False,True
user_03004,2024-02-29,True,True,False,False,True
user_03005,2024-01-27,True,False,False,False,True
user_03006,2024-01-31,False,False,False,False,True
user_03007,2024-01-29,True,True,True,True,False
user_03008,2024-01-25,True,True,False,False,True
user_03009,2024-02-28,True,False,False,False,True
user_03010,2024-01-16,True,False,False,False,True
user_03011,2024-02-17,True,True,True,True,False
user_03012,2024-01-05,True,True,True,False,True
user_03013,2024-01-04,True,True,True,True,False
user_03014,2024-01-29,True,False,False,False,True
user_03015,2024-02-26,False,False,False,False,True
user_03016,2024-02-10,True,False,False,False,True
user_03017,2024-02-13,True,False,False,False,True
user_03018,2024-02-19,True,True,False,False,True
user_03019,2024-01-21,True,False,False,False,True
user_03020,2024-01-05,False,False,False,False,True
user_03021,2024-02-07,True,True,True,False,True
user_03022,2024-01-21,False,False,False,False,True
user_03023,2024-01-08,True,True,False,False,True
user_03024,2024-01-02,True,True,True,True,False
user_03025,2024-02-07,True,True,False,False,True
user_03026,2024-01-24,True,False,False,False,True
user_03027,2024-01-17,False,False,False,False,True
user_03028,2024-02-14,True,True,False,False,True
user_03029,2024-01-02,False,False,False,False,True
user_03030,2024-01-03,True,False,False,False,True
user_03031,2024-01-06,False,False,False,False,True
user_03032,2024-02-19,True,False,False,False,True
user_03033,2024-02-16,True,False,False,False,True
user_03034,2024-01-27,True,True,True,False,True
user_03035,2024-02-22,True,False,False,False,True
user_03036,2024-02-12,True,True,False,False,True
user_03037,2024-02-25,True,True,False,False,True
user_03038,2024-02-01,False,False,False,False,True
user_03039,2024-02-22,True,True,False,False,True
user_03040,2024-02-09,False,False,False,False,True
user_03041,2024-01-01,True,False,False,False,True
user_03042,2024-01-09,False,False,False,False,True
user_03043,2024-02-13,True,False,False,False,True
user_03044,2024-02-11,True,False,False,False,True
user_03045,2024-02-07,True,True,True,False,True
user_03046,2024-01-02,False,False,False,False,True
user_03047,2024-02-01,True,True,False,False,True
user_03048,2024-02-11,True,False,False,False,True
user_03049,2024-01-08,True,True,False,False,True
user_03050,2024-01-27,False,False,False,False,True
user_03051,2024-02-05,True,True,False,False,True
user_03052,2024-02-08,True,True,False,False,True
user_03053,2024-01-08,False,False,False,False,True
user_03054,2024-02-14,True,True,False,False,True
user_03055,2024-02-06,True,True,False,False,True
user_03056,2024-02-08,True,True,True,False,True
user_03057,2024-02-17,True,True,False,False,True
user_03058,2024-01-17,True,True,True,True,False
user_03059,2024-02-05,True,True,True,False,True
user_03060,2024-02-18,True,True,False,False,True
user_03061,2024-01-13,True,True,False,False,True
user_03062,2024-02-14,True,True,False,False,True
user_03063,2024-02-01,True,False,False,False,True
user_03064,2024-01-21,False,False,False,False,True
user_03065,2024-01-21,False,False,False,False,True
user_03066,2024-02-27,True,True,False,False,True
user_03067,2024-02-12,True,True,True,True,False
user_03068,2024-02-06,True,True,True,False,True
user_03069,2024-01-06,True,True,True,False,True
user_03070,2024-02-16,True,True,True,True,False
user_03071,2024-02-26,True,False,False,False,True
user_03072,2024-01-22,True,True,True,False,True
user_03073,2024-01-31,False,False,False,False,True
user_03074,2024-01-17,False,False,False,False,True
user_03075,2024-02-19,True,True,False,False,True
user_03076,2024-01-04,True,True,False,False,True
user_03077,2024-02-14,False,False,False,False,True
user_03078,2024-02-14,True,True,False,False,True
user_03079,2024-02-02,True,False,False,False,True
user_03080,2024-01-16,True,True,True,True,False
user_03081,2024-02-27,True,True,False,False,True
user_03082,2024-01-13,True,True,True,True,False
user_03083,2024-02-21,True,True,False,False,True
user_03084,2024-01-24,True,True,False,False,True
user_03085,2024-01-05,True,True,True,False,True
user_03086,2024-02-09,True,False,False,False,True
user_03087,2024-02-17,False,False,False,False,True
user_03088,2024-01-17,True,True,True,False,True
user_03089,2024-02-07,True,True,False,False,True
user_03090,2024-02-17,True,False,False,False,True
user_03091,2024-01-17,True,True,False,False,True
user_03092,2024-02-03,True,True,True,False,True
user_03093,2024-02-08,False,False,False,False,True
user_03094,2024-02-23,True,True,False,False,True
user_03095,2024-01-28,True,True,False,False,True
user_03096,2024-02-27,False,False,False,False,True
user_03097,2024-02-14,True,True,True,False,True
user_03098,2024-01-14,True,True,False,False,True
user_03099,2024-01-19,True,True,False,False,True
user_03100,2024-01-18,True,True,True,False,True
user_03101,2024-01-12,False,False,False,False,True
user_03102,2024-02-16,True,True,True,False,True
user_03103,2024-01-05,False,False,False,False,True
user_03104,2024-02-11,True,True,False,False,True
user_03105,2024-02-27,False,False,False,False,True
user_03106,2024-01-08,True,True,False,False,True
user_03107,2024-01-27,True,False,False,False,True
user_03108,2024-01-26,False,False,False,False,True
user_03109,2024-01-01,False,False,False,False,True
user_03110,2024-02-19,False,False,False,False,True
user_03111,2024-02-24,True,True,True,True,False
user_03112,2024-01-18,True,True,True,False,True
user_03113,2024-01-16,True,True,True,False,True
user_03114,2024-02-23,True,True,True,False,True
user_03115,2024-02-14,True,True,False,False,True
user_03116,2024-01-17,True,True,False,False,True
user_03117,2024-01-21,True,True,True,True,False
user_03118,2024-02-08,True,True,True,True,False
user_03119,2024-01-15,False,False,False,False,True
user_03120,2024-02-20,True,True,False,False,True
user_03121,2024-02-14,True,False,False,False,True
user_03122,2024-02-12,False,False,False,False,True
user_03123,2024-02-03,False,False,False,False,True
user_03124,2024-02-07,True,False,False,False,True
user_03125,2024-02-29,True,True,True,False,True
user_03126,2024-01-03,True,False,False,False,True
user_03127,2024-02-17,False,False,False,False,True
user_03128,2024-02-28,False,False,False,False,True
user_03129,2024-02-09,True,False,False,False,True
user_03130,2024-01-15,True,False,False,False,True
user_03131,2024-01-10,True,False,False,False,True
user_03132,2024-01-13,True,False,False,False,True
user_03133,2024-02-04,True,True,True,True,False
user_03134,2024-01-06,True,True,False,False,True
user_03135,2024-01-29,True,True,True,True,False
user_03136,2024-02-15,True,False,False,False,True
user_03137,2024-01-24,True,False,False,False,True
user_03138,2024-02-29,False,False,False,False,True
user_03139,2024-01-03,False,False,False,False,True
user_03140,2024-01-21,True,False,False,False,True
user_03141,2024-01-03,True,True,False,False,True
user_03142,2024-02-14,True,True,True,False,True
user_03143,2024-01-06,True,True,True,True,False
user_03144,2024-02-25,True,True,False,False,True
user_03145,2024-01-20,True,True,True,True,False
user_03146,2024-01-20,True,False,False,False,True
user_03147,2024-01-26,True,True,True,False,True
user_03148,2024-02-18,True,False,False,False,True
user_03149,2024-02-16,False,False,False,False,True
user_03150,2024-01-21,True,False,False,False,True
user_03151,2024-01-04,True,True,False,False,True
user_03152,2024-02-02,True,True,False,False,True
user_03153,2024-01-27,True,True,True,False,True
user_03154,2024-01-10,True,True,True,False,True
user_03155,2024-02-09,True,True,True,False,True
user_03156,2024-01-07,True,False,False,False,True
user_03157,2024-01-14,True,True,False,False,True
user_03158,2024-01-08,True,False,False,False,True
user_03159,2024-01-24,True,True,True,False,True
user_03160,2024-01-11,True,True,False,False,True
user_03161,2024-01-06,True,False,False,False,True
user_03162,2024-02-12,True,True,False,False,True
user_03163,2024-01-08,True,True,False,False,True
user_03164,2024-02-22,True,False,False,False,True
user_03165,2024-02-23,True,False,False,False,True
user_03166,2024-02-10,False,False,False,False,True
user_03167,2024-02-06,True,True,False,False,True
user_03168,2024-01-03,True,True,True,False,True
user_03169,2024-01-16,True,False,False,False,True
user_03170,2024-02-28,True,False,False,False,True
user_03171,2024-02-10,True,True,False,False,True
user_03172,2024-02-01,True,False,False,False,True
user_03173,2024-02-04,True,False,False,False,True
user_03174,2024-02-03,True,True,False,False,True
user_03175,2024-01-31,True,True,True,False,True
user_03176,2024-02-05,True,True,False,False,True
user_03177,2024-02-14,True,True,False,False,True
user_03178,2024-02-22,True,True,True,True,False
user_03179,2024-02-14,True,True,True,False,True
user_03180,2024-02-29,False,False,False,False,True
user_03181,2024-02-26,True,True,True,False,True
user_03182,2024-01-24,True,False,False,False,True
user_03183,2024-01-04,True,True,True,False,True
user_03184,2024-02-19,True,True,False,False,True
user_03185,2024-01-08,True,True,False,False,True
user_03186,2024-01-07,True,True,True,True,False
user_03187,2024-02-01,True,False,False,False,True
user_03188,2024-02-23,True,True,False,False,True
user_03189,2024-01-18,True,True,True,True,False
user_03190,2024-01-15,False,False,False,False,True
user_03191,2024-01-01,True,False,False,False,True
user_03192,2024-02-05,True,False,False,False,True
user_03193,2024-02-24,True,True,False,False,True
user_03194,2024-01-15,False,False,False,False,True
user_03195,2024-02-21,False,False,False,False,True
user_03196,2024-01-12,True,False,False,False,True
user_03197,2024-02-10,True,True,False,False,True
user_03198,2024-01-07,False,False,False,False,True
user_03199,2024-01-26,True,True,False,False,True
user_03200,2024-02-07,False,False,False,False,True
user_03201,2024-01-02,True,True,True,False,True
user_03202,2024-02-02,True,False,False,False,True
user_03203,2024-01-26,True,True,True,True,False
user_03204,2024-01-13,True,False,False,False,True
user_03205,2024-02-27,True,True,True,False,True
user_03206,2024-01-13,True,True,False,False,True
user_03207,2024-01-24,True,True,False,False,True
user_03208,2024-01-22,False,False,False,False,True
user_03209,2024-02-09,True,True,True,True,False
user_03210,2024-02-17,True,False,False,False,True
user_03211,2024-01-14,False,False,False,False,True
user_03212,2024-01-27,True,False,False,False,True
user_03213,2024-01-16,False,False,False,False,True
user_03214,2024-01-29,True,False,False,False,True
user_03215,2024-01-13,True,True,True,False,True
user_03216,2024-02-27,False,False,False,False,True
user_03217,2024-02-07,False,False,False,False,True
user_03218,2024-02-26,True,True,True,True,False
user_03219,2024-01-17,True,False,False,False,True
user_03220,2024-01-30,True,False,False,False,True
user_03221,2024-01-22,False,False,False,False,True
user_03222,2024-02-29,True,True,True,False,True
user_03223,2024-02-09,True,False,False,False,True
user_03224,2024-01-27,True,True,False,False,True
user_03225,2024-02-10,True,True,False,False,True
user_03226,2024-02-08,True,True,True,True,False
user_03227,2024-01-30,True,True,False,False,True
user_03228,2024-01-14,False,False,False,False,True
user_03229,2024-01-29,True,False,False,False,True
user_03230,2024-01-13,True,True,True,True,False
user_03231,2024-01-28,True,True,False,False,True
user_03232,2024-02-20,True,True,True,True,False
user_03233,2024-02-27,True,False,False,False,True
user_03234,2024-02-10,True,True,False,False,True
user_03235,2024-01-06,False,False,False,False,True
user_03236,2024-01-24,True,True,False,False,True
user_03237,2024-02-08,True,True,True,False,True
user_03238,2024-02-28,False,False,False,False,True
user_03239,2024-02-08,True,False,False,False,True
user_03240,2024-02-03,True,False,False,False,True
user_03241,2024-01-31,True,True,False,False,True
user_03242,2024-02-08,True,False,False,False,True
user_03243,2024-01-19,True,True,True,False,True
user_03244,2024-02-15,True,True,False,False,True
user_03245,2024-02-16,False,False,False,False,True
user_03246,2024-02-29,False,False,False,False,True
user_03247,2024-01-14,False,False,False,False,True
user_03248,2024-02-19,True,True,False,False,True
user_03249,2024-02-01,True,True,False,False,True
user_03250,2024-02-28,False,False,False,False,True
user_03251,2024-02-15,True,False,False,False,True
user_03252,2024-02-13,True,False,False,False,True
user_03253,2024-01-22,True,False,False,False,True
user_03254,2024-02-28,True,False,False,False,True
user_03255,2024-02-25,True,True,True,True,False
user_03256,2024-01-26,True,False,False,False,True
user_03257,2024-02-29,True,False,False,False,True
user_03258,2024-01-16,False,False,False,False,True
user_03259,2024-01-23,True,True,True,False,True
user_03260,2024-01-27,False,False,False,False,True
user_03261,2024-02-14,False,False,False,False,True
user_03262,2024-01-26,True,False,False,False,True
user_03263,2024-02-02,True,False,False,False,True
user_03264,2024-02-07,False,False,False,False,True
user_03265,2024-02-13,True,True,False,False,True
user_03266,2024-02-12,True,True,True,False,True
user_03267,2024-01-04,False,False,False,False,True
user_03268,2024-01-13,True,False,False,False,True
user_03269,2024-02-06,True,True,True,True,False
user_03270,2024-02-23,True,True,True,True,False
user_03271,2024-02-22,True,False,False,False,True
user_03272,2024-02-14,True,False,False,False,True
user_03273,2024-01-13,True,False,False,False,True
user_03274,2024-02-24,False,False,False,False,True
user_03275,2024-02-06,True,True,True,True,False
user_03276,2024-02-08,True,True,True,False,True
user_03277,2024-02-11,True,True,False,False,True
user_03278,2024-01-31,True,False,False,False,True
user_03279,2024-01-14,True,True,True,False,True
user_03280,2024-02-08,True,True,False,False,True
user_03281,2024-02-15,False,False,False,False,True
user_03282,2024-01-10,True,True,True,False,True
user_03283,2024-01-23,True,False,False,False,True
user_03284,2024-02-26,True,True,True,False,True
user_03285,2024-02-04,True,True,True,True,False
user_03286,2024-01-23,True,False,False,False,True
user_03287,2024-01-02,True,True,False,False,True
user_03288,2024-02-01,False,False,False,False,True
user_03289,2024-01-28,True,True,False,False,True
user_03290,2024-02-25,True,False,False,False,True
user_03291,2024-02-25,False,False,False,False,True
user_03292,2024-02-25,True,False,False,False,True
user_03293,2024-01-07,True,True,True,True,False
user_03294,2024-02-13,True,True,False,False,True
user_03295,2024-02-25,True,True,True,False,True
user_03296,2024-01-05,True,False,False,False,True
user_03297,2024-01-14,False,False,False,False,True
user_03298,2024-02-19,True,False,False,False,True
user_03299,2024-01-04,True,True,True,False,True
user_03300,2024-01-24,True,True,True,True,False
user_03301,2024-01-17,True,True,False,False,True
user_03302,2024-01-18,True,True,False,False,True
user_03303,2024-02-18,True,True,True,False,True
user_03304,2024-01-02,True,True,True,False,True
user_03305,2024-02-20,True,False,False,False,True
user_03306,2024-02-27,True,True,True,False,True
user_03307,2024-01-10,True,True,False,False,True
user_03308,2024-01-04,True,True,True,False,True
user_03309,2024-01-13,True,True,True,False,True
user_03310,2024-02-17,True,False,False,False,True
user_03311,2024-02-22,True,True,True,False,True
user_03312,2024-02-04,True,False,False,False,True
user_03313,2024-02-17,True,True,False,False,True
user_03314,2024-02-08,True,True,False,False,True
user_03315,2024-02-18,True,True,False,False,True
user_03316,2024-01-13,False,False,False,False,True
user_03317,2024-01-29,True,True,False,False,True
user_03318,2024-02-19,True,True,True,False,True
user_03319,2024-01-08,True,True,False,False,True
user_03320,2024-02-28,True,True,True,True,False
user_03321,2024-01-08,False,False,False,False,True
user_03322,2024-02-28,True,False,False,False,True
user_03323,2024-02-13,True,True,False,False,True
user_03324,2024-01-27,True,True,False,False,True
user_03325,2024-02-12,True,True,False,False,True
user_03326,2024-01-20,True,True,False,False,True
user_03327,2024-01-02,True,True,True,False,True
user_03328,2024-02-29,True,True,False,False,True
user_03329,2024-02-15,False,False,False,False,True
user_03330,2024-02-12,True,True,False,False,True
user_03331,2024-02-14,False,False,False,False,True
user_03332,2024-01-06,True,False,False,False,True
user_03333,2024-02-06,True,True,True,True,False
user_03334,2024-02-11,True,False,False,False,True
user_03335,2024-02-10,False,False,False,False,True
user_03336,2024-01-26,True,True,False,False,True
user_03337,2024-02-23,True,True,True,False,True
user_03338,2024-01-20,True,False,False,False,True
user_03339,2024-01-08,True,True,False,False,True
user_03340,2024-02-23,True,False,False,False,True
user_03341,2024-01-11,True,False,False,False,True
user_03342,2024-01-02,False,False,False,False,True
user_03343,2024-02-24,False,False,False,False,True
user_03344,2024-01-28,True,True,False,False,True
user_03345,2024-01-11,False,False,False,False,True
user_03346,2024-01-03,True,True,False,False,True
user_03347,2024-02-10,False,False,False,False,True
user_03348,2024-02-13,True,False,False,False,True
user_03349,2024-02-13,False,False,False,False,True
user_03350,2024-01-09,False,False,False,False,True
user_03351,2024-02-17,True,False,False,False,True
user_03352,2024-02-12,True,True,True,False,True
user_03353,2024-01-13,True,True,False,False,True
user_03354,2024-02-18,True,False,False,False,True
user_03355,2024-01-26,True,True,True,False,True
user_03356,2024-01-30,True,True,True,True,False
user_03357,2024-02-13,True,True,True,True,False
user_03358,2024-01-30,True,False,False,False,True
user_03359,2024-02-10,True,False,False,False,True
user_03360,2024-02-18,True,True,False,False,True
user_03361,2024-01-14,True,True,True,True,False
user_03362,2024-01-14,False,False,False,False,True
user_03363,2024-02-29,True,False,False,False,True
user_03364,2024-02-23,True,True,False,False,True
user_03365,2024-01-30,True,True,False,False,True
user_03366,2024-02-02,True,True,False,False,True
user_03367,2024-01-14,True,False,False,False,True
user_03368,2024-01-21,True,False,False,False,True
user_03369,2024-02-10,True,True,False,False,True
user_03370,2024-02-04,True,True,False,False,True
user_03371,2024-01-12,True,False,False,False,True
user_03372,2024-01-10,True,False,False,False,True
user_03373,2024-01-21,True,False,False,False,True
user_03374,2024-01-21,False,False,False,False,True
user_03375,2024-02-29,True,True,True,False,True
user_03376,2024-01-21,True,True,False,False,True
user_03377,2024-02-10,True,True,False,False,True
user_03378,2024-02-25,True,True,True,True,False
user_03379,2024-02-03,True,False,False,False,True
user_03380,2024-02-29,True,False,False,False,True
user_03381,2024-02-16,False,False,False,False,True
user_03382,2024-02-08,True,True,True,False,True
user_03383,2024-02-05,True,True,True,False,True
user_03384,2024-01-06,True,True,False,False,True
user_03385,2024-01-30,True,True,True,False,True
user_03386,2024-02-08,True,False,False,False,True
user_03387,2024-02-05,False,False,False,False,True
user_03388,2024-01-16,True,True,False,False,True
user_03389,2024-01-14,True,True,True,True,False
user_03390,2024-01-16,False,False,False,False,True
user_03391,2024-02-28,False,False,False,False,True
user_03392,2024-02-03,True,True,True,False,True
user_03393,2024-02-15,True,False,False,False,True
user_03394,2024-01-18,True,True,False,False,True
user_03395,2024-01-10,False,False,False,False,True
user_03396,2024-02-03,True,True,False,False,True
user_03397,2024-02-14,True,True,False,False,True
user_03398,2024-01-09,True,True,False,False,True
user_03399,2024-02-25,True,True,False,False,True
user_03400,2024-02-03,True,False,False,False,True
user_03401,2024-02-15,False,False,False,False,True
user_03402,2024-01-19,True,True,False,False,True
user_03403,2024-02-23,True,True,True,True,False
user_03404,2024-02-20,True,True,True,False,True
user_03405,2024-02-25,True,False,False,False,True
user_03406,2024-02-11,True,True,True,False,True
user_03407,2024-01-16,True,False,False,False,True
user_03408,2024-01-15,True,False,False,False,True
user_03409,2024-01-22,True,True,True,True,False
user_03410,2024-02-26,True,True,False,False,True
user_03411,2024-01-21,True,True,False,False,True
user_03412,2024-02-25,True,False,False,False,True
user_03413,2024-02-18,True,True,False,False,True
user_03414,2024-01-01,True,True,False,False,True
user_03415,2024-02-14,True,True,False,False,True
user_03416,2024-02-07,True,True,False,False,True
user_03417,2024-02-04,True,True,False,False,True
user_03418,2024-01-21,True,True,False,False,True
user_03419,2024-01-18,True,True,True,True,False
user_03420,2024-02-20,False,False,False,False,True
user_03421,2024-02-24,True,True,False,False,True
user_03422,2024-02-21,True,True,True,False,True
user_03423,2024-01-21,False,False,False,False,True
user_03424,2024-02-23,True,True,False,False,True
user_03425,2024-01-19,True,True,False,False,True
user_03426,2024-01-12,True,False,False,False,True
user_03427,2024-02-02,True,False,False,False,True
user_03428,2024-01-20,True,True,False,False,True
user_03429,2024-01-22,True,False,False,False,True
user_03430,2024-01-09,True,True,True,True,False
user_03431,2024-01-26,False,False,False,False,True
user_03432,2024-02-07,True,True,True,False,True
user_03433,2024-01-28,False,False,False,False,True
user_03434,2024-02-17,True,True,True,False,True
user_03435,2024-01-02,True,True,True,True,False
user_03436,2024-02-07,True,False,False,False,True
user_03437,2024-01-30,True,False,False,False,True
user_03438,2024-02-04,True,True,True,True,False
user_03439,2024-01-30,True,True,True,True,False
user_03440,2024-02-19,False,False,False,False,True
user_03441,2024-01-01,False,False,False,False,True
user_03442,2024-01-15,False,False,False,False,True
user_03443,2024-02-12,True,False,False,False,True
user_03444,2024-02-16,True,False,False,False,True
user_03445,2024-02-16,True,True,True,True,False
user_03446,2024-02-21,True,True,False,False,True
user_03447,2024-01-18,True,True,True,False,True
user_03448,2024-01-16,True,True,True,False,True
user_03449,2024-02-23,True,True,False,False,True
user_03450,2024-01-15,True,True,True,False,True
user_03451,2024-02-10,False,False,False,False,True
user_03452,2024-01-31,True,True,False,False,True
user_03453,2024-01-29,True,True,False,False,True
user_03454,2024-01-22,True,False,False,False,True
user_03455,2024-01-19,True,False,False,False,True
user_03456,2024-02-28,False,False,False,False,True
user_03457,2024-02-28,True,False,False,False,True
user_03458,2024-02-29,True,False,False,False,True
user_03459,2024-02-21,True,True,False,False,True
user_03460,2024-02-15,True,True,False,False,True
user_03461,2024-01-02,True,True,False,False,True
user_03462,2024-01-10,True,False,False,False,True
user_03463,2024-01-23,True,True,False,False,True
user_03464,2024-01-17,True,True,False,False,True
user_03465,2024-01-19,True,True,False,False,True
user_03466,2024-01-06,True,False,False,False,True
user_03467,2024-02-08,True,False,False,False,True
user_03468,2024-02-17,True,True,True,False,True
user_03469,2024-02-29,True,True,False,False,True
user_03470,2024-01-14,False,False,False,False,True
user_03471,2024-02-22,False,False,False,False,True
user_03472,2024-01-12,True,False,False,False,True
user_03473,2024-02-15,True,True,True,True,False
user_03474,2024-01-07,True,True,False,False,True
user_03475,2024-02-15,True,False,False,False,True
user_03476,2024-02-09,True,True,False,False,True
user_03477,2024-02-19,True,False,False,False,True
user_03478,2024-01-14,True,False,False,False,True
user_03479,2024-01-04,True,True,False,False,True
user_03480,2024-01-01,True,False,False,False,True
user_03481,2024-01-10,True,True,True,False,True
user_03482,2024-02-02,True,True,False,False,True
user_03483,2024-02-29,True,False,False,False,True
user_03484,2024-02-26,True,False,False,False,True
user_03485,2024-01-11,True,True,True,False,True
user_03486,2024-02-02,True,True,True,False,True
user_03487,2024-02-13,False,False,False,False,True
user_03488,2024-02-17,True,True,True,False,True
user_03489,2024-01-10,True,True,False,False,True
user_03490,2024-01-26,True,False,False,False,True
user_03491,2024-02-22,True,True,False,False,True
user_03492,2024-02-10,True,True,False,False,True
user_03493,2024-01-07,True,True,False,False,True
user_03494,2024-01-02,True,True,False,False,True
user_03495,2024-02-06,True,False,False,False,True
user_03496,2024-02-17,True,True,False,False,True
user_03497,2024-01-13,True,True,True,False,True
user_03498,2024-01-09,True,False,False,False,True
user_03499,2024-02-11,True,True,False,False,True
user_03500,2024-01-10,True,False,False,False,True
user_03501,2024-01-05,True,False,False,False,True
user_03502,2024-02-11,True,True,True,False,True
user_03503,2024-02-18,True,True,False,False,True
user_03504,2024-01-11,False,False,False,False,True
user_03505,2024-02-08,True,True,True,True,False
user_03506,2024-01-03,True,False,False,False,True
user_03507,2024-02-27,True,True,True,False,True
user_03508,2024-02-01,False,False,False,False,True
user_03509,2024-02-14,True,False,False,False,True
user_03510,2024-02-11,True,True,False,False,True
user_03511,2024-02-27,False,False,False,False,True
user_03512,2024-01-26,True,True,False,False,True
user_03513,2024-02-10,True,False,False,False,True
user_03514,2024-01-21,True,False,False,False,True
user_03515,2024-02-19,True,False,False,False,True
user_03516,2024-02-16,True,True,False,False,True
user_03517,2024-01-08,False,False,False,False,True
user_03518,2024-01-01,True,True,False,False,True
user_03519,2024-01-22,False,False,False,False,True
user_03520,2024-01-07,True,False,False,False,True
user_03521,2024-02-16,True,True,True,False,True
user_03522,2024-02-09,True,True,True,False,True
user_03523,2024-02-05,False,False,False,False,True
user_03524,2024-01-22,False,False,False,False,True
user_03525,2024-01-17,True,False,False,False,True
user_03526,2024-01-10,True,False,False,False,True
user_03527,2024-02-20,True,False,False,False,True
user_03528,2024-02-25,True,True,False,False,True
user_03529,2024-01-17,False,False,False,False,True
user_03530,2024-02-03,False,False,False,False,True
user_03531,2024-01-21,True,False,False,False,True
user_03532,2024-02-04,True,False,False,False,True
user_03533,2024-02-20,True,True,True,True,False
user_03534,2024-02-04,True,True,True,False,True
user_03535,2024-02-27,False,False,False,False,True
user_03536,2024-01-30,True,False,False,False,True
user_03537,2024-01-24,True,True,True,True,False
user_03538,2024-01-19,False,False,False,False,True
user_03539,2024-01-19,True,True,False,False,True
user_03540,2024-02-21,True,True,True,False,True
user_03541,2024-02-22,False,False,False,False,True
user_03542,2024-01-11,True,True,False,False,True
user_03543,2024-01-25,False,False,False,False,True
user_03544,2024-01-18,True,True,True,True,False
user_03545,2024-02-13,True,False,False,False,True
user_03546,2024-01-30,True,True,True,False,True
user_03547,2024-02-19,False,False,False,False,True
user_03548,2024-02-11,False,False,False,False,True
user_03549,2024-02-04,False,False,False,False,True
user_03550,2024-01-20,True,True,False,False,True
user_03551,2024-02-01,False,False,False,False,True
user_03552,2024-01-02,False,False,False,False,True
user_03553,2024-01-28,False,False,False,False,True
user_03554,2024-02-05,True,False,False,False,True
user_03555,2024-02-15,True,False,False,False,True
user_03556,2024-01-11,True,False,False,False,True
user_03557,2024-02-19,True,False,False,False,True
user_03558,2024-02-12,False,False,False,False,True
user_03559,2024-01-28,True,True,True,True,False
user_03560,2024-01-19,False,False,False,False,True
user_03561,2024-02-28,True,True,False,False,True
user_03562,2024-01-02,True,True,True,True,False
user_03563,2024-01-30,True,True,False,False,True
user_03564,2024-02-24,True,True,True,False,True
user_03565,2024-01-17,True,False,False,False,True
user_03566,2024-02-25,False,False,False,False,True
user_03567,2024-02-28,True,True,False,False,True
user_03568,2024-01-06,True,True,True,False,True
user_03569,2024-01-31,True,True,True,False,True
user_03570,2024-01-05,False,False,False,False,True
user_03571,2024-02-20,True,False,False,False,True
user_03572,2024-02-05,True,False,False,False,True
user_03573,2024-01-08,False,False,False,False,True
user_03574,2024-01-15,True,False,False,False,True
user_03575,2024-02-28,True,True,False,False,True
user_03576,2024-01-31,True,True,False,False,True
user_03577,2024-01-03,False,False,False,False,True
user_03578,2024-02-12,True,False,False,False,True
user_03579,2024-02-19,True,True,False,False,True
user_03580,2024-02-21,True,False,False,False,True
user_03581,2024-01-13,False,False,False,False,True
user_03582,2024-02-19,True,False,False,False,True
user_03583,2024-02-18,True,True,False,False,True
user_03584,2024-01-01,True,True,False,False,True
user_03585,2024-02-13,True,True,True,False,True
user_03586,2024-01-22,True,True,False,False,True
user_03587,2024-02-13,False,False,False,False,True
user_03588,2024-01-27,False,False,False,False,True
user_03589,2024-02-11,True,False,False,False,True
user_03590,2024-02-25,False,False,False,False,True
user_03591,2024-02-08,True,True,True,False,True
user_03592,2024-01-08,True,False,False,False,True
user_03593,2024-02-01,True,False,False,False,True
user_03594,2024-02-27,True,True,False,False,True
user_03595,2024-01-05,True,True,True,True,False
user_03596,2024-01-22,True,False,False,False,True
user_03597,2024-02-19,True,True,False,False,True
user_03598,2024-01-27,True,True,False,False,True
user_03599,2024-01-02,True,True,False,False,True
user_03600,2024-02-05,True,False,False,False,True
user_03601,2024-01-13,False,False,False,False,True
user_03602,2024-02-13,True,True,False,False,True
user_03603,2024-02-14,True,True,False,False,True
user_03604,2024-02-03,True,False,False,False,True
user_03605,2024-02-18,False,False,False,False,True
user_03606,2024-02-10,True,True,True,False,True
user_03607,2024-01-24,True,False,False,False,True
user_03608,2024-02-20,False,False,False,False,True
user_03609,2024-01-14,True,True,True,False,True
user_03610,2024-02-04,True,False,False,False,True
user_03611,2024-01-03,True,False,False,False,True
user_03612,2024-02-17,True,True,True,False,True
user_03613,2024-02-26,True,False,False,False,True
user_03614,2024-02-26,True,False,False,False,True
user_03615,2024-02-06,True,False,False,False,True
user_03616,2024-01-12,True,False,False,False,True
user_03617,2024-01-21,False,False,False,False,True
user_03618,2024-02-22,False,False,False,False,True
user_03619,2024-01-01,False,False,False,False,True
user_03620,2024-01-14,False,False,False,False,True
user_03621,2024-01-22,False,False,False,False,True
user_03622,2024-01-11,True,False,False,False,True
user_03623,2024-01-06,True,True,True,False,True
user_03624,2024-02-01,False,False,False,False,True
user_03625,2024-02-27,True,True,True,True,False
user_03626,2024-02-24,True,True,True,False,True
user_03627,2024-01-07,False,False,False,False,True
user_03628,2024-01-16,True,True,True,False,True
user_03629,2024-01-15,True,False,False,False,True
user_03630,2024-02-19,True,False,False,False,True
user_03631,2024-02-17,True,False,False,False,True
user_03632,2024-01-03,True,True,False,False,True
user_03633,2024-01-17,True,True,True,False,True
user_03634,2024-01-24,True,True,False,False,True
user_03635,2024-02-11,True,False,False,False,True
user_03636,2024-02-23,True,True,True,True,False
user_03637,2024-02-05,True,True,False,False,True
user_03638,2024-01-08,True,True,False,False,True
user_03639,2024-02-24,True,False,False,False,True
user_03640,2024-02-13,True,True,False,False,True
user_03641,2024-01-28,True,False,False,False,True
user_03642,2024-01-11,True,True,False,False,True
user_03643,2024-01-28,True,False,False,False,True
user_03644,2024-01-22,False,False,False,False,True
user_03645,2024-01-05,False,False,False,False,True
user_03646,2024-01-27,True,True,False,False,True
user_03647,2024-02-23,True,False,False,False,True
user_03648,2024-02-03,True,False,False,False,True
user_03649,2024-02-14,True,True,False,False,True
user_03650,2024-02-09,False,False,False,False,True
user_03651,2024-01-03,True,True,False,False,True
user_03652,2024-01-06,True,True,True,False,True
user_03653,2024-02-07,True,True,False,False,True
user_03654,2024-02-18,True,False,False,False,True
user_03655,2024-02-14,True,True,False,False,True
user_03656,2024-01-11,True,False,False,False,True
user_03657,2024-01-06,True,False,False,False,True
user_03658,2024-01-28,True,False,False,False,True
user_03659,2024-01-13,True,True,True,True,False
user_03660,2024-01-06,True,False,False,False,True
user_03661,2024-02-10,False,False,False,False,True
user_03662,2024-02-25,True,False,False,False,True
user_03663,2024-01-21,True,True,False,False,True
user_03664,2024-01-05,True,False,False,False,True
user_03665,2024-01-19,True,True,False,False,True
user_03666,2024-02-24,True,True,False,False,True
user_03667,2024-02-17,True,True,True,False,True
user_03668,2024-02-17,True,False,False,False,True
user_03669,2024-02-24,True,True,False,False,True
user_03670,2024-02-19,True,True,False,False,True
user_03671,2024-02-07,True,True,True,False,True
user_03672,2024-02-19,True,False,False,False,True
user_03673,2024-01-22,False,False,False,False,True
user_03674,2024-01-02,True,False,False,False,True
user_03675,2024-01-23,True,True,False,False,True
user_03676,2024-01-07,True,True,True,True,False
user_03677,2024-01-02,True,False,False,False,True
user_03678,2024-01-14,True,False,False,False,True
user_03679,2024-01-08,False,False,False,False,True
user_03680,2024-02-15,True,True,False,False,True
user_03681,2024-01-16,True,True,False,False,True
user_03682,2024-02-04,True,True,True,False,True
user_03683,2024-01-02,False,False,False,False,True
user_03684,2024-01-31,True,True,False,False,True
user_03685,2024-02-03,True,True,False,False,True
user_03686,2024-01-14,True,False,False,False,True
user_03687,2024-02-17,False,False,False,False,True
user_03688,2024-02-02,True,True,True,True,False
user_03689,2024-01-31,True,False,False,False,True
user_03690,2024-01-10,True,True,False,False,True
user_03691,2024-01-20,True,True,True,False,True
user_03692,2024-02-23,True,True,False,False,True
user_03693,2024-01-15,True,False,False,False,True
user_03694,2024-02-29,True,False,False,False,True
user_03695,2024-02-08,True,True,False,False,True
user_03696,2024-01-18,True,True,False,False,True
user_03697,2024-02-04,True,True,False,False,True
user_03698,2024-02-22,True,True,False,False,True
user_03699,2024-01-10,True,True,False,False,True
user_03700,2024-02-18,True,False,False,False,True
user_03701,2024-01-12,True,True,True,False,True
user_03702,2024-01-18,True,False,False,False,True
user_03703,2024-01-01,True,True,False,False,True
user_03704,2024-01-31,False,False,False,False,True
user_03705,2024-01-02,True,True,False,False,True
user_03706,2024-01-22,True,True,False,False,True
user_03707,2024-01-23,True,True,True,False,True
user_03708,2024-01-18,False,False,False,False,True
user_03709,2024-01-27,False,False,False,False,True
user_03710,2024-02-06,True,True,False,False,True
user_03711,2024-02-10,True,True,True,True,False
user_03712,2024-02-10,True,True,False,False,True
user_03713,2024-01-09,True,False,False,False,True
user_03714,2024-01-21,True,False,False,False,True
user_03715,2024-02-02,False,False,False,False,True
user_03716,2024-02-21,True,True,False,False,True
user_03717,2024-01-04,True,True,True,True,False
user_03718,2024-02-10,False,False,False,False,True
user_03719,2024-01-18,False,False,False,False,True
user_03720,2024-01-01,True,True,False,False,True
user_03721,2024-01-20,False,False,False,False,True
user_03722,2024-01-27,True,True,False,False,True
user_03723,2024-01-17,True,False,False,False,True
user_03724,2024-02-14,True,False,False,False,True
user_03725,2024-01-15,False,False,False,False,True
user_03726,2024-01-29,True,True,False,False,True
user_03727,2024-02-21,False,False,False,False,True
user_03728,2024-01-04,True,True,True,False,True
user_03729,2024-02-02,True,True,False,False,True
user_03730,2024-01-09,True,False,False,False,True
user_03731,2024-02-22,True,False,False,False,True
user_03732,2024-01-16,False,False,False,False,True
user_03733,2024-01-11,True,True,False,False,True
user_03734,2024-01-15,True,True,True,False,True
user_03735,2024-01-28,True,False,False,False,True
user_03736,2024-01-15,True,True,True,False,True
user_03737,2024-01-04,True,True,True,False,True
user_03738,2024-01-29,True,False,False,False,True
user_03739,2024-02-26,True,False,False,False,True
user_03740,2024-01-10,True,False,False,False,True
user_03741,2024-02-20,True,True,False,False,True
user_03742,2024-01-01,False,False,False,False,True
user_03743,2024-02-21,True,True,False,False,True
user_03744,2024-02-01,True,False,False,False,True
user_03745,2024-02-27,True,True,True,False,True
user_03746,2024-02-07,True,True,True,True,False
user_03747,2024-01-07,True,False,False,False,True
user_03748,2024-02-18,True,False,False,False,True
user_03749,2024-01-16,True,True,False,False,True
user_03750,2024-02-27,True,True,False,False,True
user_03751,2024-02-17,True,False,False,False,True
user_03752,2024-01-20,True,False,False,False,True
user_03753,2024-02-01,True,True,False,False,True
user_03754,2024-02-08,True,False,False,False,True
user_03755,2024-01-26,True,True,True,False,True
user_03756,2024-02-21,True,True,False,False,True
user_03757,2024-01-06,False,False,False,False,True
user_03758,2024-02-08,True,False,False,False,True
user_03759,2024-02-14,True,False,False,False,True
user_03760,2024-01-09,True,False,False,False,True
user_03761,2024-02-22,True,True,True,True,False
user_03762,2024-01-29,False,False,False,False,True
user_03763,2024-02-23,True,True,True,False,True
user_03764,2024-02-24,True,False,False,False,True
user_03765,2024-02-27,True,False,False,False,True
user_03766,2024-01-19,True,False,False,False,True
user_03767,2024-02-04,True,False,False,False,True
user_03768,2024-02-21,True,True,False,False,True
user_03769,2024-01-26,False,False,False,False,True
user_03770,2024-01-31,True,True,True,True,False
user_03771,2024-02-05,True,True,False,False,True
user_03772,2024-01-22,True,True,False,False,True
user_03773,2024-01-04,True,True,False,False,True
user_03774,2024-01-06,True,True,False,False,True
user_03775,2024-02-12,True,False,False,False,True
user_03776,2024-02-05,True,True,True,True,False
user_03777,2024-01-21,False,False,False,False,True
user_03778,2024-01-28,True,True,False,False,True
user_03779,2024-02-04,True,False,False,False,True
user_03780,2024-02-23,True,False,False,False,True
user_03781,2024-01-31,True,False,False,False,True
user_03782,2024-01-25,True,True,True,True,False
user_03783,2024-01-23,True,True,True,False,True
user_03784,2024-01-08,False,False,False,False,True
user_03785,2024-02-24,True,False,False,False,True
user_03786,2024-01-12,True,False,False,False,True
user_03787,2024-02-27,True,False,False,False,True
user_03788,2024-02-23,True,False,False,False,True
user_03789,2024-02-15,True,True,True,False,True
user_03790,2024-02-29,True,True,True,False,True
user_03791,2024-01-16,True,False,False,False,True
user_03792,2024-02-19,True,True,True,False,True
user_03793,2024-02-29,False,False,False,False,True
user_03794,2024-01-21,False,False,False,False,True
user_03795,2024-02-27,True,False,False,False,True
user_03796,2024-01-26,True,False,False,False,True
user_03797,2024-01-17,True,True,True,True,False
user_03798,2024-01-01,False,False,False,False,True
user_03799,2024-02-17,True,True,True,False,True
user_03800,2024-02-03,True,True,False,False,True
user_03801,2024-01-31,True,True,False,False,True
user_03802,2024-01-25,True,False,False,False,True
user_03803,2024-01-09,True,False,False,False,True
user_03804,2024-02-26,True,True,False,False,True
user_03805,2024-01-20,True,True,True,False,True
user_03806,2024-02-12,False,False,False,False,True
user_03807,2024-01-21,True,True,True,True,False
user_03808,2024-01-15,True,True,False,False,True
user_03809,2024-02-25,True,True,False,False,True
user_03810,2024-01-17,True,True,True,True,False
user_03811,2024-02-26,True,False,False,False,True
user_03812,2024-01-29,True,True,False,False,True
user_03813,2024-01-28,True,True,False,False,True
user_03814,2024-02-22,True,False,False,False,True
user_03815,2024-02-11,True,True,True,False,True
user_03816,2024-01-21,True,True,False,False,True
user_03817,2024-01-18,False,False,False,False,True
user_03818,2024-01-25,True,True,True,False,True
user_03819,2024-01-01,True,False,False,False,True
user_03820,2024-02-09,True,True,True,True,False
user_03821,2024-02-01,True,True,True,False,True
user_03822,2024-02-02,True,True,False,False,True
user_03823,2024-02-16,False,False,False,False,True
user_03824,2024-01-09,True,True,False,False,True
user_03825,2024-02-12,True,True,False,False,True
user_03826,2024-01-17,True,False,False,False,True
user_03827,2024-02-29,True,True,True,True,False
user_03828,2024-02-17,True,False,False,False,True
user_03829,2024-01-05,True,True,True,True,False
user_03830,2024-01-13,True,False,False,False,True
user_03831,2024-01-28,True,True,False,False,True
user_03832,2024-01-20,True,True,False,False,True
user_03833,2024-02-14,False,False,False,False,True
user_03834,2024-02-05,False,False,False,False,True
user_03835,2024-01-07,True,True,False,False,True
user_03836,2024-01-11,True,True,True,True,False
user_03837,2024-01-30,True,False,False,False,True
user_03838,2024-01-29,False,False,False,False,True
user_03839,2024-01-29,True,True,True,True,False
user_03840,2024-02-28,True,False,False,False,True
user_03841,2024-02-13,True,True,False,False,True
user_03842,2024-02-09,True,False,False,False,True
user_03843,2024-02-17,True,False,False,False,True
user_03844,2024-02-07,True,False,False,False,True
user_03845,2024-02-24,False,False,False,False,True
user_03846,2024-02-06,True,True,True,False,True
user_03847,2024-01-23,True,False,False,False,True
user_03848,2024-02-11,False,False,False,False,True
user_03849,2024-01-10,True,True,False,False,True
user_03850,2024-01-01,False,False,False,False,True
user_03851,2024-01-13,True,True,False,False,True
user_03852,2024-02-07,True,True,True,False,True
user_03853,2024-01-15,False,False,False,False,True
user_03854,2024-01-30,False,False,False,False,True
user_03855,2024-01-08,True,False,False,False,True
user_03856,2024-02-01,False,False,False,False,True
user_03857,2024-02-21,True,True,False,False,True
user_03858,2024-01-28,True,True,False,False,True
user_03859,2024-01-01,True,False,False,False,True
user_03860,2024-01-13,True,False,False,False,True
user_03861,2024-01-27,True,True,False,False,True
user_03862,2024-01-30,True,True,True,False,True
user_03863,2024-02-13,False,False,False,False,True
user_03864,2024-02-13,True,False,False,False,True
user_03865,2024-01-17,True,True,False,False,True
user_03866,2024-01-04,True,True,False,False,True
user_03867,2024-01-23,False,False,False,False,True
user_03868,2024-01-20,True,True,True,False,True
user_03869,2024-01-15,True,True,False,False,True
user_03870,2024-01-21,True,True,False,False,True
user_03871,2024-01-28,False,False,False,False,True
user_03872,2024-01-11,True,False,False,False,True
user_03873,2024-01-13,True,True,False,False,True
user_03874,2024-01-19,True,True,True,True,False
user_03875,2024-01-12,False,False,False,False,True
user_03876,2024-01-11,True,False,False,False,True
user_03877,2024-02-27,True,True,True,False,True
user_03878,2024-01-23,False,False,False,False,True
user_03879,2024-02-07,True,True,False,False,True
user_03880,2024-01-30,True,True,True,False,True
user_03881,2024-02-24,True,False,False,False,True
user_03882,2024-01-17,False,False,False,False,True
user_03883,2024-01-24,True,True,True,False,True
user_03884,2024-02-11,True,False,False,False,True
user_03885,2024-01-26,True,True,True,False,True
user_03886,2024-02-21,True,True,True,True,False
user_03887,2024-02-09,True,False,False,False,True
user_03888,2024-01-29,True,True,False,False,True
user_03889,2024-01-03,False,False,False,False,True
user_03890,2024-01-05,True,False,False,False,True
user_03891,2024-01-31,False,False,False,False,True
user_03892,2024-01-27,True,True,False,False,True
user_03893,2024-02-28,True,True,False,False,True
user_03894,2024-02-17,True,True,True,False,True
user_03895,2024-01-31,True,False,False,False,True
user_03896,2024-01-11,True,True,True,False,True
user_03897,2024-01-21,True,True,True,False,True
user_03898,2024-01-08,True,True,False,False,True
user_03899,2024-01-03,True,False,False,False,True
user_03900,2024-01-04,True,False,False,False,True
user_03901,2024-01-15,False,False,False,False,True
user_03902,2024-01-13,True,True,False,False,True
user_03903,2024-02-08,True,True,False,False,True
user_03904,2024-01-20,True,True,False,False,True
user_03905,2024-01-03,True,True,False,False,True
user_03906,2024-02-21,True,False,False,False,True
user_03907,2024-02-12,False,False,False,False,True
user_03908,2024-01-15,True,False,False,False,True
user_03909,2024-01-01,True,True,False,False,True
user_03910,2024-02-27,False,False,False,False,True
user_03911,2024-02-07,True,True,False,False,True
user_03912,2024-01-29,True,True,False,False,True
user_03913,2024-01-02,True,True,True,False,True
user_03914,2024-01-24,True,True,False,False,True
user_03915,2024-02-17,True,False,False,False,True
user_03916,2024-01-30,True,True,False,False,True
user_03917,2024-02-22,True,False,False,False,True
user_03918,2024-01-14,True,True,True,False,True
user_03919,2024-02-26,True,True,False,False,True
user_03920,2024-01-03,True,False,False,False,True
user_03921,2024-01-09,True,True,True,True,False
user_03922,2024-01-27,True,False,False,False,True
user_03923,2024-01-05,True,True,True,True,False
user_03924,2024-02-12,True,False,False,False,True
user_03925,2024-02-07,True,False,False,False,True
user_03926,2024-02-14,True,True,False,False,True
user_03927,2024-02-04,False,False,False,False,True
user_03928,2024-02-21,True,True,True,False,True
user_03929,2024-02-11,True,True,True,True,False
user_03930,2024-02-04,True,False,False,False,True
user_03931,2024-01-21,True,True,False,False,True
user_03932,2024-02-07,True,True,False,False,True
user_03933,2024-01-18,False,False,False,False,True
user_03934,2024-01-05,True,False,False,False,True
user_03935,2024-02-05,True,True,True,True,False
user_03936,2024-01-14,True,True,False,False,True
user_03937,2024-02-05,False,False,False,False,True
user_03938,2024-02-20,True,True,True,False,True
user_03939,2024-02-08,True,False,False,False,True
user_03940,2024-02-19,True,True,False,False,True
user_03941,2024-01-14,False,False,False,False,True
user_03942,2024-02-21,True,True,False,False,True
user_03943,2024-01-19,True,True,True,False,True
user_03944,2024-01-19,True,True,False,False,True
user_03945,2024-01-04,True,True,False,False,True
user_03946,2024-02-07,True,False,False,False,True
user_03947,2024-01-10,False,False,False,False,True
user_03948,2024-02-03,False,False,False,False,True
user_03949,2024-01-05,True,True,False,False,True
user_03950,2024-01-21,True,False,False,False,True
user_03951,2024-02-27,False,False,False,False,True
user_03952,2024-01-08,True,True,True,False,True
user_03953,2024-01-07,True,False,False,False,True
user_03954,2024-01-08,True,True,True,True,False
user_03955,2024-02-19,True,True,False,False,True
user_03956,2024-01-14,True,True,False,False,True
user_03957,2024-01-16,True,True,True,True,False
user_03958,2024-02-08,False,False,False,False,True
user_03959,2024-02-25,False,False,False,False,True
user_03960,2024-01-26,True,True,True,False,True
user_03961,2024-01-01,True,True,False,False,True
user_03962,2024-02-20,True,True,False,False,True
user_03963,2024-01-01,True,False,False,False,True
user_03964,2024-02-21,True,False,False,False,True
user_03965,2024-02-26,True,False,False,False,True
user_03966,2024-02-18,False,False,False,False,True
user_03967,2024-01-04,True,False,False,False,True
user_03968,2024-01-31,True,False,False,False,True
user_03969,2024-02-12,True,False,False,False,True
user_03970,2024-01-29,True,False,False,False,True
user_03971,2024-01-17,True,False,False,False,True
user_03972,2024-01-02,False,False,False,False,True
user_03973,2024-02-20,True,False,False,False,True
user_03974,2024-01-30,True,True,False,False,True
user_03975,2024-01-10,True,True,False,False,True
user_03976,2024-01-01,True,True,True,False,True
user_03977,2024-01-01,True,False,False,False,True
user_03978,2024-02-17,True,True,False,False,True
user_03979,2024-02-10,True,False,False,False,True
user_03980,2024-02-05,True,True,True,False,True
user_03981,2024-02-15,False,False,False,False,True
user_03982,2024-01-17,True,True,False,False,True
user_03983,2024-01-16,False,False,False,False,True
user_03984,2024-01-25,True,False,False,False,True
user_03985,2024-02-25,True,True,True,False,True
user_03986,2024-02-26,True,True,True,True,False
user_03987,2024-02-02,True,True,False,False,True
user_03988,2024-01-23,True,False,False,False,True
user_03989,2024-01-17,True,False,False,False,True
user_03990,2024-02-24,True,True,True,True,False
user_03991,2024-02-16,True,True,False,False,True
user_03992,2024-01-26,False,False,False,False,True
user_03993,2024-01-31,True,True,True,False,True
user_03994,2024-01-24,True,False,False,False,True
user_03995,2024-02-17,True,False,False,False,True
user_03996,2024-02-05,True,False,False,False,True
user_03997,2024-02-13,True,False,False,False,True
user_03998,2024-02-26,True,True,False,False,True
user_03999,2024-01-10,True,False,False,False,True
user_04000,2024-02-11,True,False,False,False,True
user_04001,2024-01-15,True,True,True,True,False
user_04002,2024-01-24,True,True,True,False,True
user_04003,2024-02-13,True,True,False,False,True
user_04004,2024-01-04,True,True,False,False,True
user_04005,2024-01-07,True,True,False,False,True
user_04006,2024-01-15,True,True,True,False,True
user_04007,2024-01-18,True,False,False,False,True
user_04008,2024-01-02,True,False,False,False,True
user_04009,2024-01-08,True,False,False,False,True
user_04010,2024-01-23,False,False,False,False,True
user_04011,2024-02-22,True,True,True,True,False
user_04012,2024-02-02,True,True,True,False,True
user_04013,2024-02-08,True,False,False,False,True
user_04014,2024-01-24,True,True,False,False,True
user_04015,2024-02-28,True,False,False,False,True
user_04016,2024-02-28,True,True,True,False,True
user_04017,2024-02-02,True,True,False,False,True
user_04018,2024-01-31,True,False,False,False,True
user_04019,2024-02-01,True,True,False,False,True
user_04020,2024-01-11,True,False,False,False,True
user_04021,2024-01-09,True,True,False,False,True
user_04022,2024-02-10,True,False,False,False,True
user_04023,2024-01-27,True,True,True,True,False
user_04024,2024-01-16,False,False,False,False,True
user_04025,2024-01-26,True,False,False,False,True
user_04026,2024-02-02,True,True,False,False,True
user_04027,2024-02-26,True,True,True,True,False
user_04028,2024-01-01,False,False,False,False,True
user_04029,2024-02-05,False,False,False,False,True
user_04030,2024-01-08,True,False,False,False,True
user_04031,2024-02-18,True,False,False,False,True
user_04032,2024-01-07,True,True,False,False,True
user_04033,2024-01-05,True,True,False,False,True
user_04034,2024-02-04,True,True,False,False,True
user_04035,2024-01-15,True,True,True,False,True
user_04036,2024-01-05,True,True,True,True,False
user_04037,2024-01-12,True,True,True,False,True
user_04038,2024-02-18,True,True,False,False,True
user_04039,2024-01-05,True,True,False,False,True
user_04040,2024-02-02,True,True,False,False,True
user_04041,2024-01-11,True,True,True,False,True
user_04042,2024-01-25,True,False,False,False,True
user_04043,2024-01-15,True,False,False,False,True
user_04044,2024-01-06,True,True,False,False,True
user_04045,2024-01-13,True,True,True,False,True
user_04046,2024-01-12,True,True,True,False,True
user_04047,2024-02-07,True,False,False,False,True
user_04048,2024-02-01,True,True,True,False,True
user_04049,2024-02-15,True,True,False,False,True
user_04050,2024-02-25,True,False,False,False,True
user_04051,2024-01-07,True,True,True,False,True
user_04052,2024-01-20,True,True,True,False,True
user_04053,2024-02-10,True,True,True,True,False
user_04054,2024-01-08,True,False,False,False,True
user_04055,2024-01-22,True,True,True,True,False
user_04056,2024-01-30,True,True,True,False,True
user_04057,2024-02-20,True,False,False,False,True
user_04058,2024-02-03,True,True,False,False,True
user_04059,2024-01-20,True,False,False,False,True
user_04060,2024-02-16,False,False,False,False,True
user_04061,2024-02-12,True,True,False,False,True
user_04062,2024-01-02,True,False,False,False,True
user_04063,2024-02-16,True,True,True,False,True
user_04064,2024-02-20,False,False,False,False,True
user_04065,2024-02-26,True,True,False,False,True
user_04066,2024-01-23,True,False,False,False,True
user_04067,2024-02-24,True,False,False,False,True
user_04068,2024-02-16,True,False,False,False,True
user_04069,2024-02-05,True,True,True,True,False
user_04070,2024-02-16,True,True,False,False,True
user_04071,2024-02-14,True,True,True,False,True
user_04072,2024-02-22,True,False,False,False,True
user_04073,2024-01-20,True,True,True,False,True
user_04074,2024-02-01,True,True,False,False,True
user_04075,2024-01-05,True,False,False,False,True
user_04076,2024-01-20,True,True,False,False,True
user_04077,2024-01-20,True,True,False,False,True
user_04078,2024-02-10,True,True,False,False,True
user_04079,2024-02-07,True,False,False,False,True
user_04080,2024-01-03,True,False,False,False,True
user_04081,2024-01-30,True,True,False,False,True
user_04082,2024-01-14,True,True,True,True,False
user_04083,2024-02-01,True,True,True,False,True
user_04084,2024-01-19,True,True,True,True,False
user_04085,2024-02-01,False,False,False,False,True
user_04086,2024-01-03,True,False,False,False,True
user_04087,2024-01-14,True,False,False,False,True
user_04088,2024-02-12,True,True,True,True,False
user_04089,2024-01-18,True,True,False,False,True
user_04090,2024-02-17,True,False,False,False,True
user_04091,2024-02-02,True,True,True,True,False
user_04092,2024-02-11,True,True,False,False,True
user_04093,2024-01-20,False,False,False,False,True
user_04094,2024-02-21,True,True,True,False,True
user_04095,2024-02-29,False,False,False,False,True
user_04096,2024-01-29,True,False,False,False,True
user_04097,2024-01-21,True,False,False,False,True
user_04098,2024-02-13,True,True,False,False,True
user_04099,2024-02-05,True,True,True,False,True
user_04100,2024-01-09,True,True,True,False,True
user_04101,2024-01-20,True,False,False,False,True
user_04102,2024-01-30,True,False,False,False,True
user_04103,2024-01-24,True,False,False,False,True
user_04104,2024-02-11,False,False,False,False,True
user_04105,2024-01-04,True,False,False,False,True
user_04106,2024-02-18,True,False,False,False,True
user_04107,2024-02-19,True,False,False,False,True
user_04108,2024-02-09,True,True,True,True,False
user_04109,2024-02-21,True,True,False,False,True
user_04110,2024-02-14,True,True,True,False,True
user_04111,2024-02-08,True,False,False,False,True
user_04112,2024-01-29,False,False,False,False,True
user_04113,2024-01-06,False,False,False,False,True
user_04114,2024-02-18,True,True,True,False,True
user_04115,2024-02-07,True,False,False,False,True
user_04116,2024-01-02,True,True,False,False,True
user_04117,2024-01-21,True,True,True,False,True
user_04118,2024-01-15,True,True,False,False,True
user_04119,2024-02-01,True,False,False,False,True
user_04120,2024-01-15,True,True,False,False,True
user_04121,2024-02-07,True,False,False,False,True
user_04122,2024-02-05,True,True,False,False,True
user_04123,2024-02-27,True,False,False,False,True
user_04124,2024-01-16,True,False,False,False,True
user_04125,2024-01-10,True,False,False,False,True
user_04126,2024-02-12,True,False,False,False,True
user_04127,2024-02-28,True,True,True,False,True
user_04128,2024-01-15,True,True,True,True,False
user_04129,2024-02-18,True,True,False,False,True
user_04130,2024-02-10,True,True,True,False,True
user_04131,2024-02-22,False,False,False,False,True
user_04132,2024-02-19,True,True,True,True,False
user_04133,2024-01-23,True,True,True,False,True
user_04134,2024-01-02,True,False,False,False,True
user_04135,2024-01-05,True,False,False,False,True
user_04136,2024-01-06,True,False,False,False,True
user_04137,2024-02-18,False,False,False,False,True
user_04138,2024-02-11,True,True,True,True,False
user_04139,2024-01-15,True,True,True,True,False
user_04140,2024-01-05,True,False,False,False,True
user_04141,2024-01-14,False,False,False,False,True
user_04142,2024-01-08,True,True,False,False,True
user_04143,2024-02-06,True,False,False,False,True
user_04144,2024-02-29,True,False,False,False,True
user_04145,2024-02-21,False,False,False,False,True
user_04146,2024-01-17,True,False,False,False,True
user_04147,2024-01-17,True,True,True,False,True
user_04148,2024-02-19,True,False,False,False,True
user_04149,2024-01-30,True,True,False,False,True
user_04150,2024-02-16,True,True,True,True,False
user_04151,2024-01-17,True,False,False,False,True
user_04152,2024-01-19,True,True,False,False,True
user_04153,2024-01-06,True,False,False,False,True
user_04154,2024-02-02,True,False,False,False,True
user_04155,2024-01-13,True,False,False,False,True
user_04156,2024-01-03,True,True,True,False,True
user_04157,2024-02-27,False,False,False,False,True
user_04158,2024-01-23,True,False,False,False,True
user_04159,2024-02-28,True,True,True,False,True
user_04160,2024-01-31,True,True,False,False,True
user_04161,2024-02-24,True,False,False,False,True
user_04162,2024-02-18,True,True,False,False,True
user_04163,2024-02-17,True,False,False,False,True
user_04164,2024-02-10,False,False,False,False,True
user_04165,2024-02-15,True,True,True,True,False
user_04166,2024-01-23,False,False,False,False,True
user_04167,2024-01-19,True,True,True,False,True
user_04168,2024-01-03,True,False,False,False,True
user_04169,2024-02-29,True,True,False,False,True
user_04170,2024-01-04,True,True,True,False,True
user_04171,2024-02-22,True,True,True,False,True
user_04172,2024-01-07,False,False,False,False,True
user_04173,2024-01-03,True,True,False,False,True
user_04174,2024-01-07,True,True,True,True,False
user_04175,2024-02-25,False,False,False,False,True
user_04176,2024-01-26,True,True,False,False,True
user_04177,2024-01-21,True,True,False,False,True
user_04178,2024-01-27,True,False,False,False,True
user_04179,2024-02-02,True,False,False,False,True
user_04180,2024-02-12,True,False,False,False,True
user_04181,2024-01-12,True,True,True,False,True
user_04182,2024-02-15,True,True,True,True,False
user_04183,2024-01-10,True,False,False,False,True
user_04184,2024-01-19,True,True,True,False,True
user_04185,2024-02-17,True,True,True,False,True
user_04186,2024-01-15,True,True,True,False,True
user_04187,2024-01-10,False,False,False,False,True
user_04188,2024-02-13,True,False,False,False,True
user_04189,2024-02-11,False,False,False,False,True
user_04190,2024-01-08,False,False,False,False,True
user_04191,2024-01-25,True,True,True,False,True
user_04192,2024-01-26,True,True,False,False,True
user_04193,2024-02-07,False,False,False,False,True
user_04194,2024-01-29,False,False,False,False,True
user_04195,2024-02-23,True,False,False,False,True
user_04196,2024-01-23,True,True,True,True,False
user_04197,2024-02-21,False,False,False,False,True
user_04198,2024-01-25,False,False,False,False,True
user_04199,2024-02-24,True,True,False,False,True
user_04200,2024-01-22,True,False,False,False,True
user_04201,2024-02-13,True,True,True,False,True
user_04202,2024-02-26,True,True,True,False,True
user_04203,2024-02-03,True,False,False,False,True
user_04204,2024-02-28,True,True,True,True,False
user_04205,2024-02-18,True,False,False,False,True
user_04206,2024-02-25,True,True,False,False,True
user_04207,2024-01-15,True,True,False,False,True
user_04208,2024-01-18,True,True,False,False,True
user_04209,2024-01-03,False,False,False,False,True
user_04210,2024-02-08,True,True,False,False,True
user_04211,2024-01-14,True,False,False,False,True
user_04212,2024-02-01,True,True,True,True,False
user_04213,2024-01-30,False,False,False,False,True
user_04214,2024-01-19,True,True,False,False,True
user_04215,2024-01-25,True,True,False,False,True
user_04216,2024-02-26,True,True,False,False,True
user_04217,2024-01-27,False,False,False,False,True
user_04218,2024-01-14,True,True,False,False,True
user_04219,2024-01-24,True,False,False,False,True
user_04220,2024-02-27,True,False,False,False,True
user_04221,2024-02-19,True,False,False,False,True
user_04222,2024-02-25,True,False,False,False,True
user_04223,2024-02-17,False,False,False,False,True
user_04224,2024-01-25,True,True,False,False,True
user_04225,2024-02-22,False,False,False,False,True
user_04226,2024-01-30,True,False,False,False,True
user_04227,2024-02-26,True,False,False,False,True
user_04228,2024-01-22,True,False,False,False,True
user_04229,2024-01-31,False,False,False,False,True
user_04230,2024-02-12,True,False,False,False,True
user_04231,2024-01-11,True,True,True,True,False
user_04232,2024-01-01,True,True,True,True,False
user_04233,2024-01-09,True,False,False,False,True
user_04234,2024-02-17,True,False,False,False,True
user_04235,2024-02-02,True,True,False,False,True
user_04236,2024-01-30,False,False,False,False,True
user_04237,2024-01-05,False,False,False,False,True
user_04238,2024-01-01,True,True,False,False,True
user_04239,2024-02-15,True,False,False,False,True
user_04240,2024-02-09,False,False,False,False,True
user_04241,2024-02-23,True,True,False,False,True
user_04242,2024-02-29,True,False,False,False,True
user_04243,2024-02-10,True,True,True,False,True
user_04244,2024-02-10,True,False,False,False,True
user_04245,2024-01-15,True,True,False,False,True
user_04246,2024-01-21,True,False,False,False,True
user_04247,2024-01-24,False,False,False,False,True
user_04248,2024-02-19,False,False,False,False,True
user_04249,2024-01-31,False,False,False,False,True
user_04250,2024-01-02,True,False,False,False,True
user_04251,2024-02-21,True,True,False,False,True
user_04252,2024-01-15,True,False,False,False,True
user_04253,2024-01-14,True,False,False,False,True
user_04254,2024-02-23,True,True,True,False,True
user_04255,2024-01-27,True,False,False,False,True
user_04256,2024-02-25,True,True,False,False,True
user_04257,2024-01-29,True,True,True,True,False
user_04258,2024-01-15,True,True,False,False,True
user_04259,2024-02-07,False,False,False,False,True
user_04260,2024-01-07,False,False,False,False,True
user_04261,2024-02-18,True,True,True,False,True
user_04262,2024-02-17,True,True,True,False,True
user_04263,2024-01-23,True,False,False,False,True
user_04264,2024-02-11,True,False,False,False,True
user_04265,2024-02-16,True,True,True,False,True
user_04266,2024-01-23,False,False,False,False,True
user_04267,2024-01-21,True,True,False,False,True
user_04268,2024-01-02,True,False,False,False,True
user_04269,2024-01-04,False,False,False,False,True
user_04270,2024-02-14,False,False,False,False,True
user_04271,2024-02-12,True,False,False,False,True
user_04272,2024-01-01,True,False,False,False,True
user_04273,2024-01-27,True,False,False,False,True
user_04274,2024-02-27,True,False,False,False,True
user_04275,2024-02-18,False,False,False,False,True
user_04276,2024-02-04,True,True,True,True,False
user_04277,2024-02-19,True,True,True,False,True
user_04278,2024-02-26,True,True,False,False,True
user_04279,2024-02-27,True,False,False,False,True
user_04280,2024-02-16,True,True,False,False,True
user_04281,2024-01-13,True,False,False,False,True
user_04282,2024-01-13,True,False,False,False,True
user_04283,2024-01-29,True,False,False,False,True
user_04284,2024-01-19,True,False,False,False,True
user_04285,2024-01-14,True,True,True,True,False
user_04286,2024-01-05,False,False,False,False,True
user_04287,2024-01-22,True,True,False,False,True
user_04288,2024-01-14,False,False,False,False,True
user_04289,2024-01-09,True,True,False,False,True
user_04290,2024-01-01,False,False,False,False,True
user_04291,2024-02-21,False,False,False,False,True
user_04292,2024-01-17,True,True,True,False,True
user_04293,2024-02-07,True,True,True,False,True
user_04294,2024-02-23,False,False,False,False,True
user_04295,2024-02-24,False,False,False,False,True
user_04296,2024-01-20,True,True,True,False,True
user_04297,2024-01-06,True,True,True,False,True
user_04298,2024-01-15,True,True,False,False,True
user_04299,2024-01-10,False,False,False,False,True
user_04300,2024-01-09,True,True,True,False,True
user_04301,2024-01-12,True,False,False,False,True
user_04302,2024-02-22,True,False,False,False,True
user_04303,2024-01-09,True,True,False,False,True
user_04304,2024-01-17,True,False,False,False,True
user_04305,2024-01-31,False,False,False,False,True
user_04306,2024-01-19,True,True,True,True,False
user_04307,2024-02-08,True,True,False,False,True
user_04308,2024-01-27,True,True,False,False,True
user_04309,2024-02-12,True,True,True,True,False
user_04310,2024-02-07,False,False,False,False,True
user_04311,2024-01-31,True,False,False,False,True
user_04312,2024-01-19,True,True,True,True,False
user_04313,2024-02-04,True,False,False,False,True
user_04314,2024-01-12,False,False,False,False,True
user_04315,2024-01-30,True,True,True,False,True
user_04316,2024-01-26,False,False,False,False,True
user_04317,2024-01-11,True,False,False,False,True
user_04318,2024-01-13,False,False,False,False,True
user_04319,2024-02-07,True,True,False,False,True
user_04320,2024-01-05,True,False,False,False,True
user_04321,2024-01-08,False,False,False,False,True
user_04322,2024-01-24,True,False,False,False,True
user_04323,2024-02-03,True,True,False,False,True
user_04324,2024-01-26,True,False,False,False,True
user_04325,2024-01-08,False,False,False,False,True
user_04326,2024-02-24,False,False,False,False,True
user_04327,2024-02-11,True,True,True,False,True
user_04328,2024-02-17,True,False,False,False,True
user_04329,2024-01-04,True,True,True,True,False
user_04330,2024-02-29,True,True,False,False,True
user_04331,2024-01-26,True,True,True,False,True
user_04332,2024-02-17,True,True,False,False,True
user_04333,2024-01-26,True,False,False,False,True
user_04334,2024-02-04,True,True,False,False,True
user_04335,2024-02-09,False,False,False,False,True
user_04336,2024-01-15,True,False,False,False,True
user_04337,2024-02-11,False,False,False,False,True
user_04338,2024-02-14,False,False,False,False,True
user_04339,2024-01-13,False,False,False,False,True
user_04340,2024-01-29,False,False,False,False,True
user_04341,2024-01-06,True,False,False,False,True
user_04342,2024-02-07,True,False,False,False,True
user_04343,2024-02-13,True,True,False,False,True
user_04344,2024-02-01,True,True,False,False,True
user_04345,2024-01-02,True,False,False,False,True
user_04346,2024-02-21,True,True,False,False,True
user_04347,2024-01-05,False,False,False,False,True
user_04348,2024-02-25,True,True,True,False,True
user_04349,2024-02-19,True,True,False,False,True
user_04350,2024-02-17,False,False,False,False,True
user_04351,2024-02-09,True,True,False,False,True
user_04352,2024-01-02,True,False,False,False,True
user_04353,2024-01-08,True,False,False,False,True
user_04354,2024-01-23,False,False,False,False,True
user_04355,2024-01-29,False,False,False,False,True
user_04356,2024-02-18,True,True,False,False,True
user_04357,2024-02-07,True,True,False,False,True
user_04358,2024-02-29,True,False,False,False,True
user_04359,2024-02-22,True,True,True,False,True
user_04360,2024-01-12,True,True,False,False,True
user_04361,2024-02-19,True,False,False,False,True
user_04362,2024-01-12,False,False,False,False,True
user_04363,2024-01-15,True,False,False,False,True
user_04364,2024-01-01,True,True,False,False,True
user_04365,2024-02-08,False,False,False,False,True
user_04366,2024-02-20,False,False,False,False,True
user_04367,2024-01-21,True,False,False,False,True
user_04368,2024-02-02,True,False,False,False,True
user_04369,2024-01-02,True,True,False,False,True
user_04370,2024-02-10,True,False,False,False,True
user_04371,2024-01-12,True,True,False,False,True
user_04372,2024-02-19,True,True,False,False,True
user_04373,2024-01-15,True,True,True,False,True
user_04374,2024-01-08,True,True,False,False,True
user_04375,2024-01-27,True,True,False,False,True
user_04376,2024-02-14,True,False,False,False,True
user_04377,2024-01-27,True,True,False,False,True
user_04378,2024-02-08,True,True,False,False,True
user_04379,2024-02-22,True,True,True,False,True
user_04380,2024-01-13,True,False,False,False,True
user_04381,2024-02-24,True,True,True,False,True
user_04382,2024-02-04,True,True,False,False,True
user_04383,2024-02-16,True,True,True,True,False
user_04384,2024-02-03,True,True,False,False,True
user_04385,2024-02-29,True,True,False,False,True
user_04386,2024-02-22,True,False,False,False,True
user_04387,2024-01-06,True,False,False,False,True
user_04388,2024-01-31,True,False,False,False,True
user_04389,2024-01-14,True,True,True,True,False
user_04390,2024-01-19,True,True,False,False,True
user_04391,2024-02-06,True,False,False,False,True
user_04392,2024-01-07,True,True,False,False,True
user_04393,2024-01-18,False,False,False,False,True
user_04394,2024-01-15,True,True,False,False,True
user_04395,2024-02-09,True,False,False,False,True
user_04396,2024-02-15,False,False,False,False,True
user_04397,2024-02-03,False,False,False,False,True
user_04398,2024-02-29,True,True,True,False,True
user_04399,2024-02-14,True,True,False,False,True
user_04400,2024-01-27,True,False,False,False,True
user_04401,2024-01-26,False,False,False,False,True
user_04402,2024-01-04,True,True,True,False,True
user_04403,2024-01-09,True,True,False,False,True
user_04404,2024-02-29,True,False,False,False,True
user_04405,2024-01-25,True,True,True,False,True
user_04406,2024-01-05,False,False,False,False,True
user_04407,2024-02-12,True,False,False,False,True
user_04408,2024-02-19,True,True,True,False,True
user_04409,2024-02-26,True,False,False,False,True
user_04410,2024-02-06,True,False,False,False,True
user_04411,2024-02-15,True,True,False,False,True
user_04412,2024-01-18,True,False,False,False,True
user_04413,2024-01-27,True,True,False,False,True
user_04414,2024-01-28,True,True,False,False,True
user_04415,2024-01-14,True,True,True,False,True
user_04416,2024-01-18,True,True,False,False,True
user_04417,2024-02-13,True,True,False,False,True
user_04418,2024-01-11,True,False,False,False,True
user_04419,2024-01-12,True,True,False,False,True
user_04420,2024-02-17,True,False,False,False,True
user_04421,2024-02-15,True,False,False,False,True
user_04422,2024-01-18,True,True,False,False,True
user_04423,2024-02-17,True,True,True,False,True
user_04424,2024-01-30,True,True,True,False,True
user_04425,2024-02-04,True,True,False,False,True
user_04426,2024-02-07,True,True,False,False,True
user_04427,2024-01-19,True,True,True,False,True
user_04428,2024-01-02,True,False,False,False,True
user_04429,2024-02-25,False,False,False,False,True
user_04430,2024-02-28,False,False,False,False,True
user_04431,2024-01-12,True,False,False,False,True
user_04432,2024-01-20,False,False,False,False,True
user_04433,2024-01-21,True,True,True,True,False
user_04434,2024-02-05,True,True,True,False,True
user_04435,2024-01-24,True,False,False,False,True
user_04436,2024-01-08,True,True,True,False,True
user_04437,2024-01-24,True,True,False,False,True
user_04438,2024-02-12,True,False,False,False,True
user_04439,2024-01-29,True,True,True,True,False
user_04440,2024-02-29,True,False,False,False,True
user_04441,2024-01-16,True,False,False,False,True
user_04442,2024-01-24,True,True,True,False,True
user_04443,2024-01-09,True,True,False,False,True
user_04444,2024-02-27,True,True,False,False,True
user_04445,2024-02-18,True,True,True,False,True
user_04446,2024-02-13,True,True,False,False,True
user_04447,2024-01-08,True,False,False,False,True
user_04448,2024-01-09,True,True,False,False,True
user_04449,2024-02-15,True,False,False,False,True
user_04450,2024-01-14,True,True,False,False,True
user_04451,2024-02-03,False,False,False,False,True
user_04452,2024-01-18,True,True,True,True,False
user_04453,2024-02-17,True,False,False,False,True
user_04454,2024-02-26,True,True,False,False,True
user_04455,2024-01-14,True,True,False,False,True
user_04456,2024-02-18,True,True,False,False,True
user_04457,2024-02-12,True,False,False,False,True
user_04458,2024-02-12,True,False,False,False,True
user_04459,2024-01-02,True,True,False,False,True
user_04460,2024-02-09,False,False,False,False,True
user_04461,2024-02-28,True,False,False,False,True
user_04462,2024-02-14,True,True,True,True,False
user_04463,2024-02-21,True,True,True,False,True
user_04464,2024-02-17,True,True,False,False,True
user_04465,2024-02-01,False,False,False,False,True
user_04466,2024-01-16,True,False,False,False,True
user_04467,2024-02-26,True,True,False,False,True
user_04468,2024-02-04,True,True,True,True,False
user_04469,2024-01-15,True,False,False,False,True
user_04470,2024-02-03,True,True,False,False,True
user_04471,2024-01-07,True,True,False,False,True
user_04472,2024-01-13,True,True,True,True,False
user_04473,2024-02-20,True,True,True,False,True
user_04474,2024-02-29,False,False,False,False,True
user_04475,2024-01-16,True,False,False,False,True
user_04476,2024-02-02,True,True,False,False,True
user_04477,2024-02-25,True,False,False,False,True
user_04478,2024-02-09,True,False,False,False,True
user_04479,2024-01-07,True,True,False,False,True
user_04480,2024-01-03,False,False,False,False,True
user_04481,2024-01-27,True,True,True,False,True
user_04482,2024-01-17,True,False,False,False,True
user_04483,2024-02-11,True,True,False,False,True
user_04484,2024-02-08,True,False,False,False,True
user_04485,2024-02-06,False,False,False,False,True
user_04486,2024-01-21,True,True,True,False,True
user_04487,2024-01-02,True,False,False,False,True
user_04488,2024-01-13,False,False,False,False,True
user_04489,2024-02-21,True,False,False,False,True
user_04490,2024-02-03,False,False,False,False,True
user_04491,2024-01-25,True,True,False,False,True
user_04492,2024-01-09,True,True,True,True,False
user_04493,2024-02-11,True,False,False,False,True
user_04494,2024-01-02,True,True,False,False,True
user_04495,2024-02-23,False,False,False,False,True
user_04496,2024-01-04,True,False,False,False,True
user_04497,2024-02-16,False,False,False,False,True
user_04498,2024-02-05,True,False,False,False,True
user_04499,2024-01-28,True,True,False,False,True
user_04500,2024-02-28,True,True,True,True,False
user_04501,2024-02-02,True,True,False,False,True
user_04502,2024-01-01,True,False,False,False,True
user_04503,2024-01-25,True,True,True,False,True
user_04504,2024-01-15,True,True,True,True,False
user_04505,2024-02-27,True,True,False,False,True
user_04506,2024-02-16,True,True,False,False,True
user_04507,2024-01-21,True,True,True,True,False
user_04508,2024-02-03,True,True,True,True,False
user_04509,2024-02-25,False,False,False,False,True
user_04510,2024-02-28,True,False,False,False,True
user_04511,2024-01-05,True,False,False,False,True
user_04512,2024-02-28,True,True,False,False,True
user_04513,2024-02-23,False,False,False,False,True
user_04514,2024-02-12,True,True,False,False,True
user_04515,2024-02-12,True,False,False,False,True
user_04516,2024-02-29,True,True,False,False,True
user_04517,2024-01-08,True,False,False,False,True
user_04518,2024-02-13,True,True,True,False,True
user_04519,2024-01-29,False,False,False,False,True
user_04520,2024-01-27,True,False,False,False,True
user_04521,2024-01-16,True,True,True,False,True
user_04522,2024-02-16,True,True,False,False,True
user_04523,2024-01-24,False,False,False,False,True
user_04524,2024-02-29,True,True,False,False,True
user_04525,2024-01-19,False,False,False,False,True
user_04526,2024-01-19,True,True,True,True,False
user_04527,2024-02-18,True,False,False,False,True
user_04528,2024-01-04,True,True,False,False,True
user_04529,2024-01-31,True,True,True,True,False
user_04530,2024-01-10,True,False,False,False,True
user_04531,2024-01-31,True,False,False,False,True
user_04532,2024-01-06,True,False,False,False,True
user_04533,2024-01-25,True,False,False,False,True
user_04534,2024-02-08,False,False,False,False,True
user_04535,2024-02-09,True,False,False,False,True
user_04536,2024-01-16,False,False,False,False,True
user_04537,2024-01-13,True,True,True,True,False
user_04538,2024-01-05,True,True,False,False,True
user_04539,2024-02-19,True,False,False,False,True
user_04540,2024-02-12,True,True,True,False,True
user_04541,2024-01-08,True,True,True,False,True
user_04542,2024-02-11,True,True,False,False,True
user_04543,2024-01-26,True,False,False,False,True
user_04544,2024-02-02,True,False,False,False,True
user_04545,2024-01-06,True,True,True,False,True
user_04546,2024-02-03,True,False,False,False,True
user_04547,2024-02-20,True,True,True,True,False
user_04548,2024-01-31,True,False,False,False,True
user_04549,2024-02-17,False,False,False,False,True
user_04550,2024-01-31,False,False,False,False,True
user_04551,2024-01-25,True,False,False,False,True
user_04552,2024-01-08,True,True,True,False,True
user_04553,2024-02-20,True,True,True,True,False
user_04554,2024-02-19,True,True,False,False,True
user_04555,2024-02-23,True,True,False,False,True
user_04556,2024-02-09,True,False,False,False,True
user_04557,2024-02-23,False,False,False,False,True
user_04558,2024-01-13,True,False,False,False,True
user_04559,2024-01-21,False,False,False,False,True
user_04560,2024-02-11,True,False,False,False,True
user_04561,2024-02-11,True,True,False,False,True
user_04562,2024-01-31,False,False,False,False,True
user_04563,2024-01-30,True,True,True,False,True
user_04564,2024-02-07,True,True,False,False,True
user_04565,2024-02-18,True,False,False,False,True
user_04566,2024-02-11,True,False,False,False,True
user_04567,2024-02-11,True,True,True,False,True
user_04568,2024-01-05,True,True,True,True,False
user_04569,2024-01-29,True,False,False,False,True
user_04570,2024-01-09,True,True,True,True,False
user_04571,2024-01-23,True,False,False,False,True
user_04572,2024-02-26,True,False,False,False,True
user_04573,2024-02-02,True,True,False,False,True
user_04574,2024-01-21,False,False,False,False,True
user_04575,2024-01-17,True,False,False,False,True
user_04576,2024-02-27,False,False,False,False,True
user_04577,2024-01-19,True,False,False,False,True
user_04578,2024-02-28,True,True,True,True,False
user_04579,2024-02-01,True,True,True,False,True
user_04580,2024-02-19,False,False,False,False,True
user_04581,2024-02-21,True,True,True,False,True
user_04582,2024-02-09,True,True,False,False,True
user_04583,2024-01-26,True,True,False,False,True
user_04584,2024-01-04,True,True,True,False,True
user_04585,2024-01-17,True,False,False,False,True
user_04586,2024-02-13,True,True,False,False,True
user_04587,2024-01-08,True,False,False,False,True
user_04588,2024-01-14,True,False,False,False,True
user_04589,2024-01-12,True,False,False,False,True
user_04590,2024-01-06,True,True,False,False,True
user_04591,2024-01-19,True,False,False,False,True
user_04592,2024-01-28,True,True,False,False,True
user_04593,2024-01-22,True,True,True,False,True
user_04594,2024-01-02,True,True,True,False,True
user_04595,2024-02-05,True,False,False,False,True
user_04596,2024-01-26,True,True,True,False,True
user_04597,2024-01-22,True,True,True,False,True
user_04598,2024-01-30,True,True,True,True,False
user_04599,2024-02-04,True,False,False,False,True
user_04600,2024-01-26,True,True,False,False,True
user_04601,2024-01-16,True,True,True,True,False
user_04602,2024-01-31,True,True,True,False,True
user_04603,2024-01-10,False,False,False,False,True
user_04604,2024-01-19,False,False,False,False,True
user_04605,2024-02-03,False,False,False,False,True
user_04606,2024-01-19,True,False,False,False,True
user_04607,2024-01-21,True,True,True,False,True
user_04608,2024-02-12,True,True,True,True,False
user_04609,2024-01-12,True,False,False,False,True
user_04610,2024-02-20,False,False,False,False,True
user_04611,2024-01-26,False,False,False,False,True
user_04612,2024-01-13,True,False,False,False,True
user_04613,2024-01-07,True,True,True,False,True
user_04614,2024-01-30,True,False,False,False,True
user_04615,2024-02-05,True,False,False,False,True
user_04616,2024-02-14,False,False,False,False,True
user_04617,2024-02-01,True,True,True,False,True
user_04618,2024-02-04,True,False,False,False,True
user_04619,2024-02-05,True,False,False,False,True
user_04620,2024-02-14,True,True,False,False,True
user_04621,2024-01-22,False,False,False,False,True
user_04622,2024-01-26,True,True,True,False,True
user_04623,2024-01-13,True,True,False,False,True
user_04624,2024-02-07,False,False,False,False,True
user_04625,2024-01-19,True,True,True,True,False
user_04626,2024-01-25,False,False,False,False,True
user_04627,2024-02-25,True,False,False,False,True
user_04628,2024-02-18,False,False,False,False,True
user_04629,2024-01-14,True,True,False,False,True
user_04630,2024-02-27,True,False,False,False,True
user_04631,2024-02-25,True,False,False,False,True
user_04632,2024-01-27,True,True,False,False,True
user_04633,2024-02-11,False,False,False,False,True
user_04634,2024-01-10,False,False,False,False,True
user_04635,2024-02-23,True,False,False,False,True
user_04636,2024-01-15,False,False,False,False,True
user_04637,2024-01-06,True,False,False,False,True
user_04638,2024-01-07,True,False,False,False,True
user_04639,2024-01-07,True,True,False,False,True
user_04640,2024-02-27,True,False,False,False,True
user_04641,2024-02-20,True,True,False,False,True
user_04642,2024-01-10,True,True,True,False,True
user_04643,2024-01-11,True,False,False,False,True
user_04644,2024-02-20,True,False,False,False,True
user_04645,2024-01-27,True,True,True,True,False
user_04646,2024-01-13,True,True,True,True,False
user_04647,2024-02-28,True,False,False,False,True
user_04648,2024-02-27,True,False,False,False,True
user_04649,2024-02-20,True,True,False,False,True
user_04650,2024-02-03,True,True,False,False,True
user_04651,2024-01-07,True,False,False,False,True
user_04652,2024-01-23,True,True,True,False,True
user_04653,2024-02-20,True,True,False,False,True
user_04654,2024-02-19,True,True,False,False,True
user_04655,2024-01-22,True,True,True,False,True
user_04656,2024-02-12,True,True,True,True,False
user_04657,2024-02-06,True,True,False,False,True
user_04658,2024-01-23,True,True,True,False,True
user_04659,2024-01-24,True,False,False,False,True
user_04660,2024-02-22,True,True,False,False,True
user_04661,2024-01-17,True,True,True,True,False
user_04662,2024-01-27,True,False,False,False,True
user_04663,2024-02-26,False,False,False,False,True
user_04664,2024-01-03,False,False,False,False,True
user_04665,2024-02-24,True,True,True,False,True
user_04666,2024-02-17,True,True,False,False,True
user_04667,2024-02-02,True,True,False,False,True
user_04668,2024-02-05,True,True,True,False,True
user_04669,2024-01-22,True,True,False,False,True
user_04670,2024-02-04,False,False,False,False,True
user_04671,2024-01-12,True,True,True,False,True
user_04672,2024-02-18,True,False,False,False,True
user_04673,2024-02-23,True,True,False,False,True
user_04674,2024-01-31,False,False,False,False,True
user_04675,2024-02-24,False,False,False,False,True
user_04676,2024-02-06,True,False,False,False,True
user_04677,2024-02-08,False,False,False,False,True
user_04678,2024-02-27,False,False,False,False,True
user_04679,2024-01-02,True,True,True,True,False
user_04680,2024-01-19,True,True,True,False,True
user_04681,2024-02-10,False,False,False,False,True
user_04682,2024-01-09,True,True,True,True,False
user_04683,2024-02-01,True,True,False,False,True
user_04684,2024-02-14,True,False,False,False,True
user_04685,2024-01-13,False,False,False,False,True
user_04686,2024-02-08,True,True,True,True,False
user_04687,2024-01-06,True,True,True,True,False
user_04688,2024-02-08,False,False,False,False,True
user_04689,2024-01-16,True,False,False,False,True
user_04690,2024-02-10,True,True,False,False,True
user_04691,2024-02-20,True,True,False,False,True
user_04692,2024-02-20,True,False,False,False,True
user_04693,2024-02-15,True,True,False,False,True
user_04694,2024-01-23,True,False,False,False,True
user_04695,2024-02-20,True,True,True,True,False
user_04696,2024-02-08,True,False,False,False,True
user_04697,2024-01-30,True,True,True,True,False
user_04698,2024-02-12,True,True,True,True,False
user_04699,2024-02-11,True,True,False,False,True
user_04700,2024-02-09,False,False,False,False,True
user_04701,2024-01-19,False,False,False,False,True
user_04702,2024-02-01,True,False,False,False,True
user_04703,2024-01-27,False,False,False,False,True
user_04704,2024-01-31,True,True,False,False,True
user_04705,2024-01-20,True,False,False,False,True
user_04706,2024-01-22,True,True,False,False,True
user_04707,2024-01-18,False,False,False,False,True
user_04708,2024-01-21,False,False,False,False,True
user_04709,2024-01-29,False,False,False,False,True
user_04710,2024-02-12,True,False,False,False,True
user_04711,2024-01-19,False,False,False,False,True
user_04712,2024-02-11,True,True,False,False,True
user_04713,2024-02-14,False,False,False,False,True
user_04714,2024-01-15,True,True,False,False,True
user_04715,2024-01-17,True,True,True,True,False
user_04716,2024-02-12,False,False,False,False,True
user_04717,2024-02-26,False,False,False,False,True
user_04718,2024-02-15,True,True,True,True,False
user_04719,2024-02-03,True,False,False,False,True
user_04720,2024-01-05,True,False,False,False,True
user_04721,2024-02-05,True,True,False,False,True
user_04722,2024-02-25,True,True,True,False,True
user_04723,2024-01-01,False,False,False,False,True
user_04724,2024-01-07,True,False,False,False,True
user_04725,2024-02-16,False,False,False,False,True
user_04726,2024-01-11,True,True,True,False,True
user_04727,2024-01-28,True,True,False,False,True
user_04728,2024-02-21,True,False,False,False,True
user_04729,2024-02-29,False,False,False,False,True
user_04730,2024-01-22,True,True,False,False,True
user_04731,2024-01-03,True,False,False,False,True
user_04732,2024-01-11,True,True,True,False,True
user_04733,2024-02-02,True,True,True,False,True
user_04734,2024-01-30,True,True,False,False,True
user_04735,2024-01-14,True,False,False,False,True
user_04736,2024-02-03,True,True,False,False,True
user_04737,2024-01-06,True,True,False,False,True
user_04738,2024-02-03,True,False,False,False,True
user_04739,2024-01-10,True,True,False,False,True
user_04740,2024-01-23,True,True,False,False,True
user_04741,2024-02-11,True,False,False,False,True
user_04742,2024-01-30,True,True,False,False,True
user_04743,2024-02-10,True,True,True,False,True
user_04744,2024-01-04,True,True,True,True,False
user_04745,2024-02-01,True,True,True,True,False
user_04746,2024-01-14,True,True,False,False,True
user_04747,2024-01-17,True,True,False,False,True
user_04748,2024-01-06,True,False,False,False,True
user_04749,2024-02-14,False,False,False,False,True
user_04750,2024-02-24,True,True,False,False,True
user_04751,2024-02-19,True,True,True,True,False
user_04752,2024-02-02,True,True,True,False,True
user_04753,2024-02-17,True,False,False,False,True
user_04754,2024-01-07,True,True,False,False,True
user_04755,2024-02-03,False,False,False,False,True
user_04756,2024-02-29,True,False,False,False,True
user_04757,2024-01-27,False,False,False,False,True
user_04758,2024-01-13,True,True,False,False,True
user_04759,2024-02-29,True,True,True,True,False
user_04760,2024-01-08,True,True,False,False,True
user_04761,2024-02-18,True,True,False,False,True
user_04762,2024-01-24,True,False,False,False,True
user_04763,2024-01-13,True,True,False,False,True
user_04764,2024-01-14,True,True,True,True,False
user_04765,2024-01-22,True,True,False,False,True
user_04766,2024-01-26,True,True,True,False,True
user_04767,2024-01-09,True,False,False,False,True
user_04768,2024-02-09,True,True,True,False,True
user_04769,2024-01-15,False,False,False,False,True
user_04770,2024-01-26,True,False,False,False,True
user_04771,2024-01-20,True,True,False,False,True
user_04772,2024-02-28,True,False,False,False,True
user_04773,2024-01-19,True,True,False,False,True
user_04774,2024-01-04,True,True,False,False,True
user_04775,2024-02-14,True,False,False,False,True
user_04776,2024-02-05,True,True,True,False,True
user_04777,2024-01-11,True,False,False,False,True
user_04778,2024-01-07,True,True,False,False,True
user_04779,2024-02-25,True,False,False,False,True
user_04780,2024-01-19,True,False,False,False,True
user_04781,2024-02-16,True,True,True,True,False
user_04782,2024-02-15,True,False,False,False,True
user_04783,2024-01-10,True,True,True,False,True
user_04784,2024-02-26,True,True,True,True,False
user_04785,2024-02-12,True,True,True,False,True
user_04786,2024-02-15,True,True,False,False,True
user_04787,2024-01-24,True,False,False,False,True
user_04788,2024-02-17,True,True,False,False,True
user_04789,2024-01-08,False,False,False,False,True
user_04790,2024-02-15,True,True,False,False,True
user_04791,2024-02-19,False,False,False,False,True
user_04792,2024-02-01,False,False,False,False,True
user_04793,2024-01-09,True,True,True,True,False
user_04794,2024-02-24,True,True,True,True,False
user_04795,2024-01-16,False,False,False,False,True
user_04796,2024-02-11,True,False,False,False,True
user_04797,2024-02-16,True,True,True,False,True
user_04798,2024-02-20,True,True,False,False,True
user_04799,2024-02-28,True,False,False,False,True
user_04800,2024-01-16,True,True,True,False,True
user_04801,2024-02-23,True,True,False,False,True
user_04802,2024-02-04,True,False,False,False,True
user_04803,2024-02-14,True,True,False,False,True
user_04804,2024-01-09,True,True,False,False,True
user_04805,2024-02-15,False,False,False,False,True
user_04806,2024-01-02,True,True,False,False,True
user_04807,2024-01-18,False,False,False,False,True
user_04808,2024-02-06,False,False,False,False,True
user_04809,2024-01-24,True,True,False,False,True
user_04810,2024-01-13,True,True,False,False,True
user_04811,2024-02-28,True,False,False,False,True
user_04812,2024-02-21,True,True,False,False,True
user_04813,2024-02-12,False,False,False,False,True
user_04814,2024-01-16,True,False,False,False,True
user_04815,2024-02-26,True,False,False,False,True
user_04816,2024-02-28,True,True,False,False,True
user_04817,2024-01-10,True,True,True,False,True
user_04818,2024-02-23,True,True,True,False,True
user_04819,2024-02-08,False,False,False,False,True
user_04820,2024-02-09,True,True,False,False,True
user_04821,2024-01-28,False,False,False,False,True
user_04822,2024-01-12,True,True,True,True,False
user_04823,2024-02-25,True,False,False,False,True
user_04824,2024-01-09,False,False,False,False,True
user_04825,2024-02-18,True,False,False,False,True
user_04826,2024-01-07,True,False,False,False,True
user_04827,2024-01-30,True,False,False,False,True
user_04828,2024-01-03,True,True,True,True,False
user_04829,2024-02-21,True,True,False,False,True
user_04830,2024-02-14,True,True,False,False,True
user_04831,2024-02-17,False,False,False,False,True
user_04832,2024-02-20,True,True,False,False,True
user_04833,2024-02-20,False,False,False,False,True
user_04834,2024-01-17,True,True,False,False,True
user_04835,2024-01-17,True,True,True,False,True
user_04836,2024-01-18,True,False,False,False,True
user_04837,2024-02-18,True,True,True,True,False
user_04838,2024-01-21,True,True,False,False,True
user_04839,2024-02-09,True,True,False,False,True
user_04840,2024-01-12,True,False,False,False,True
user_04841,2024-01-25,True,True,False,False,True
user_04842,2024-01-26,False,False,False,False,True
user_04843,2024-01-28,False,False,False,False,True
user_04844,2024-01-12,False,False,False,False,True
user_04845,2024-02-01,True,True,True,False,True
user_04846,2024-01-19,True,True,True,False,True
user_04847,2024-01-24,True,True,True,True,False
user_04848,2024-02-12,True,True,True,False,True
user_04849,2024-02-07,True,True,True,False,True
user_04850,2024-01-07,False,False,False,False,True
user_04851,2024-01-23,True,True,False,False,True
user_04852,2024-01-20,True,True,False,False,True
user_04853,2024-02-16,True,True,True,False,True
user_04854,2024-02-15,True,True,True,False,True
user_04855,2024-01-29,True,True,True,True,False
user_04856,2024-01-30,False,False,False,False,True
user_04857,2024-02-05,False,False,False,False,True
user_04858,2024-01-19,True,True,True,False,True
user_04859,2024-02-17,True,True,False,False,True
user_04860,2024-01-17,True,False,False,False,True
user_04861,2024-02-08,True,True,True,False,True
user_04862,2024-01-21,False,False,False,False,True
user_04863,2024-02-16,False,False,False,False,True
user_04864,2024-01-19,False,False,False,False,True
user_04865,2024-01-12,True,True,False,False,True
user_04866,2024-01-15,False,False,False,False,True
user_04867,2024-02-09,True,False,False,False,True
user_04868,2024-01-23,False,False,False,False,True
user_04869,2024-02-02,True,False,False,False,True
user_04870,2024-01-01,False,False,False,False,True
user_04871,2024-01-17,True,True,True,False,True
user_04872,2024-01-13,False,False,False,False,True
user_04873,2024-01-13,True,False,False,False,True
user_04874,2024-01-23,True,True,False,False,True
user_04875,2024-01-04,True,True,False,False,True
user_04876,2024-02-06,False,False,False,False,True
user_04877,2024-01-08,False,False,False,False,True
user_04878,2024-01-01,True,True,True,False,True
user_04879,2024-02-22,True,True,True,False,True
user_04880,2024-01-24,True,False,False,False,True
user_04881,2024-01-16,True,True,True,True,False
user_04882,2024-01-03,True,False,False,False,True
user_04883,2024-01-01,True,True,True,False,True
user_04884,2024-02-29,True,True,False,False,True
user_04885,2024-02-18,True,True,False,False,True
user_04886,2024-02-16,True,True,False,False,True
user_04887,2024-01-18,True,False,False,False,True
user_04888,2024-02-16,True,False,False,False,True
user_04889,2024-01-10,True,False,False,False,True
user_04890,2024-01-11,True,False,False,False,True
user_04891,2024-02-08,False,False,False,False,True
user_04892,2024-02-07,True,True,False,False,True
user_04893,2024-02-12,False,False,False,False,True
user_04894,2024-02-24,True,True,False,False,True
user_04895,2024-01-22,True,True,True,False,True
user_04896,2024-02-12,True,False,False,False,True
user_04897,2024-02-20,True,True,False,False,True
user_04898,2024-01-08,True,True,False,False,True
user_04899,2024-01-02,True,True,True,True,False
user_04900,2024-01-21,True,False,False,False,True
user_04901,2024-02-01,True,False,False,False,True
user_04902,2024-02-18,True,True,False,False,True
user_04903,2024-02-22,True,True,False,False,True
user_04904,2024-01-14,True,True,False,False,True
user_04905,2024-02-10,True,False,False,False,True
user_04906,2024-01-08,True,True,True,True,False
user_04907,2024-02-17,True,True,False,False,True
user_04908,2024-01-18,True,False,False,False,True
user_04909,2024-02-23,True,True,True,False,True
user_04910,2024-01-12,True,False,False,False,True
user_04911,2024-01-22,True,True,True,False,True
user_04912,2024-01-13,True,True,True,False,True
user_04913,2024-02-18,True,False,False,False,True
user_04914,2024-02-03,True,True,True,False,True
user_04915,2024-02-23,True,False,False,False,True
user_04916,2024-02-22,True,True,True,True,False
user_04917,2024-02-27,True,True,True,False,True
user_04918,2024-02-04,True,False,False,False,True
user_04919,2024-02-01,True,False,False,False,True
user_04920,2024-01-14,False,False,False,False,True
user_04921,2024-02-20,True,True,True,True,False
user_04922,2024-02-27,False,False,False,False,True
user_04923,2024-01-02,True,False,False,False,True
user_04924,2024-01-17,False,False,False,False,True
user_04925,2024-02-17,True,False,False,False,True
user_04926,2024-01-05,True,True,True,True,False
user_04927,2024-02-10,False,False,False,False,True
user_04928,2024-02-18,True,False,False,False,True
user_04929,2024-02-10,True,True,False,False,True
user_04930,2024-01-29,False,False,False,False,True
user_04931,2024-02-14,True,True,True,False,True
user_04932,2024-01-18,True,False,False,False,True
user_04933,2024-02-20,True,True,False,False,True
user_04934,2024-02-26,False,False,False,False,True
user_04935,2024-01-04,True,True,False,False,True
user_04936,2024-02-24,True,True,False,False,True
user_04937,2024-01-23,True,True,True,False,True
user_04938,2024-02-13,True,True,True,True,False
user_04939,2024-01-18,True,True,False,False,True
user_04940,2024-02-29,True,True,True,True,False
user_04941,2024-01-30,True,True,False,False,True
user_04942,2024-01-08,True,True,True,True,False
user_04943,2024-02-28,True,False,False,False,True
user_04944,2024-02-24,True,True,True,False,True
user_04945,2024-02-21,False,False,False,False,True
user_04946,2024-01-26,True,True,False,False,True
user_04947,2024-01-31,True,True,False,False,True
user_04948,2024-02-13,False,False,False,False,True
user_04949,2024-01-15,False,False,False,False,True
user_04950,2024-01-26,True,True,True,True,False
user_04951,2024-01-29,True,True,False,False,True
user_04952,2024-02-24,False,False,False,False,True
user_04953,2024-02-20,False,False,False,False,True
user_04954,2024-01-08,True,True,False,False,True
user_04955,2024-02-16,False,False,False,False,True
user_04956,2024-02-22,False,False,False,False,True
user_04957,2024-02-03,True,False,False,False,True
user_04958,2024-01-15,True,True,False,False,True
user_04959,2024-01-26,False,False,False,False,True
user_04960,2024-02-12,True,True,False,False,True
user_04961,2024-01-23,True,False,False,False,True
user_04962,2024-02-15,False,False,False,False,True
user_04963,2024-01-27,True,False,False,False,True
user_04964,2024-01-26,True,False,False,False,True
user_04965,2024-01-20,True,True,False,False,True
user_04966,2024-02-13,True,True,False,False,True
user_04967,2024-01-30,True,True,False,False,True
user_04968,2024-01-15,False,False,False,False,True
user_04969,2024-02-03,True,True,True,False,True
user_04970,2024-02-24,True,True,False,False,True
user_04971,2024-01-29,False,False,False,False,True
user_04972,2024-01-11,True,True,False,False,True
user_04973,2024-01-21,False,False,False,False,True
user_04974,2024-01-23,False,False,False,False,True
user_04975,2024-02-25,True,False,False,False,True
user_04976,2024-01-04,False,False,False,False,True
user_04977,2024-01-10,True,False,False,False,True
user_04978,2024-01-29,True,False,False,False,True
user_04979,2024-02-16,True,False,False,False,True
user_04980,2024-01-16,True,False,False,False,True
user_04981,2024-01-05,True,True,False,False,True
user_04982,2024-02-03,True,True,True,False,True
user_04983,2024-02-04,True,True,True,False,True
user_04984,2024-02-20,True,True,True,False,True
user_04985,2024-02-18,True,True,False,False,True
user_04986,2024-01-18,False,False,False,False,True
user_04987,2024-01-28,True,True,False,False,True
user_04988,2024-02-03,True,True,False,False,True
user_04989,2024-01-06,True,False,False,False,True
user_04990,2024-01-03,True,True,True,True,False
user_04991,2024-01-26,True,True,True,False,True
user_04992,2024-02-25,True,True,False,False,True
user_04993,2024-01-19,True,True,True,False,True
user_04994,2024-02-13,True,False,False,False,True
user_04995,2024-02-07,True,False,False,False,True
user_04996,2024-01-10,True,True,True,False,True
user_04997,2024-01-01,False,False,False,False,True
user_04998,2024-01-14,True,False,False,False,True
user_04999,2024-01-05,True,True,True,False,True
user_05000,2024-02-17,True,False,False,False,True
user_05001,2024-01-16,True,False,False,False,True
user_05002,2024-02-06,False,False,False,False,True
user_05003,2024-02-05,True,False,False,False,True
user_05004,2024-01-28,False,False,False,False,True
user_05005,2024-01-16,True,False,False,False,True
user_05006,2024-02-18,True,True,True,False,True
user_05007,2024-02-02,True,True,True,False,True
user_05008,2024-02-21,True,True,False,False,True
user_05009,2024-02-14,True,True,True,False,True
user_05010,2024-02-15,True,False,False,False,True
user_05011,2024-02-02,True,False,False,False,True
user_05012,2024-01-11,True,True,False,False,True
user_05013,2024-01-01,True,True,True,True,False
user_05014,2024-01-03,True,True,True,True,False
user_05015,2024-01-18,True,False,False,False,True
user_05016,2024-01-30,True,False,False,False,True
user_05017,2024-02-03,True,True,False,False,True
user_05018,2024-02-19,True,False,False,False,True
user_05019,2024-01-03,False,False,False,False,True
user_05020,2024-01-13,True,True,True,False,True
user_05021,2024-01-28,False,False,False,False,True
user_05022,2024-01-16,True,False,False,False,True
user_05023,2024-01-14,True,False,False,False,True
user_05024,2024-02-14,True,True,True,True,False
user_05025,2024-01-10,True,True,False,False,True
user_05026,2024-02-09,False,False,False,False,True
user_05027,2024-02-23,True,False,False,False,True
user_05028,2024-01-18,False,False,False,False,True
user_05029,2024-01-25,True,False,False,False,True
user_05030,2024-01-20,True,False,False,False,True
user_05031,2024-02-24,False,False,False,False,True
user_05032,2024-02-26,False,False,False,False,True
user_05033,2024-01-16,False,False,False,False,True
user_05034,2024-01-31,True,False,False,False,True
user_05035,2024-02-24,True,True,True,False,True
user_05036,2024-01-10,True,True,False,False,True
user_05037,2024-01-28,True,False,False,False,True
user_05038,2024-01-12,True,True,False,False,True
user_05039,2024-02-26,True,True,True,True,False
user_05040,2024-02-19,True,False,False,False,True
user_05041,2024-01-09,True,True,False,False,True
user_05042,2024-02-24,True,True,True,False,True
user_05043,2024-02-14,False,False,False,False,True
user_05044,2024-01-17,True,True,False,False,True
user_05045,2024-01-30,True,False,False,False,True
user_05046,2024-01-18,True,True,False,False,True
user_05047,2024-02-23,True,False,False,False,True
user_05048,2024-01-25,True,True,False,False,True
user_05049,2024-01-28,True,True,True,False,True
user_05050,2024-01-09,False,False,False,False,True
user_05051,2024-01-08,True,False,False,False,True
user_05052,2024-02-04,True,True,True,True,False
user_05053,2024-02-29,True,True,False,False,True
user_05054,2024-01-09,True,True,True,True,False
user_05055,2024-01-05,True,True,False,False,True
user_05056,2024-02-15,True,True,True,False,True
user_05057,2024-01-01,True,False,False,False,True
user_05058,2024-01-02,True,True,True,False,True
user_05059,2024-01-15,True,True,False,False,True
user_05060,2024-01-29,True,False,False,False,True
user_05061,2024-01-07,False,False,False,False,True
user_05062,2024-01-05,True,True,True,False,True
user_05063,2024-01-28,True,True,True,True,False
user_05064,2024-02-07,False,False,False,False,True
user_05065,2024-02-16,False,False,False,False,True
user_05066,2024-01-03,True,True,False,False,True
user_05067,2024-01-08,True,True,True,True,False
user_05068,2024-02-10,True,True,False,False,True
user_05069,2024-02-23,False,False,False,False,True
user_05070,2024-02-02,True,True,True,True,False
user_05071,2024-02-28,True,True,True,False,True
user_05072,2024-01-19,True,True,False,False,True
user_05073,2024-02-17,True,True,False,False,True
user_05074,2024-01-19,True,False,False,False,True
user_05075,2024-02-19,True,False,False,False,True
user_05076,2024-01-31,True,True,False,False,True
user_05077,2024-02-24,True,True,True,False,True
user_05078,2024-02-18,True,True,True,False,True
user_05079,2024-02-26,True,False,False,False,True
user_05080,2024-02-19,True,False,False,False,True
user_05081,2024-02-17,True,False,False,False,True
user_05082,2024-02-14,True,True,True,False,True
user_05083,2024-02-23,False,False,False,False,True
user_05084,2024-02-06,True,False,False,False,True
user_05085,2024-02-29,True,True,False,False,True
user_05086,2024-01-23,False,False,False,False,True
user_05087,2024-01-28,True,False,False,False,True
user_05088,2024-01-18,True,True,False,False,True
user_05089,2024-01-25,False,False,False,False,True
user_05090,2024-01-19,True,True,True,False,True
user_05091,2024-02-08,True,False,False,False,True
user_05092,2024-02-28,True,False,False,False,True
user_05093,2024-02-13,True,True,True,True,False
user_05094,2024-01-08,True,True,False,False,True
user_05095,2024-01-31,True,True,False,False,True
user_05096,2024-02-28,False,False,False,False,True
user_05097,2024-02-21,True,True,False,False,True
user_05098,2024-01-09,True,False,False,False,True
user_05099,2024-01-08,True,False,False,False,True
user_05100,2024-02-22,True,True,False,False,True
user_05101,2024-01-11,True,False,False,False,True
user_05102,2024-02-17,True,True,True,False,True
user_05103,2024-02-07,True,False,False,False,True
user_05104,2024-01-12,True,True,False,False,True
user_05105,2024-02-17,False,False,False,False,True
user_05106,2024-01-27,True,True,False,False,True
user_05107,2024-02-20,True,True,True,True,False
user_05108,2024-01-03,True,False,False,False,True
user_05109,2024-01-22,True,True,True,False,True
user_05110,2024-01-21,True,True,False,False,True
user_05111,2024-02-21,True,False,False,False,True
user_05112,2024-01-16,False,False,False,False,True
user_05113,2024-02-12,True,True,False,False,True
user_05114,2024-02-26,True,False,False,False,True
user_05115,2024-01-07,True,False,False,False,True
user_05116,2024-02-16,True,True,True,True,False
user_05117,2024-02-24,True,True,True,True,False
user_05118,2024-02-19,True,False,False,False,True
user_05119,2024-01-31,True,False,False,False,True
user_05120,2024-02-05,True,False,False,False,True
user_05121,2024-01-31,True,False,False,False,True
user_05122,2024-01-20,True,True,True,False,True
user_05123,2024-01-11,True,True,False,False,True
user_05124,2024-01-03,False,False,False,False,True
user_05125,2024-02-29,True,True,True,True,False
user_05126,2024-02-11,True,True,True,True,False
user_05127,2024-01-11,True,False,False,False,True
user_05128,2024-01-20,True,False,False,False,True
user_05129,2024-01-26,True,False,False,False,True
user_05130,2024-01-24,True,True,True,False,True
user_05131,2024-01-14,False,False,False,False,True
user_05132,2024-02-19,True,False,False,False,True
user_05133,2024-01-07,True,False,False,False,True
user_05134,2024-01-28,True,False,False,False,True
user_05135,2024-01-16,True,False,False,False,True
user_05136,2024-01-08,True,True,False,False,True
user_05137,2024-02-26,True,True,True,False,True
user_05138,2024-02-20,True,False,False,False,True
user_05139,2024-01-17,True,True,True,False,True
user_05140,2024-02-24,True,False,False,False,True
user_05141,2024-01-25,True,True,False,False,True
user_05142,2024-02-14,True,False,False,False,True
user_05143,2024-02-18,True,False,False,False,True
user_05144,2024-02-23,False,False,False,False,True
user_05145,2024-01-27,True,True,True,False,True
user_05146,2024-02-29,True,True,True,True,False
user_05147,2024-02-05,True,True,True,False,True
user_05148,2024-02-21,True,True,False,False,True
user_05149,2024-02-16,True,True,True,False,True
user_05150,2024-02-20,True,False,False,False,True
user_05151,2024-02-13,True,True,False,False,True
user_05152,2024-02-12,True,True,True,True,False
user_05153,2024-01-02,True,True,True,True,False
user_05154,2024-02-27,False,False,False,False,True
user_05155,2024-01-24,False,False,False,False,True
user_05156,2024-01-30,True,True,False,False,True
user_05157,2024-01-14,True,True,True,False,True
user_05158,2024-02-19,False,False,False,False,True
user_05159,2024-02-11,True,False,False,False,True
user_05160,2024-01-06,True,False,False,False,True
user_05161,2024-01-27,False,False,False,False,True
user_05162,2024-01-12,False,False,False,False,True
user_05163,2024-01-16,True,True,False,False,True
user_05164,2024-01-20,True,True,True,True,False
user_05165,2024-01-29,True,True,True,True,False
user_05166,2024-02-02,False,False,False,False,True
user_05167,2024-02-08,True,True,True,False,True
user_05168,2024-02-22,True,False,False,False,True
user_05169,2024-01-30,True,True,True,False,True
user_05170,2024-01-18,True,True,True,True,False
user_05171,2024-02-18,True,True,True,False,True
user_05172,2024-02-24,True,False,False,False,True
user_05173,2024-02-26,True,True,True,False,True
user_05174,2024-02-25,False,False,False,False,True
user_05175,2024-01-01,True,True,True,False,True
user_05176,2024-02-14,True,False,False,False,True
user_05177,2024-02-01,False,False,False,False,True
user_05178,2024-02-04,True,True,True,True,False
user_05179,2024-02-11,True,True,True,False,True
user_05180,2024-02-22,True,True,False,False,True
user_05181,2024-02-17,True,True,True,True,False
user_05182,2024-02-19,True,True,False,False,True
user_05183,2024-02-29,False,False,False,False,True
user_05184,2024-02-22,False,False,False,False,True
user_05185,2024-02-16,True,True,True,False,True
user_05186,2024-01-26,True,True,False,False,True
user_05187,2024-01-28,False,False,False,False,True
user_05188,2024-02-14,True,True,True,False,True
user_05189,2024-02-06,True,True,True,False,True
user_05190,2024-01-22,False,False,False,False,True
user_05191,2024-01-20,True,True,True,False,True
user_05192,2024-01-08,True,False,False,False,True
user_05193,2024-01-06,True,False,False,False,True
user_05194,2024-01-17,False,False,False,False,True
user_05195,2024-02-18,False,False,False,False,True
user_05196,2024-01-13,True,True,True,False,True
user_05197,2024-01-14,True,True,False,False,True
user_05198,2024-01-30,True,False,False,False,True
user_05199,2024-02-01,True,True,False,False,True
user_05200,2024-01-07,False,False,False,False,True
user_05201,2024-02-18,False,False,False,False,True
user_05202,2024-01-04,True,True,False,False,True
user_05203,2024-02-22,True,True,False,False,True
user_05204,2024-01-10,True,True,True,True,False
user_05205,2024-02-23,True,True,False,False,True
user_05206,2024-01-17,True,True,False,False,True
user_05207,2024-01-02,True,True,True,False,True
user_05208,2024-01-18,True,False,False,False,True
user_05209,2024-02-12,True,False,False,False,True
user_05210,2024-02-23,False,False,False,False,True
user_05211,2024-02-17,False,False,False,False,True
user_05212,2024-01-24,False,False,False,False,True
user_05213,2024-02-17,True,True,False,False,True
user_05214,2024-01-06,True,True,True,False,True
user_05215,2024-01-04,False,False,False,False,True
user_05216,2024-01-25,True,True,False,False,True
user_05217,2024-01-11,True,False,False,False,True
user_05218,2024-01-14,True,True,False,False,True
user_05219,2024-02-09,False,False,False,False,True
user_05220,2024-02-20,True,True,False,False,True
user_05221,2024-02-19,True,True,True,True,False
user_05222,2024-02-11,True,True,False,False,True
user_05223,2024-02-03,True,True,True,True,False
user_05224,2024-01-19,True,False,False,False,True
user_05225,2024-01-11,False,False,False,False,True
user_05226,2024-02-28,True,False,False,False,True
user_05227,2024-01-25,True,True,False,False,True
user_05228,2024-01-10,True,False,False,False,True
user_05229,2024-01-05,True,False,False,False,True
user_05230,2024-01-29,True,False,False,False,True
user_05231,2024-01-18,False,False,False,False,True
user_05232,2024-02-11,False,False,False,False,True
user_05233,2024-02-25,True,True,False,False,True
user_05234,2024-02-26,True,True,True,False,True
user_05235,2024-02-13,True,True,False,False,True
user_05236,2024-01-01,True,True,True,False,True
user_05237,2024-01-27,True,False,False,False,True
user_05238,2024-02-11,True,True,False,False,True
user_05239,2024-01-25,True,True,False,False,True
user_05240,2024-01-17,True,True,False,False,True
user_05241,2024-02-18,True,False,False,False,True
user_05242,2024-02-21,True,True,False,False,True
user_05243,2024-02-23,True,True,True,False,True
user_05244,2024-02-18,False,False,False,False,True
user_05245,2024-01-29,True,True,False,False,True
user_05246,2024-01-31,True,False,False,False,True
user_05247,2024-01-14,False,False,False,False,True
user_05248,2024-02-03,True,False,False,False,True
user_05249,2024-02-27,True,True,False,False,True
user_05250,2024-01-30,True,True,False,False,True
user_05251,2024-02-10,True,True,False,False,True
user_05252,2024-01-12,True,True,True,True,False
user_05253,2024-01-23,True,True,False,False,True
user_05254,2024-02-24,True,True,True,False,True
user_05255,2024-01-02,True,True,False,False,True
user_05256,2024-01-21,True,False,False,False,True
user_05257,2024-02-27,False,False,False,False,True
user_05258,2024-01-28,True,True,True,False,True
user_05259,2024-01-09,True,True,True,False,True
user_05260,2024-02-13,True,False,False,False,True
user_05261,2024-01-03,True,True,False,False,True
user_05262,2024-02-11,True,True,False,False,True
user_05263,2024-02-10,True,False,False,False,True
user_05264,2024-02-02,True,True,False,False,True
user_05265,2024-02-28,True,False,False,False,True
user_05266,2024-01-02,True,False,False,False,True
user_05267,2024-02-26,True,False,False,False,True
user_05268,2024-02-11,True,False,False,False,True
user_05269,2024-02-10,True,True,True,False,True
user_05270,2024-01-08,True,False,False,False,True
user_05271,2024-01-04,True,True,False,False,True
user_05272,2024-01-05,False,False,False,False,True
user_05273,2024-01-06,True,True,True,True,False
user_05274,2024-01-14,True,False,False,False,True
user_05275,2024-02-29,False,False,False,False,True
user_05276,2024-01-28,True,True,False,False,True
user_05277,2024-02-08,False,False,False,False,True
user_05278,2024-01-09,True,True,False,False,True
user_05279,2024-01-26,False,False,False,False,True
user_05280,2024-02-20,True,False,False,False,True
user_05281,2024-02-02,True,True,True,True,False
user_05282,2024-01-17,False,False,False,False,True
user_05283,2024-02-14,True,True,True,True,False
user_05284,2024-01-05,True,False,False,False,True
user_05285,2024-01-07,True,True,True,False,True
user_05286,2024-01-09,True,False,False,False,True
user_05287,2024-01-31,True,True,False,False,True
user_05288,2024-01-30,True,True,False,False,True
user_05289,2024-02-27,True,False,False,False,True
user_05290,2024-01-25,False,False,False,False,True
user_05291,2024-02-07,True,True,False,False,True
user_05292,2024-01-11,True,False,False,False,True
user_05293,2024-02-09,False,False,False,False,True
user_05294,2024-02-04,False,False,False,False,True
user_05295,2024-01-05,True,False,False,False,True
user_05296,2024-02-23,False,False,False,False,True
user_05297,2024-02-03,True,False,False,False,True
user_05298,2024-01-06,True,True,False,False,True
user_05299,2024-02-29,True,False,False,False,True
user_05300,2024-01-04,True,False,False,False,True
user_05301,2024-02-12,True,True,False,False,True
user_05302,2024-01-20,True,True,False,False,True
user_05303,2024-01-23,True,True,True,False,True
user_05304,2024-01-23,False,False,False,False,True
user_05305,2024-01-19,True,True,False,False,True
user_05306,2024-01-21,True,True,True,False,True
user_05307,2024-01-26,False,False,False,False,True
user_05308,2024-02-05,True,False,False,False,True
user_05309,2024-01-29,True,True,True,False,True
user_05310,2024-01-22,True,True,False,False,True
user_05311,2024-02-05,False,False,False,False,True
user_05312,2024-02-10,True,True,False,False,True
user_05313,2024-01-16,True,True,True,False,True
user_05314,2024-01-24,True,True,False,False,True
user_05315,2024-02-19,True,True,True,False,True
user_05316,2024-02-18,True,True,False,False,True
user_05317,2024-01-24,True,False,False,False,True
user_05318,2024-02-11,True,True,False,False,True
user_05319,2024-01-07,False,False,False,False,True
user_05320,2024-01-30,False,False,False,False,True
user_05321,2024-01-31,True,False,False,False,True
user_05322,2024-02-22,True,True,True,True,False
user_05323,2024-01-21,True,True,False,False,True
user_05324,2024-01-26,True,True,False,False,True
user_05325,2024-02-10,True,False,False,False,True
user_05326,2024-01-18,True,True,True,False,True
user_05327,2024-02-21,True,True,False,False,True
user_05328,2024-01-09,True,True,True,False,True
user_05329,2024-01-06,True,True,True,False,True
user_05330,2024-01-21,False,False,False,False,True
user_05331,2024-02-24,False,False,False,False,True
user_05332,2024-01-22,True,True,True,True,False
user_05333,2024-02-16,False,False,False,False,True
user_05334,2024-02-09,True,True,False,False,True
user_05335,2024-01-25,True,False,False,False,True
user_05336,2024-01-26,True,True,False,False,True
user_05337,2024-02-07,False,False,False,False,True
user_05338,2024-01-27,True,True,False,False,True
user_05339,2024-01-06,True,True,True,False,True
user_05340,2024-02-15,True,True,True,False,True
user_05341,2024-01-09,True,False,False,False,True
user_05342,2024-02-14,True,True,False,False,True
user_05343,2024-02-11,True,False,False,False,True
user_05344,2024-02-06,True,True,True,False,True
user_05345,2024-02-25,True,True,True,True,False
user_05346,2024-01-19,True,False,False,False,True
user_05347,2024-01-02,True,True,False,False,True
user_05348,2024-02-12,False,False,False,False,True
user_05349,2024-02-03,True,True,True,True,False
user_05350,2024-02-06,False,False,False,False,True
user_05351,2024-01-05,True,True,False,False,True
user_05352,2024-01-08,True,True,False,False,True
user_05353,2024-02-15,True,True,True,True,False
user_05354,2024-02-27,True,False,False,False,True
user_05355,2024-02-18,True,True,False,False,True
user_05356,2024-01-26,True,False,False,False,True
user_05357,2024-02-21,True,True,False,False,True
user_05358,2024-02-19,True,True,True,True,False
user_05359,2024-01-08,True,True,True,True,False
user_05360,2024-01-29,True,False,False,False,True
user_05361,2024-01-08,True,False,False,False,True
user_05362,2024-01-18,True,False,False,False,True
user_05363,2024-02-22,True,True,True,False,True
user_05364,2024-02-19,True,True,False,False,True
user_05365,2024-02-23,True,False,False,False,True
user_05366,2024-01-31,True,False,False,False,True
user_05367,2024-01-15,True,False,False,False,True
user_05368,2024-01-22,True,True,True,True,False
user_05369,2024-01-04,True,True,False,False,True
user_05370,2024-02-13,True,False,False,False,True
user_05371,2024-02-17,False,False,False,False,True
user_05372,2024-01-31,True,False,False,False,True
user_05373,2024-02-04,True,True,False,False,True
user_05374,2024-02-13,False,False,False,False,True
user_05375,2024-01-18,True,False,False,False,True
user_05376,2024-01-22,True,True,True,False,True
user_05377,2024-01-20,True,False,False,False,True
user_05378,2024-01-25,True,True,False,False,True
user_05379,2024-02-08,True,True,False,False,True
user_05380,2024-01-05,True,True,True,True,False
user_05381,2024-02-29,True,True,False,False,True
user_05382,2024-02-01,True,True,True,False,True
user_05383,2024-02-12,True,False,False,False,True
user_05384,2024-01-02,False,False,False,False,True
user_05385,2024-02-17,True,False,False,False,True
user_05386,2024-01-06,True,True,True,False,True
user_05387,2024-01-07,True,True,False,False,True
user_05388,2024-02-08,True,False,False,False,True
user_05389,2024-01-01,True,True,True,False,True
user_05390,2024-01-31,True,True,False,False,True
user_05391,2024-01-21,True,True,False,False,True
user_05392,2024-02-25,True,False,False,False,True
user_05393,2024-02-26,True,True,True,True,False
user_05394,2024-01-22,False,False,False,False,True
user_05395,2024-01-16,True,False,False,False,True
user_05396,2024-02-08,False,False,False,False,True
user_05397,2024-01-11,True,False,False,False,True
user_05398,2024-01-24,True,True,True,False,True
user_05399,2024-02-29,True,True,False,False,True
user_05400,2024-01-11,False,False,False,False,True
user_05401,2024-01-31,True,True,True,True,False
user_05402,2024-02-15,True,True,False,False,True
user_05403,2024-02-05,True,True,True,True,False
user_05404,2024-01-10,True,True,False,False,True
user_05405,2024-02-02,True,False,False,False,True
user_05406,2024-02-23,False,False,False,False,True
user_05407,2024-01-25,False,False,False,False,True
user_05408,2024-01-28,False,False,False,False,True
user_05409,2024-02-11,True,True,False,False,True
user_05410,2024-02-21,True,True,True,True,False
user_05411,2024-01-31,True,True,False,False,True
user_05412,2024-01-08,True,True,True,True,False
user_05413,2024-02-04,True,False,False,False,True
user_05414,2024-01-18,False,False,False,False,True
user_05415,2024-02-15,True,True,False,False,True
user_05416,2024-01-02,False,False,False,False,True
user_05417,2024-01-23,True,False,False,False,True
user_05418,2024-02-12,True,False,False,False,True
user_05419,2024-01-15,True,False,False,False,True
user_05420,2024-01-23,True,True,True,True,False
user_05421,2024-02-02,True,False,False,False,True
user_05422,2024-01-07,False,False,False,False,True
user_05423,2024-02-18,True,True,False,False,True
user_05424,2024-01-11,True,True,False,False,True
user_05425,2024-02-17,True,True,True,True,False
user_05426,2024-02-23,True,True,False,False,True
user_05427,2024-01-01,True,True,True,False,True
user_05428,2024-01-01,True,True,False,False,True
user_05429,2024-01-12,True,True,True,False,True
user_05430,2024-01-11,True,False,False,False,True
user_05431,2024-02-04,False,False,False,False,True
user_05432,2024-01-19,True,True,True,False,True
user_05433,2024-01-22,True,True,False,False,True
user_05434,2024-02-29,True,False,False,False,True
user_05435,2024-02-07,True,False,False,False,True
user_05436,2024-01-12,True,True,True,True,False
user_05437,2024-01-27,True,True,True,False,True
user_05438,2024-02-11,False,False,False,False,True
user_05439,2024-01-18,True,False,False,False,True
user_05440,2024-01-13,True,False,False,False,True
user_05441,2024-02-24,False,False,False,False,True
user_05442,2024-02-19,False,False,False,False,True
user_05443,2024-01-12,False,False,False,False,True
user_05444,2024-02-28,True,False,False,False,True
user_05445,2024-02-12,True,False,False,False,True
user_05446,2024-01-23,True,False,False,False,True
user_05447,2024-02-06,False,False,False,False,True
user_05448,2024-02-14,True,True,False,False,True
user_05449,2024-02-25,True,True,False,False,True
user_05450,2024-02-17,True,False,False,False,True
user_05451,2024-02-11,True,True,False,False,True
user_05452,2024-01-04,True,True,False,False,True
user_05453,2024-02-08,True,False,False,False,True
user_05454,2024-02-11,True,False,False,False,True
user_05455,2024-02-26,True,True,True,False,True
user_05456,2024-02-29,True,False,False,False,True
user_05457,2024-01-29,True,False,False,False,True
user_05458,2024-02-29,True,False,False,False,True
user_05459,2024-02-17,False,False,False,False,True
user_05460,2024-01-10,True,True,True,True,False
user_05461,2024-02-24,True,False,False,False,True
user_05462,2024-02-19,True,True,False,False,True
user_05463,2024-02-15,False,False,False,False,True
user_05464,2024-02-14,False,False,False,False,True
user_05465,2024-02-17,False,False,False,False,True
user_05466,2024-02-20,True,False,False,False,True
user_05467,2024-02-21,True,False,False,False,True
user_05468,2024-02-06,True,False,False,False,True
user_05469,2024-01-19,True,True,False,False,True
user_05470,2024-01-14,True,True,False,False,True
user_05471,2024-01-24,True,True,True,False,True
user_05472,2024-01-16,True,True,False,False,True
user_05473,2024-01-15,True,True,False,False,True
user_05474,2024-01-04,True,True,True,True,False
user_05475,2024-01-09,False,False,False,False,True
user_05476,2024-02-27,True,False,False,False,True
user_05477,2024-01-10,True,False,False,False,True
user_05478,2024-01-23,True,True,False,False,True
user_05479,2024-01-17,True,False,False,False,True
user_05480,2024-02-18,True,False,False,False,True
user_05481,2024-01-25,True,False,False,False,True
user_05482,2024-02-26,True,False,False,False,True
user_05483,2024-01-31,True,True,True,True,False
user_05484,2024-02-03,True,False,False,False,True
user_05485,2024-02-25,False,False,False,False,True
user_05486,2024-01-27,True,True,True,True,False
user_05487,2024-02-13,True,False,False,False,True
user_05488,2024-02-04,False,False,False,False,True
user_05489,2024-01-28,True,True,True,True,False
user_05490,2024-01-12,False,False,False,False,True
user_05491,2024-02-12,True,True,False,False,True
user_05492,2024-01-05,True,False,False,False,True
user_05493,2024-01-26,True,True,False,False,True
user_05494,2024-01-12,False,False,False,False,True
user_05495,2024-01-31,False,False,False,False,True
user_05496,2024-01-20,True,True,False,False,True
user_05497,2024-01-23,False,False,False,False,True
user_05498,2024-01-28,True,True,False,False,True
user_05499,2024-02-14,True,False,False,False,True
user_05500,2024-01-22,True,False,False,False,True
user_05501,2024-01-29,False,False,False,False,True
user_05502,2024-01-07,True,True,False,False,True
user_05503,2024-02-01,True,True,True,False,True
user_05504,2024-02-08,True,True,False,False,True
user_05505,2024-01-11,True,False,False,False,True
user_05506,2024-02-17,False,False,False,False,True
user_05507,2024-01-18,False,False,False,False,True
user_05508,2024-02-28,False,False,False,False,True
user_05509,2024-02-28,True,False,False,False,True
user_05510,2024-01-02,True,True,False,False,True
user_05511,2024-02-24,True,True,True,True,False
user_05512,2024-01-21,True,True,False,False,True
user_05513,2024-01-14,True,True,True,True,False
user_05514,2024-02-17,False,False,False,False,True
user_05515,2024-01-14,True,True,False,False,True
user_05516,2024-01-07,False,False,False,False,True
user_05517,2024-02-19,False,False,False,False,True
user_05518,2024-01-15,True,False,False,False,True
user_05519,2024-02-04,True,False,False,False,True
user_05520,2024-02-28,True,False,False,False,True
user_05521,2024-01-15,True,False,False,False,True
user_05522,2024-02-24,True,False,False,False,True
user_05523,2024-01-28,True,False,False,False,True
user_05524,2024-01-19,False,False,False,False,True
user_05525,2024-01-03,False,False,False,False,True
user_05526,2024-02-01,True,True,True,False,True
user_05527,2024-02-24,True,True,False,False,True
user_05528,2024-01-20,True,False,False,False,True
user_05529,2024-02-26,True,False,False,False,True
user_05530,2024-01-18,True,True,False,False,True
user_05531,2024-02-18,True,False,False,False,True
user_05532,2024-02-21,True,True,True,True,False
user_05533,2024-02-25,False,False,False,False,True
user_05534,2024-02-17,True,True,False,False,True
user_05535,2024-02-19,True,True,True,True,False
user_05536,2024-02-05,True,True,False,False,True
user_05537,2024-02-21,False,False,False,False,True
user_05538,2024-01-14,True,False,False,False,True
user_05539,2024-01-04,True,False,False,False,True
user_05540,2024-01-15,True,True,False,False,True
user_05541,2024-02-05,True,False,False,False,True
user_05542,2024-02-14,True,True,False,False,True
user_05543,2024-01-08,True,False,False,False,True
user_05544,2024-01-05,True,True,False,False,True
user_05545,2024-01-12,True,False,False,False,True
user_05546,2024-01-13,True,False,False,False,True
user_05547,2024-01-18,True,False,False,False,True
user_05548,2024-01-29,True,True,False,False,True
user_05549,2024-02-28,True,True,False,False,True
user_05550,2024-02-14,True,False,False,False,True
user_05551,2024-02-10,True,False,False,False,True
user_05552,2024-01-08,True,True,True,False,True
user_05553,2024-02-03,True,True,False,False,True
user_05554,2024-02-08,True,True,False,False,True
user_05555,2024-02-26,True,False,False,False,True
user_05556,2024-02-26,True,True,False,False,True
user_05557,2024-02-15,True,True,True,True,False
user_05558,2024-02-26,False,False,False,False,True
user_05559,2024-01-29,True,True,True,False,True
user_05560,2024-02-29,True,True,False,False,True
user_05561,2024-01-10,False,False,False,False,True
user_05562,2024-01-20,True,False,False,False,True
user_05563,2024-02-15,True,False,False,False,True
user_05564,2024-02-26,True,False,False,False,True
user_05565,2024-01-28,True,True,False,False,True
user_05566,2024-02-09,True,True,True,True,False
user_05567,2024-01-17,True,True,True,True,False
user_05568,2024-02-08,True,False,False,False,True
user_05569,2024-02-20,True,True,True,True,False
user_05570,2024-01-24,True,False,False,False,True
user_05571,2024-01-09,True,True,True,True,False
user_05572,2024-01-31,True,True,False,False,True
user_05573,2024-01-06,False,False,False,False,True
user_05574,2024-02-21,True,True,True,True,False
user_05575,2024-02-05,True,False,False,False,True
user_05576,2024-01-05,True,False,False,False,True
user_05577,2024-02-26,True,False,False,False,True
user_05578,2024-01-20,True,False,False,False,True
user_05579,2024-01-21,True,False,False,False,True
user_05580,2024-02-04,True,True,False,False,True
user_05581,2024-01-28,True,False,False,False,True
user_05582,2024-02-18,True,True,False,False,True
user_05583,2024-01-19,True,False,False,False,True
user_05584,2024-01-02,True,True,True,True,False
user_05585,2024-01-12,True,True,False,False,True
user_05586,2024-01-20,True,False,False,False,True
user_05587,2024-01-30,False,False,False,False,True
user_05588,2024-01-10,True,True,True,False,True
user_05589,2024-01-07,True,True,True,True,False
user_05590,2024-01-13,True,False,False,False,True
user_05591,2024-02-20,True,False,False,False,True
user_05592,2024-02-07,False,False,False,False,True
user_05593,2024-01-26,True,True,True,False,True
user_05594,2024-01-11,True,False,False,False,True
user_05595,2024-02-18,True,True,True,True,False
user_05596,2024-02-05,True,True,True,True,False
user_05597,2024-02-27,True,False,False,False,True
user_05598,2024-02-19,True,False,False,False,True
user_05599,2024-01-17,True,False,False,False,True
user_05600,2024-01-22,True,True,True,False,True
user_05601,2024-02-27,True,True,True,True,False
user_05602,2024-02-24,True,True,True,False,True
user_05603,2024-01-26,True,True,True,True,False
user_05604,2024-01-30,True,False,False,False,True
user_05605,2024-02-04,True,False,False,False,True
user_05606,2024-01-15,False,False,False,False,True
user_05607,2024-02-12,True,False,False,False,True
user_05608,2024-02-12,True,True,True,True,False
user_05609,2024-01-22,True,False,False,False,True
user_05610,2024-02-19,True,True,True,True,False
user_05611,2024-01-07,True,False,False,False,True
user_05612,2024-01-19,True,True,False,False,True
user_05613,2024-02-24,True,True,True,True,False
user_05614,2024-01-02,True,True,True,False,True
user_05615,2024-01-11,True,False,False,False,True
user_05616,2024-01-04,True,False,False,False,True
user_05617,2024-02-19,False,False,False,False,True
user_05618,2024-02-16,True,True,True,False,True
user_05619,2024-01-16,True,False,False,False,True
user_05620,2024-02-16,True,True,True,True,False
user_05621,2024-02-29,True,True,True,True,False
user_05622,2024-02-25,True,True,True,False,True
user_05623,2024-02-15,True,True,False,False,True
user_05624,2024-01-30,True,False,False,False,True
user_05625,2024-02-19,True,False,False,False,True
user_05626,2024-01-05,True,True,True,False,True
user_05627,2024-01-13,True,True,True,False,True
user_05628,2024-01-28,False,False,False,False,True
user_05629,2024-01-30,True,False,False,False,True
user_05630,2024-01-10,True,True,False,False,True
user_05631,2024-01-07,False,False,False,False,True
user_05632,2024-01-12,True,True,False,False,True
user_05633,2024-01-25,True,True,False,False,True
user_05634,2024-01-29,True,True,False,False,True
user_05635,2024-02-03,True,False,False,False,True
user_05636,2024-01-06,True,True,True,False,True
user_05637,2024-02-13,True,True,False,False,True
user_05638,2024-02-13,True,False,False,False,True
user_05639,2024-02-06,True,True,True,False,True
user_05640,2024-02-04,True,True,False,False,True
user_05641,2024-01-05,True,True,False,False,True
user_05642,2024-01-01,True,False,False,False,True
user_05643,2024-02-08,True,False,False,False,True
user_05644,2024-02-17,True,True,False,False,True
user_05645,2024-02-06,True,False,False,False,True
user_05646,2024-01-17,True,False,False,False,True
user_05647,2024-02-02,False,False,False,False,True
user_05648,2024-02-11,True,True,True,True,False
user_05649,2024-02-05,True,True,True,True,False
user_05650,2024-02-27,True,False,False,False,True
user_05651,2024-01-18,False,False,False,False,True
user_05652,2024-02-22,True,True,True,True,False
user_05653,2024-02-24,True,True,False,False,True
user_05654,2024-01-07,True,True,False,False,True
user_05655,2024-01-07,True,True,False,False,True
user_05656,2024-01-14,True,True,True,False,True
user_05657,2024-02-18,True,False,False,False,True
user_05658,2024-01-24,True,True,False,False,True
user_05659,2024-02-19,True,False,False,False,True
user_05660,2024-01-24,True,True,True,False,True
user_05661,2024-01-12,True,True,True,True,False
user_05662,2024-01-27,True,True,True,False,True
user_05663,2024-02-25,True,False,False,False,True
user_05664,2024-02-05,True,True,False,False,True
user_05665,2024-01-08,True,True,True,True,False
user_05666,2024-02-13,True,False,False,False,True
user_05667,2024-02-08,False,False,False,False,True
user_05668,2024-01-26,True,True,True,False,True
user_05669,2024-01-19,True,False,False,False,True
user_05670,2024-01-24,True,False,False,False,True
user_05671,2024-01-18,True,True,True,False,True
user_05672,2024-01-16,True,True,True,False,True
user_05673,2024-01-20,True,True,True,False,True
user_05674,2024-01-21,True,False,False,False,True
user_05675,2024-02-15,True,True,True,False,True
user_05676,2024-01-20,True,False,False,False,True
user_05677,2024-01-07,True,True,False,False,True
user_05678,2024-01-15,True,True,True,False,True
user_05679,2024-01-11,True,True,True,False,True
user_05680,2024-02-21,True,False,False,False,True
user_05681,2024-01-03,False,False,False,False,True
user_05682,2024-01-20,True,True,False,False,True
user_05683,2024-01-02,True,True,False,False,True
user_05684,2024-02-09,True,True,True,True,False
user_05685,2024-02-05,True,True,True,False,True
user_05686,2024-02-12,True,False,False,False,True
user_05687,2024-01-17,True,False,False,False,True
user_05688,2024-02-15,True,True,False,False,True
user_05689,2024-01-15,True,True,False,False,True
user_05690,2024-02-15,False,False,False,False,True
user_05691,2024-01-29,True,True,False,False,True
user_05692,2024-02-19,True,True,True,True,False
user_05693,2024-01-14,True,True,True,False,True
user_05694,2024-02-16,True,True,False,False,True
user_05695,2024-01-27,False,False,False,False,True
user_05696,2024-02-19,True,False,False,False,True
user_05697,2024-02-29,True,False,False,False,True
user_05698,2024-02-17,True,True,False,False,True
user_05699,2024-01-19,False,False,False,False,True
user_05700,2024-02-10,True,False,False,False,True
user_05701,2024-02-17,True,False,False,False,True
user_05702,2024-01-13,True,False,False,False,True
user_05703,2024-01-05,True,False,False,False,True
user_05704,2024-01-05,True,False,False,False,True
user_05705,2024-01-31,True,False,False,False,True
user_05706,2024-02-11,True,False,False,False,True
user_05707,2024-01-21,True,False,False,False,True
user_05708,2024-02-20,True,False,False,False,True
user_05709,2024-02-11,True,True,False,False,True
user_05710,2024-02-17,False,False,False,False,True
user_05711,2024-02-29,False,False,False,False,True
user_05712,2024-02-24,True,False,False,False,True
user_05713,2024-01-24,False,False,False,False,True
user_05714,2024-02-02,True,True,True,False,True
user_05715,2024-01-10,True,True,False,False,True
user_05716,2024-01-08,True,False,False,False,True
user_05717,2024-01-16,True,True,True,False,True
user_05718,2024-02-17,False,False,False,False,True
user_05719,2024-01-25,True,True,False,False,True
user_05720,2024-01-13,True,True,False,False,True
user_05721,2024-01-28,True,True,False,False,True
user_05722,2024-02-07,False,False,False,False,True
user_05723,2024-02-04,True,True,False,False,True
user_05724,2024-02-27,True,False,False,False,True
user_05725,2024-02-02,True,True,True,True,False
user_05726,2024-02-09,True,True,True,False,True
user_05727,2024-02-14,True,True,False,False,True
user_05728,2024-02-17,False,False,False,False,True
user_05729,2024-01-13,True,False,False,False,True
user_05730,2024-01-29,True,True,False,False,True
user_05731,2024-02-13,True,False,False,False,True
user_05732,2024-02-06,True,True,False,False,True
user_05733,2024-01-09,True,True,True,True,False
user_05734,2024-02-27,True,False,False,False,True
user_05735,2024-01-19,True,True,True,True,False
user_05736,2024-02-03,True,True,False,False,True
user_05737,2024-01-27,True,False,False,False,True
user_05738,2024-01-21,True,False,False,False,True
user_05739,2024-02-07,False,False,False,False,True
user_05740,2024-02-02,True,False,False,False,True
user_05741,2024-02-07,False,False,False,False,True
user_05742,2024-02-13,True,True,False,False,True
user_05743,2024-02-23,False,False,False,False,True
user_05744,2024-01-01,True,False,False,False,True
user_05745,2024-02-22,True,True,False,False,True
user_05746,2024-01-20,True,True,False,False,True
user_05747,2024-02-22,True,True,False,False,True
user_05748,2024-01-30,False,False,False,False,True
user_05749,2024-02-03,True,True,False,False,True
user_05750,2024-01-11,True,True,False,False,True
user_05751,2024-02-16,False,False,False,False,True
user_05752,2024-02-21,False,False,False,False,True
user_05753,2024-02-09,True,True,True,False,True
user_05754,2024-02-07,True,False,False,False,True
user_05755,2024-02-08,False,False,False,False,True
user_05756,2024-02-18,True,False,False,False,True
user_05757,2024-01-12,True,True,True,False,True
user_05758,2024-01-27,False,False,False,False,True
user_05759,2024-02-09,True,False,False,False,True
user_05760,2024-02-14,True,True,False,False,True
user_05761,2024-01-25,False,False,False,False,True
user_05762,2024-02-27,True,True,True,True,False
user_05763,2024-01-11,True,True,True,False,True
user_05764,2024-02-19,False,False,False,False,True
user_05765,2024-02-08,True,False,False,False,True
user_05766,2024-02-02,True,False,False,False,True
user_05767,2024-01-01,True,True,False,False,True
user_05768,2024-02-10,True,True,False,False,True
user_05769,2024-01-08,True,False,False,False,True
user_05770,2024-02-21,True,True,False,False,True
user_05771,2024-02-15,True,False,False,False,True
user_05772,2024-02-23,False,False,False,False,True
user_05773,2024-01-28,True,True,False,False,True
user_05774,2024-02-29,True,True,True,True,False
user_05775,2024-01-17,True,True,False,False,True
user_05776,2024-02-28,True,False,False,False,True
user_05777,2024-01-13,False,False,False,False,True
user_05778,2024-02-05,True,True,True,True,False
user_05779,2024-01-30,True,False,False,False,True
user_05780,2024-02-14,True,False,False,False,True
user_05781,2024-02-04,True,True,False,False,True
user_05782,2024-01-24,False,False,False,False,True
user_05783,2024-02-26,True,True,False,False,True
user_05784,2024-02-28,True,True,True,True,False
user_05785,2024-02-23,True,False,False,False,True
user_05786,2024-02-12,True,True,False,False,True
user_05787,2024-01-07,True,False,False,False,True
user_05788,2024-02-09,False,False,False,False,True
user_05789,2024-01-25,True,True,False,False,True
user_05790,2024-01-11,True,False,False,False,True
user_05791,2024-02-11,True,True,True,False,True
user_05792,2024-02-27,True,False,False,False,True
user_05793,2024-02-02,True,False,False,False,True
user_05794,2024-02-01,False,False,False,False,True
user_05795,2024-01-14,True,False,False,False,True
user_05796,2024-02-01,True,True,False,False,True
user_05797,2024-02-26,True,False,False,False,True
user_05798,2024-01-13,True,True,True,False,True
user_05799,2024-02-20,True,True,True,False,True
user_05800,2024-02-09,True,True,True,False,True
user_05801,2024-01-11,True,True,True,False,True
user_05802,2024-01-13,True,True,False,False,True
user_05803,2024-02-23,True,False,False,False,True
user_05804,2024-01-08,True,False,False,False,True
user_05805,2024-01-09,True,False,False,False,True
user_05806,2024-01-17,True,True,False,False,True
user_05807,2024-01-29,True,False,False,False,True
user_05808,2024-02-15,True,True,True,False,True
user_05809,2024-01-23,True,True,True,False,True
user_05810,2024-02-21,False,False,False,False,True
user_05811,2024-01-29,True,True,True,True,False
user_05812,2024-02-10,True,True,True,True,False
user_05813,2024-01-10,True,True,True,False,True
user_05814,2024-02-15,False,False,False,False,True
user_05815,2024-01-31,False,False,False,False,True
user_05816,2024-02-12,True,True,False,False,True
user_05817,2024-01-11,True,False,False,False,True
user_05818,2024-01-28,True,True,False,False,True
user_05819,2024-02-19,True,False,False,False,True
user_05820,2024-01-22,True,False,False,False,True
user_05821,2024-02-16,True,True,True,False,True
user_05822,2024-01-11,True,True,True,False,True
user_05823,2024-02-27,True,True,True,True,False
user_05824,2024-02-14,True,True,True,False,True
user_05825,2024-02-19,False,False,False,False,True
user_05826,2024-02-21,False,False,False,False,True
user_05827,2024-01-24,True,False,False,False,True
user_05828,2024-01-17,True,True,True,True,False
user_05829,2024-02-19,True,True,False,False,True
user_05830,2024-01-10,False,False,False,False,True
user_05831,2024-01-26,True,True,True,False,True
user_05832,2024-01-24,True,False,False,False,True
user_05833,2024-01-05,True,False,False,False,True
user_05834,2024-02-11,True,True,True,True,False
user_05835,2024-02-18,False,False,False,False,True
user_05836,2024-01-13,True,True,False,False,True
user_05837,2024-02-02,False,False,False,False,True
user_05838,2024-01-04,True,False,False,False,True
user_05839,2024-02-18,True,False,False,False,True
user_05840,2024-02-22,True,False,False,False,True
user_05841,2024-02-16,True,True,True,False,True
user_05842,2024-02-23,True,True,False,False,True
user_05843,2024-01-28,True,True,False,False,True
user_05844,2024-02-23,True,True,True,True,False
user_05845,2024-01-09,True,True,False,False,True
user_05846,2024-01-24,True,False,False,False,True
user_05847,2024-01-25,True,True,True,True,False
user_05848,2024-01-05,True,True,True,False,True
user_05849,2024-01-11,True,False,False,False,True
user_05850,2024-01-05,True,False,False,False,True
user_05851,2024-02-09,True,False,False,False,True
user_05852,2024-01-12,True,True,True,False,True
user_05853,2024-01-23,True,False,False,False,True
user_05854,2024-01-05,False,False,False,False,True
user_05855,2024-01-10,True,True,False,False,True
user_05856,2024-01-03,True,True,True,True,False
user_05857,2024-01-07,False,False,False,False,True
user_05858,2024-02-23,False,False,False,False,True
user_05859,2024-01-25,True,True,False,False,True
user_05860,2024-01-29,False,False,False,False,True
user_05861,2024-02-24,False,False,False,False,True
user_05862,2024-02-08,False,False,False,False,True
user_05863,2024-01-22,False,False,False,False,True
user_05864,2024-02-28,True,False,False,False,True
user_05865,2024-02-09,True,True,False,False,True
user_05866,2024-01-22,True,False,False,False,True
user_05867,2024-02-25,True,False,False,False,True
user_05868,2024-01-01,True,True,False,False,True
user_05869,2024-02-06,False,False,False,False,True
user_05870,2024-02-09,True,True,False,False,True
user_05871,2024-01-20,False,False,False,False,True
user_05872,2024-01-21,False,False,False,False,True
user_05873,2024-01-24,True,False,False,False,True
user_05874,2024-02-21,True,False,False,False,True
user_05875,2024-01-29,True,False,False,False,True
user_05876,2024-01-05,True,False,False,False,True
user_05877,2024-02-04,True,False,False,False,True
user_05878,2024-01-12,True,True,False,False,True
user_05879,2024-01-27,True,False,False,False,True
user_05880,2024-01-22,False,False,False,False,True
user_05881,2024-01-20,True,False,False,False,True
user_05882,2024-02-09,False,False,False,False,True
user_05883,2024-02-02,False,False,False,False,True
user_05884,2024-01-02,True,False,False,False,True
user_05885,2024-02-19,True,True,False,False,True
user_05886,2024-02-29,False,False,False,False,True
user_05887,2024-01-03,False,False,False,False,True
user_05888,2024-02-02,True,True,True,False,True
user_05889,2024-02-25,True,False,False,False,True
user_05890,2024-01-04,True,True,True,False,True
user_05891,2024-01-25,True,True,True,False,True
user_05892,2024-02-05,True,True,False,False,True
user_05893,2024-01-18,True,False,False,False,True
user_05894,2024-01-23,True,True,True,True,False
user_05895,2024-02-17,False,False,False,False,True
user_05896,2024-01-02,True,True,False,False,True
user_05897,2024-01-06,False,False,False,False,True
user_05898,2024-02-09,False,False,False,False,True
user_05899,2024-02-23,True,True,False,False,True
user_05900,2024-01-23,True,False,False,False,True
user_05901,2024-01-18,True,False,False,False,True
user_05902,2024-02-11,True,True,True,False,True
user_05903,2024-01-21,True,True,True,False,True
user_05904,2024-01-30,False,False,False,False,True
user_05905,2024-01-02,True,True,False,False,True
user_05906,2024-01-13,True,True,False,False,True
user_05907,2024-01-16,True,True,True,False,True
user_05908,2024-01-05,True,True,True,False,True
user_05909,2024-02-18,True,True,False,False,True
user_05910,2024-01-22,True,False,False,False,True
user_05911,2024-02-08,True,False,False,False,True
user_05912,2024-02-02,False,False,False,False,True
user_05913,2024-01-13,True,True,True,False,True
user_05914,2024-02-18,True,False,False,False,True
user_05915,2024-01-22,True,False,False,False,True
user_05916,2024-01-09,True,False,False,False,True
user_05917,2024-02-07,True,False,False,False,True
user_05918,2024-01-27,True,True,True,True,False
user_05919,2024-01-01,True,True,True,True,False
user_05920,2024-02-29,True,True,True,False,True
user_05921,2024-02-15,True,True,True,False,True
user_05922,2024-02-27,False,False,False,False,True
user_05923,2024-01-04,True,False,False,False,True
user_05924,2024-02-12,True,True,False,False,True
user_05925,2024-01-12,True,True,True,False,True
user_05926,2024-02-05,True,True,False,False,True
user_05927,2024-01-13,True,True,True,True,False
user_05928,2024-02-12,True,False,False,False,True
user_05929,2024-02-26,True,True,True,False,True
user_05930,2024-01-29,True,False,False,False,True
user_05931,2024-02-06,True,False,False,False,True
user_05932,2024-02-05,True,True,True,False,True
user_05933,2024-02-01,True,False,False,False,True
user_05934,2024-02-03,True,True,True,True,False
user_05935,2024-02-23,False,False,False,False,True
user_05936,2024-02-19,True,True,False,False,True
user_05937,2024-02-12,True,True,False,False,True
user_05938,2024-02-08,True,True,False,False,True
user_05939,2024-02-19,False,False,False,False,True
user_05940,2024-01-26,True,False,False,False,True
user_05941,2024-01-05,True,False,False,False,True
user_05942,2024-01-24,True,False,False,False,True
user_05943,2024-02-07,True,True,True,False,True
user_05944,2024-02-11,True,True,True,False,True
user_05945,2024-02-23,True,True,False,False,True
user_05946,2024-02-04,True,True,False,False,True
user_05947,2024-01-10,True,True,True,True,False
user_05948,2024-02-02,True,True,False,False,True
user_05949,2024-01-22,True,True,False,False,True
user_05950,2024-02-26,True,True,False,False,True
user_05951,2024-01-30,True,False,False,False,True
user_05952,2024-01-07,True,False,False,False,True
user_05953,2024-02-25,False,False,False,False,True
user_05954,2024-02-21,True,False,False,False,True
user_05955,2024-02-14,True,True,False,False,True
user_05956,2024-01-05,True,True,True,False,True
user_05957,2024-02-22,True,True,False,False,True
user_05958,2024-02-02,True,False,False,False,True
user_05959,2024-01-12,True,False,False,False,True
user_05960,2024-02-04,True,False,False,False,True
user_05961,2024-02-14,True,False,False,False,True
user_05962,2024-01-15,True,True,True,False,True
user_05963,2024-02-22,True,True,False,False,True
user_05964,2024-01-17,True,False,False,False,True
user_05965,2024-02-24,True,True,False,False,True
user_05966,2024-02-14,True,False,False,False,True
user_05967,2024-02-18,True,True,False,False,True
user_05968,2024-01-14,True,False,False,False,True
user_05969,2024-01-22,True,True,False,False,True
user_05970,2024-02-14,True,True,False,False,True
user_05971,2024-01-28,True,True,True,True,False
user_05972,2024-02-09,True,True,True,True,False
user_05973,2024-01-13,True,False,False,False,True
user_05974,2024-01-31,True,False,False,False,True
user_05975,2024-01-24,True,False,False,False,True
user_05976,2024-02-16,False,False,False,False,True
user_05977,2024-02-10,True,False,False,False,True
user_05978,2024-02-16,True,False,False,False,True
user_05979,2024-02-06,True,True,True,False,True
user_05980,2024-02-27,True,False,False,False,True
user_05981,2024-02-01,True,True,True,True,False
user_05982,2024-01-01,False,False,False,False,True
user_05983,2024-01-28,True,True,True,True,False
user_05984,2024-01-31,True,False,False,False,True
user_05985,2024-02-15,True,False,False,False,True
user_05986,2024-01-31,False,False,False,False,True
user_05987,2024-02-13,False,False,False,False,True
user_05988,2024-01-24,True,False,False,False,True
user_05989,2024-02-17,True,True,False,False,True
user_05990,2024-01-02,False,False,False,False,True
user_05991,2024-02-29,False,False,False,False,True
user_05992,2024-02-29,False,False,False,False,True
user_05993,2024-01-01,True,True,True,True,False
user_05994,2024-02-26,True,True,False,False,True
user_05995,2024-01-24,True,False,False,False,True
user_05996,2024-01-19,True,True,True,True,False
user_05997,2024-02-19,True,True,False,False,True
user_05998,2024-02-22,True,True,True,False,True
user_05999,2024-02-29,False,False,False,False,True
user_06000,2024-01-22,True,True,False,False,True
user_06001,2024-02-17,True,True,True,False,True
user_06002,2024-01-21,False,False,False,False,True
user_06003,2024-02-03,True,True,False,False,True
user_06004,2024-02-09,False,False,False,False,True
user_06005,2024-01-28,False,False,False,False,True
user_06006,2024-01-08,True,True,True,True,False
user_06007,2024-02-13,True,False,False,False,True
user_06008,2024-01-19,True,False,False,False,True
user_06009,2024-01-18,False,False,False,False,True
user_06010,2024-02-10,True,True,False,False,True
user_06011,2024-01-11,True,False,False,False,True
user_06012,2024-01-04,False,False,False,False,True
user_06013,2024-01-15,False,False,False,False,True
user_06014,2024-01-11,True,False,False,False,True
user_06015,2024-01-17,True,False,False,False,True
user_06016,2024-02-14,False,False,False,False,True
user_06017,2024-01-21,True,True,False,False,True
user_06018,2024-02-06,True,False,False,False,True
user_06019,2024-02-15,True,False,False,False,True
user_06020,2024-01-18,True,False,False,False,True
user_06021,2024-02-23,True,True,True,False,True
user_06022,2024-01-28,True,False,False,False,True
user_06023,2024-01-03,False,False,False,False,True
user_06024,2024-02-08,False,False,False,False,True
user_06025,2024-02-24,True,True,False,False,True
user_06026,2024-01-29,True,True,False,False,True
user_06027,2024-02-16,False,False,False,False,True
user_06028,2024-02-12,False,False,False,False,True
user_06029,2024-01-20,True,False,False,False,True
user_06030,2024-02-23,True,True,False,False,True
user_06031,2024-02-02,True,True,False,False,True
user_06032,2024-01-25,False,False,False,False,True
user_06033,2024-01-19,True,True,False,False,True
user_06034,2024-01-14,True,False,False,False,True
user_06035,2024-01-01,True,True,False,False,True
user_06036,2024-02-24,False,False,False,False,True
user_06037,2024-02-20,False,False,False,False,True
user_06038,2024-01-08,True,True,False,False,True
user_06039,2024-02-02,True,False,False,False,True
user_06040,2024-02-03,True,False,False,False,True
user_06041,2024-01-06,True,False,False,False,True
user_06042,2024-01-15,True,True,False,False,True
user_06043,2024-01-30,True,True,False,False,True
user_06044,2024-02-05,True,False,False,False,True
user_06045,2024-02-12,False,False,False,False,True
user_06046,2024-01-13,True,False,False,False,True
user_06047,2024-02-21,True,True,False,False,True
user_06048,2024-01-13,True,True,False,False,True
user_06049,2024-02-12,True,True,True,False,True
user_06050,2024-01-22,True,True,False,False,True
user_06051,2024-01-13,True,True,True,False,True
user_06052,2024-02-24,True,True,True,True,False
user_06053,2024-02-09,True,False,False,False,True
user_06054,2024-02-17,True,False,False,False,True
user_06055,2024-01-15,True,False,False,False,True
user_06056,2024-01-03,True,True,True,False,True
user_06057,2024-01-12,True,True,False,False,True
user_06058,2024-01-14,True,True,True,False,True
user_06059,2024-02-24,True,False,False,False,True
user_06060,2024-01-12,True,False,False,False,True
user_06061,2024-02-16,True,True,True,False,True
user_06062,2024-02-05,False,False,False,False,True
user_06063,2024-02-11,True,True,False,False,True
user_06064,2024-02-17,True,True,False,False,True
user_06065,2024-01-03,False,False,False,False,True
user_06066,2024-02-01,True,False,False,False,True
user_06067,2024-01-15,True,False,False,False,True
user_06068,2024-02-07,True,False,False,False,True
user_06069,2024-01-26,True,False,False,False,True
user_06070,2024-02-05,True,False,False,False,True
user_06071,2024-01-14,True,True,True,True,False
user_06072,2024-01-18,False,False,False,False,True
user_06073,2024-01-12,True,True,True,False,True
user_06074,2024-01-31,True,True,False,False,True
user_06075,2024-01-29,True,True,False,False,True
user_06076,2024-01-04,True,True,False,False,True
user_06077,2024-02-01,False,False,False,False,True
user_06078,2024-02-27,True,True,True,False,True
user_06079,2024-02-17,True,True,False,False,True
user_06080,2024-02-15,True,False,False,False,True
user_06081,2024-01-12,True,True,False,False,True
user_06082,2024-02-20,False,False,False,False,True
user_06083,2024-01-22,True,False,False,False,True
user_06084,2024-02-14,True,False,False,False,True
user_06085,2024-02-20,True,False,False,False,True
user_06086,2024-02-04,True,False,False,False,True
user_06087,2024-02-08,True,True,False,False,True
user_06088,2024-02-04,True,True,True,True,False
user_06089,2024-02-14,True,True,True,False,True
user_06090,2024-02-27,False,False,False,False,True
user_06091,2024-01-22,False,False,False,False,True
user_06092,2024-02-02,True,True,True,False,True
user_06093,2024-02-10,True,False,False,False,True
user_06094,2024-02-20,True,False,False,False,True
user_06095,2024-02-25,False,False,False,False,True
user_06096,2024-02-18,True,True,True,True,False
user_06097,2024-01-07,True,True,False,False,True
user_06098,2024-01-13,False,False,False,False,True
user_06099,2024-01-11,False,False,False,False,True
user_06100,2024-01-06,True,True,True,False,True
user_06101,2024-02-08,False,False,False,False,True
user_06102,2024-01-27,True,False,False,False,True
user_06103,2024-02-05,False,False,False,False,True
user_06104,2024-02-28,True,False,False,False,True
user_06105,2024-01-05,True,True,True,False,True
user_06106,2024-01-20,True,True,False,False,True
user_06107,2024-01-30,True,True,False,False,True
user_06108,2024-01-24,True,False,False,False,True
user_06109,2024-02-23,True,False,False,False,True
user_06110,2024-02-07,True,False,False,False,True
user_06111,2024-01-29,True,False,False,False,True
user_06112,2024-01-24,True,True,True,True,False
user_06113,2024-01-22,True,False,False,False,True
user_06114,2024-02-22,True,True,True,False,True
user_06115,2024-02-17,True,True,True,False,True
user_06116,2024-01-24,True,False,False,False,True
user_06117,2024-02-21,False,False,False,False,True
user_06118,2024-02-08,True,True,True,True,False
user_06119,2024-02-15,True,True,False,False,True
user_06120,2024-02-04,True,True,False,False,True
user_06121,2024-02-25,True,False,False,False,True
user_06122,2024-02-11,True,True,True,True,False
user_06123,2024-01-12,False,False,False,False,True
user_06124,2024-01-08,True,True,True,True,False
user_06125,2024-02-24,False,False,False,False,True
user_06126,2024-02-08,True,True,True,True,False
user_06127,2024-01-12,False,False,False,False,True
user_06128,2024-01-07,False,False,False,False,True
user_06129,2024-02-12,True,True,True,True,False
user_06130,2024-01-09,True,False,False,False,True
user_06131,2024-01-08,True,True,True,False,True
user_06132,2024-01-14,True,False,False,False,True
user_06133,2024-02-16,True,True,True,False,True
user_06134,2024-01-29,False,False,False,False,True
user_06135,2024-01-12,True,True,False,False,True
user_06136,2024-02-17,False,False,False,False,True
user_06137,2024-01-15,True,False,False,False,True
user_06138,2024-02-15,False,False,False,False,True
user_06139,2024-01-13,True,True,False,False,True
user_06140,2024-01-13,True,False,False,False,True
user_06141,2024-01-20,True,False,False,False,True
user_06142,2024-02-08,True,True,True,False,True
user_06143,2024-02-06,True,True,False,False,True
user_06144,2024-02-14,True,True,True,True,False
user_06145,2024-02-17,True,True,False,False,True
user_06146,2024-02-12,True,True,True,True,False
user_06147,2024-02-02,True,True,True,True,False
user_06148,2024-02-03,False,False,False,False,True
user_06149,2024-01-18,True,True,False,False,True
user_06150,2024-01-23,True,True,False,False,True
user_06151,2024-01-24,True,True,True,True,False
user_06152,2024-01-22,True,True,True,False,True
user_06153,2024-01-01,True,False,False,False,True
user_06154,2024-02-03,True,True,True,True,False
user_06155,2024-01-18,False,False,False,False,True
user_06156,2024-01-01,True,True,False,False,True
user_06157,2024-01-04,False,False,False,False,True
user_06158,2024-02-07,True,True,False,False,True
user_06159,2024-01-22,True,False,False,False,True
user_06160,2024-02-20,True,True,False,False,True
user_06161,2024-01-08,True,True,False,False,True
user_06162,2024-02-24,True,True,True,True,False
user_06163,2024-01-10,True,True,False,False,True
user_06164,2024-01-29,True,False,False,False,True
user_06165,2024-01-16,True,True,False,False,True
user_06166,2024-01-15,True,False,False,False,True
user_06167,2024-02-21,False,False,False,False,True
user_06168,2024-01-03,True,True,True,False,True
user_06169,2024-01-28,False,False,False,False,True
user_06170,2024-02-10,True,False,False,False,True
user_06171,2024-02-23,True,True,True,True,False
user_06172,2024-01-29,True,True,False,False,True
user_06173,2024-01-15,True,True,False,False,True
user_06174,2024-02-06,True,True,False,False,True
user_06175,2024-02-09,True,True,True,True,False
user_06176,2024-02-21,True,True,False,False,True
user_06177,2024-01-23,True,False,False,False,True
user_06178,2024-02-04,True,False,False,False,True
user_06179,2024-01-08,False,False,False,False,True
user_06180,2024-02-21,True,True,False,False,True
user_06181,2024-01-12,True,True,True,False,True
user_06182,2024-02-14,False,False,False,False,True
user_06183,2024-02-03,False,False,False,False,True
user_06184,2024-01-07,True,True,True,False,True
user_06185,2024-02-03,False,False,False,False,True
user_06186,2024-02-06,True,True,True,True,False
user_06187,2024-01-11,True,True,False,False,True
user_06188,2024-02-14,True,False,False,False,True
user_06189,2024-01-28,False,False,False,False,True
user_06190,2024-01-04,True,True,True,False,True
user_06191,2024-01-17,True,True,True,True,False
user_06192,2024-01-18,True,True,True,True,False
user_06193,2024-02-17,False,False,False,False,True
user_06194,2024-02-02,True,True,False,False,True
user_06195,2024-02-20,True,False,False,False,True
user_06196,2024-01-03,True,False,False,False,True
user_06197,2024-02-16,True,False,False,False,True
user_06198,2024-01-06,True,True,True,False,True
user_06199,2024-02-06,False,False,False,False,True
user_06200,2024-02-25,True,True,True,False,True
user_06201,2024-02-24,True,False,False,False,True
user_06202,2024-01-12,True,True,True,True,False
user_06203,2024-01-29,False,False,False,False,True
user_06204,2024-01-18,False,False,False,False,True
user_06205,2024-02-21,True,False,False,False,True
user_06206,2024-01-03,True,False,False,False,True
user_06207,2024-02-13,True,False,False,False,True
user_06208,2024-02-22,True,True,True,True,False
user_06209,2024-02-03,True,False,False,False,True
user_06210,2024-02-08,True,True,True,False,True
user_06211,2024-01-01,True,True,False,False,True
user_06212,2024-01-17,True,False,False,False,True
user_06213,2024-02-20,True,False,False,False,True
user_06214,2024-01-14,False,False,False,False,True
user_06215,2024-01-26,False,False,False,False,True
user_06216,2024-02-21,True,False,False,False,True
user_06217,2024-01-04,True,True,True,False,True
user_06218,2024-01-25,True,True,True,False,True
user_06219,2024-02-13,False,False,False,False,True
user_06220,2024-02-29,True,False,False,False,True
user_06221,2024-02-23,True,False,False,False,True
user_06222,2024-02-21,True,True,True,True,False
user_06223,2024-01-12,True,False,False,False,True
user_06224,2024-02-08,True,True,True,True,False
user_06225,2024-01-18,True,False,False,False,True
user_06226,2024-02-07,True,True,False,False,True
user_06227,2024-01-14,True,False,False,False,True
user_06228,2024-02-19,True,False,False,False,True
user_06229,2024-01-04,True,False,False,False,True
user_06230,2024-02-11,True,False,False,False,True
user_06231,2024-01-08,True,False,False,False,True
user_06232,2024-02-12,True,True,False,False,True
user_06233,2024-02-27,False,False,False,False,True
user_06234,2024-02-07,True,False,False,False,True
user_06235,2024-02-28,True,True,True,True,False
user_06236,2024-02-11,False,False,False,False,True
user_06237,2024-01-11,True,False,False,False,True
user_06238,2024-02-17,True,True,True,False,True
user_06239,2024-02-29,True,False,False,False,True
user_06240,2024-01-29,True,True,False,False,True
user_06241,2024-01-22,True,True,True,True,False
user_06242,2024-02-26,True,True,True,False,True
user_06243,2024-02-15,True,False,False,False,True
user_06244,2024-01-07,True,True,True,False,True
user_06245,2024-02-29,True,True,True,False,True
user_06246,2024-01-17,False,False,False,False,True
user_06247,2024-02-03,True,False,False,False,True
user_06248,2024-01-27,False,False,False,False,True
user_06249,2024-01-15,True,True,False,False,True
user_06250,2024-01-23,False,False,False,False,True
user_06251,2024-01-10,False,False,False,False,True
user_06252,2024-01-22,True,True,True,False,True
user_06253,2024-02-03,True,True,True,False,True
user_06254,2024-02-16,True,False,False,False,True
user_06255,2024-01-27,False,False,False,False,True
user_06256,2024-02-08,True,True,False,False,True
user_06257,2024-02-07,True,False,False,False,True
user_06258,2024-01-06,False,False,False,False,True
user_06259,2024-02-04,True,False,False,False,True
user_06260,2024-02-17,False,False,False,False,True
user_06261,2024-02-10,True,True,False,False,True
user_06262,2024-01-10,False,False,False,False,True
user_06263,2024-01-25,True,True,False,False,True
user_06264,2024-01-04,False,False,False,False,True
user_06265,2024-01-12,True,True,True,True,False
user_06266,2024-01-06,True,False,False,False,True
user_06267,2024-02-24,True,True,False,False,True
user_06268,2024-02-12,True,True,False,False,True
user_06269,2024-01-27,True,False,False,False,True
user_06270,2024-02-27,True,True,False,False,True
user_06271,2024-01-29,True,False,False,False,True
user_06272,2024-02-08,True,True,False,False,True
user_06273,2024-02-27,True,False,False,False,True
user_06274,2024-01-23,True,False,False,False,True
user_06275,2024-01-09,True,False,False,False,True
user_06276,2024-02-16,True,False,False,False,True
user_06277,2024-01-25,False,False,False,False,True
user_06278,2024-02-23,True,True,True,True,False
user_06279,2024-02-26,False,False,False,False,True
user_06280,2024-02-16,True,False,False,False,True
user_06281,2024-01-16,True,False,False,False,True
user_06282,2024-02-22,True,True,True,False,True
user_06283,2024-01-27,True,False,False,False,True
user_06284,2024-02-29,True,True,False,False,True
user_06285,2024-02-24,False,False,False,False,True
user_06286,2024-01-22,True,False,False,False,True
user_06287,2024-01-30,False,False,False,False,True
user_06288,2024-02-16,True,False,False,False,True
user_06289,2024-01-13,True,True,True,False,True
user_06290,2024-02-06,True,True,True,False,True
user_06291,2024-02-23,True,True,True,False,True
user_06292,2024-01-14,True,True,False,False,True
user_06293,2024-02-26,True,True,False,False,True
user_06294,2024-02-11,False,False,False,False,True
user_06295,2024-02-11,False,False,False,False,True
user_06296,2024-02-27,False,False,False,False,True
user_06297,2024-01-06,False,False,False,False,True
user_06298,2024-02-21,True,True,False,False,True
user_06299,2024-01-13,True,True,True,True,False
user_06300,2024-01-08,True,False,False,False,True
user_06301,2024-02-21,False,False,False,False,True
user_06302,2024-01-07,True,False,False,False,True
user_06303,2024-01-17,True,True,True,False,True
user_06304,2024-02-14,True,False,False,False,True
user_06305,2024-02-08,True,True,False,False,True
user_06306,2024-01-27,True,False,False,False,True
user_06307,2024-01-27,False,False,False,False,True
user_06308,2024-02-16,True,True,False,False,True
user_06309,2024-02-29,True,False,False,False,True
user_06310,2024-02-06,True,True,True,False,True
user_06311,2024-02-22,False,False,False,False,True
user_06312,2024-01-04,True,True,False,False,True
user_06313,2024-02-26,True,False,False,False,True
user_06314,2024-01-27,True,False,False,False,True
user_06315,2024-02-05,True,True,False,False,True
user_06316,2024-02-19,True,True,True,False,True
user_06317,2024-02-25,True,False,False,False,True
user_06318,2024-02-15,True,False,False,False,True
user_06319,2024-01-12,False,False,False,False,True
user_06320,2024-02-11,True,True,True,False,True
user_06321,2024-01-09,False,False,False,False,True
user_06322,2024-01-07,True,False,False,False,True
user_06323,2024-01-12,True,True,False,False,True
user_06324,2024-01-12,True,False,False,False,True
user_06325,2024-02-27,True,True,True,False,True
user_06326,2024-01-31,True,True,False,False,True
user_06327,2024-01-22,True,True,True,True,False
user_06328,2024-02-28,True,True,True,False,True
user_06329,2024-01-20,False,False,False,False,True
user_06330,2024-01-17,False,False,False,False,True
user_06331,2024-01-18,True,True,False,False,True
user_06332,2024-02-17,True,True,True,True,False
user_06333,2024-02-11,True,False,False,False,True
user_06334,2024-02-02,True,True,True,False,True
user_06335,2024-01-07,False,False,False,False,True
user_06336,2024-01-05,True,False,False,False,True
user_06337,2024-01-16,False,False,False,False,True
user_06338,2024-01-08,True,True,True,False,True
user_06339,2024-01-07,False,False,False,False,True
user_06340,2024-02-28,True,True,True,False,True
user_06341,2024-01-01,True,True,False,False,True
user_06342,2024-01-23,True,True,True,True,False
user_06343,2024-01-16,True,False,False,False,True
user_06344,2024-02-08,True,False,False,False,True
user_06345,2024-02-26,True,False,False,False,True
user_06346,2024-02-20,True,True,True,False,True
user_06347,2024-02-12,True,True,False,False,True
user_06348,2024-01-25,True,True,True,False,True
user_06349,2024-02-16,True,False,False,False,True
user_06350,2024-02-21,False,False,False,False,True
user_06351,2024-02-04,True,True,False,False,True
user_06352,2024-01-28,True,True,False,False,True
user_06353,2024-01-25,True,False,False,False,True
user_06354,2024-02-29,True,True,False,False,True
user_06355,2024-01-14,True,False,False,False,True
user_06356,2024-01-07,True,True,False,False,True
user_06357,2024-01-15,False,False,False,False,True
user_06358,2024-01-24,True,False,False,False,True
user_06359,2024-02-25,True,True,True,True,False
user_06360,2024-02-02,False,False,False,False,True
user_06361,2024-01-31,True,True,False,False,True
user_06362,2024-02-22,True,True,False,False,True
user_06363,2024-02-04,True,True,False,False,True
user_06364,2024-01-15,True,False,False,False,True
user_06365,2024-01-21,True,False,False,False,True
user_06366,2024-02-22,True,False,False,False,True
user_06367,2024-02-01,True,False,False,False,True
user_06368,2024-01-16,True,True,False,False,True
user_06369,2024-02-20,True,True,True,False,True
user_06370,2024-01-19,True,False,False,False,True
user_06371,2024-02-14,True,True,True,False,True
user_06372,2024-01-11,True,True,False,False,True
user_06373,2024-02-09,False,False,False,False,True
user_06374,2024-01-13,True,False,False,False,True
user_06375,2024-02-20,True,True,True,True,False
user_06376,2024-01-26,False,False,False,False,True
user_06377,2024-02-17,True,False,False,False,True
user_06378,2024-01-04,True,False,False,False,True
user_06379,2024-02-23,True,True,False,False,True
user_06380,2024-01-01,True,False,False,False,True
user_06381,2024-01-20,True,True,True,True,False
user_06382,2024-01-12,False,False,False,False,True
user_06383,2024-01-24,True,False,False,False,True
user_06384,2024-01-25,False,False,False,False,True
user_06385,2024-01-14,True,False,False,False,True
user_06386,2024-01-20,True,True,False,False,True
user_06387,2024-02-03,True,True,True,True,False
user_06388,2024-01-13,False,False,False,False,True
user_06389,2024-02-10,True,False,False,False,True
user_06390,2024-02-17,True,False,False,False,True
user_06391,2024-02-13,True,False,False,False,True
user_06392,2024-02-17,True,False,False,False,True
user_06393,2024-01-11,True,False,False,False,True
user_06394,2024-02-28,True,True,False,False,True
user_06395,2024-01-06,True,False,False,False,True
user_06396,2024-01-17,True,False,False,False,True
user_06397,2024-01-05,True,False,False,False,True
user_06398,2024-01-08,True,False,False,False,True
user_06399,2024-02-23,False,False,False,False,True
user_06400,2024-01-31,True,True,True,False,True
user_06401,2024-02-22,True,True,True,False,True
user_06402,2024-01-27,True,True,True,True,False
user_06403,2024-02-03,True,True,True,False,True
user_06404,2024-01-05,False,False,False,False,True
user_06405,2024-01-23,True,False,False,False,True
user_06406,2024-01-16,True,False,False,False,True
user_06407,2024-02-03,True,True,True,False,True
user_06408,2024-01-07,True,True,True,True,False
user_06409,2024-01-10,False,False,False,False,True
user_06410,2024-02-17,False,False,False,False,True
user_06411,2024-01-29,True,True,True,False,True
user_06412,2024-02-26,True,True,False,False,True
user_06413,2024-01-14,True,True,False,False,True
user_06414,2024-02-06,True,True,True,False,True
user_06415,2024-02-23,True,True,True,True,False
user_06416,2024-01-01,True,False,False,False,True
user_06417,2024-02-17,False,False,False,False,True
user_06418,2024-01-22,True,True,False,False,True
user_06419,2024-01-27,False,False,False,False,True
user_06420,2024-02-24,True,True,True,False,True
user_06421,2024-02-16,False,False,False,False,True
user_06422,2024-01-27,True,True,False,False,True
user_06423,2024-01-14,True,True,False,False,True
user_06424,2024-02-07,False,False,False,False,True
user_06425,2024-01-18,True,False,False,False,True
user_06426,2024-02-24,True,True,True,True,False
user_06427,2024-01-18,True,False,False,False,True
user_06428,2024-02-29,True,True,False,False,True
user_06429,2024-01-23,True,True,False,False,True
user_06430,2024-02-29,True,True,True,False,True
user_06431,2024-02-10,True,True,True,False,True
user_06432,2024-01-31,True,True,True,True,False
user_06433,2024-02-04,True,True,False,False,True
user_06434,2024-01-09,True,True,True,False,True
user_06435,2024-02-22,False,False,False,False,True
user_06436,2024-01-08,True,False,False,False,True
user_06437,2024-02-06,False,False,False,False,True
user_06438,2024-02-20,True,False,False,False,True
user_06439,2024-02-02,True,True,False,False,True
user_06440,2024-02-26,True,True,False,False,True
user_06441,2024-02-04,True,True,True,False,True
user_06442,2024-01-15,True,True,True,True,False
user_06443,2024-02-25,True,True,False,False,True
user_06444,2024-02-08,False,False,False,False,True
user_06445,2024-01-23,False,False,False,False,True
user_06446,2024-01-25,True,True,True,False,True
user_06447,2024-01-29,False,False,False,False,True
user_06448,2024-02-04,True,False,False,False,True
user_06449,2024-01-15,True,False,False,False,True
user_06450,2024-01-22,True,True,True,False,True
user_06451,2024-02-08,True,True,True,False,True
user_06452,2024-01-18,True,False,False,False,True
user_06453,2024-02-04,True,False,False,False,True
user_06454,2024-02-06,True,False,False,False,True
user_06455,2024-01-25,True,True,True,False,True
user_06456,2024-01-02,True,True,False,False,True
user_06457,2024-02-05,False,False,False,False,True
user_06458,2024-01-24,False,False,False,False,True
user_06459,2024-02-19,True,True,False,False,True
user_06460,2024-01-23,True,False,False,False,True
user_06461,2024-01-06,True,False,False,False,True
user_06462,2024-01-01,True,False,False,False,True
user_06463,2024-02-02,True,True,False,False,True
user_06464,2024-01-02,True,False,False,False,True
user_06465,2024-01-13,True,False,False,False,True
user_06466,2024-01-14,True,False,False,False,True
user_06467,2024-02-06,True,True,True,True,False
user_06468,2024-01-07,False,False,False,False,True
user_06469,2024-01-03,True,True,False,False,True
user_06470,2024-02-05,True,True,True,True,False
user_06471,2024-01-19,True,False,False,False,True
user_06472,2024-02-27,True,True,False,False,True
user_06473,2024-01-19,True,True,False,False,True
user_06474,2024-02-16,False,False,False,False,True
user_06475,2024-02-11,True,False,False,False,True
user_06476,2024-01-28,True,False,False,False,True
user_06477,2024-02-20,True,True,False,False,True
user_06478,2024-02-21,False,False,False,False,True
user_06479,2024-01-10,True,True,True,False,True
user_06480,2024-01-17,True,True,False,False,True
user_06481,2024-02-07,True,True,False,False,True
user_06482,2024-01-03,True,True,False,False,True
user_06483,2024-02-20,True,False,False,False,True
user_06484,2024-01-31,True,False,False,False,True
user_06485,2024-02-04,True,True,False,False,True
user_06486,2024-01-05,False,False,False,False,True
user_06487,2024-02-13,True,True,False,False,True
user_06488,2024-02-22,True,False,False,False,True
user_06489,2024-01-01,True,True,True,True,False
user_06490,2024-01-10,True,True,True,True,False
user_06491,2024-01-22,True,True,False,False,True
user_06492,2024-02-28,True,True,True,False,True
user_06493,2024-01-11,True,True,False,False,True
user_06494,2024-01-25,True,False,False,False,True
user_06495,2024-01-19,True,True,False,False,True
user_06496,2024-01-16,False,False,False,False,True
user_06497,2024-01-27,True,False,False,False,True
user_06498,2024-01-03,True,False,False,False,True
user_06499,2024-02-28,False,False,False,False,True
user_06500,2024-02-27,False,False,False,False,True
user_06501,2024-02-15,True,True,True,False,True
user_06502,2024-02-04,False,False,False,False,True
user_06503,2024-01-03,True,True,False,False,True
user_06504,2024-01-04,True,True,False,False,True
user_06505,2024-01-19,True,True,False,False,True
user_06506,2024-01-27,False,False,False,False,True
user_06507,2024-01-12,True,False,False,False,True
user_06508,2024-01-11,True,True,True,False,True
user_06509,2024-01-06,True,False,False,False,True
user_06510,2024-02-04,True,True,False,False,True
user_06511,2024-02-05,True,True,False,False,True
user_06512,2024-01-08,False,False,False,False,True
user_06513,2024-01-27,True,False,False,False,True
user_06514,2024-01-26,True,True,True,False,True
user_06515,2024-02-13,True,True,False,False,True
user_06516,2024-01-29,False,False,False,False,True
user_06517,2024-02-05,False,False,False,False,True
user_06518,2024-02-07,True,False,False,False,True
user_06519,2024-01-17,False,False,False,False,True
user_06520,2024-01-17,True,True,False,False,True
user_06521,2024-01-22,True,False,False,False,True
user_06522,2024-02-15,True,True,False,False,True
user_06523,2024-01-04,False,False,False,False,True
user_06524,2024-02-24,True,True,False,False,True
user_06525,2024-01-17,True,False,False,False,True
user_06526,2024-01-08,True,True,True,True,False
user_06527,2024-02-24,True,False,False,False,True
user_06528,2024-01-23,True,False,False,False,True
user_06529,2024-02-03,True,False,False,False,True
user_06530,2024-01-29,True,True,False,False,True
user_06531,2024-01-19,True,True,True,True,False
user_06532,2024-02-28,True,False,False,False,True
user_06533,2024-01-24,True,True,True,False,True
user_06534,2024-01-28,True,True,False,False,True
user_06535,2024-01-14,True,True,False,False,True
user_06536,2024-01-22,True,True,False,False,True
user_06537,2024-01-22,True,False,False,False,True
user_06538,2024-01-11,False,False,False,False,True
user_06539,2024-01-21,True,False,False,False,True
user_06540,2024-01-27,True,False,False,False,True
user_06541,2024-01-26,True,True,False,False,True
user_06542,2024-01-08,True,False,False,False,True
user_06543,2024-01-16,True,False,False,False,True
user_06544,2024-01-18,False,False,False,False,True
user_06545,2024-02-17,True,False,False,False,True
user_06546,2024-01-01,True,True,False,False,True
user_06547,2024-02-01,True,True,False,False,True
user_06548,2024-01-26,True,True,False,False,True
user_06549,2024-02-28,True,True,False,False,True
user_06550,2024-01-07,True,True,False,False,True
user_06551,2024-01-14,True,True,True,False,True
user_06552,2024-01-12,True,False,False,False,True
user_06553,2024-01-28,True,True,False,False,True
user_06554,2024-02-27,True,False,False,False,True
user_06555,2024-01-13,True,False,False,False,True
user_06556,2024-01-23,True,True,False,False,True
user_06557,2024-01-02,False,False,False,False,True
user_06558,2024-02-26,False,False,False,False,True
user_06559,2024-01-25,False,False,False,False,True
user_06560,2024-01-07,False,False,False,False,True
user_06561,2024-02-06,True,False,False,False,True
user_06562,2024-01-30,True,True,True,False,True
user_06563,2024-01-24,False,False,False,False,True
user_06564,2024-02-11,True,False,False,False,True
user_06565,2024-02-21,True,False,False,False,True
user_06566,2024-02-05,True,False,False,False,True
user_06567,2024-01-27,True,False,False,False,True
user_06568,2024-02-26,True,True,False,False,True
user_06569,2024-01-10,True,False,False,False,True
user_06570,2024-02-23,True,True,False,False,True
user_06571,2024-02-24,False,False,False,False,True
user_06572,2024-01-08,True,True,False,False,True
user_06573,2024-02-21,True,False,False,False,True
user_06574,2024-02-24,True,True,False,False,True
user_06575,2024-01-25,True,True,False,False,True
user_06576,2024-01-11,True,True,True,False,True
user_06577,2024-01-18,True,False,False,False,True
user_06578,2024-02-07,False,False,False,False,True
user_06579,2024-02-20,True,True,False,False,True
user_06580,2024-02-28,True,False,False,False,True
user_06581,2024-02-12,True,False,False,False,True
user_06582,2024-01-22,True,True,True,True,False
user_06583,2024-02-08,True,True,True,False,True
user_06584,2024-02-17,False,False,False,False,True
user_06585,2024-02-29,True,False,False,False,True
user_06586,2024-01-13,True,True,True,True,False
user_06587,2024-02-26,False,False,False,False,True
user_06588,2024-02-06,True,False,False,False,True
user_06589,2024-02-16,True,True,False,False,True
user_06590,2024-02-25,True,False,False,False,True
user_06591,2024-01-27,False,False,False,False,True
user_06592,2024-01-19,True,True,True,False,True
user_06593,2024-02-04,True,True,False,False,True
user_06594,2024-01-19,True,True,True,True,False
user_06595,2024-01-07,True,False,False,False,True
user_06596,2024-01-27,True,True,False,False,True
user_06597,2024-01-27,True,True,False,False,True
user_06598,2024-01-22,False,False,False,False,True
user_06599,2024-02-09,True,False,False,False,True
user_06600,2024-01-17,True,True,False,False,True
user_06601,2024-02-01,True,False,False,False,True
user_06602,2024-01-10,True,True,True,True,False
user_06603,2024-02-23,True,False,False,False,True
user_06604,2024-01-12,True,False,False,False,True
user_06605,2024-01-22,True,True,True,True,False
user_06606,2024-02-22,True,False,False,False,True
user_06607,2024-01-08,False,False,False,False,True
user_06608,2024-01-28,True,False,False,False,True
user_06609,2024-02-05,False,False,False,False,True
user_06610,2024-02-25,True,True,False,False,True
user_06611,2024-02-06,True,False,False,False,True
user_06612,2024-01-18,False,False,False,False,True
user_06613,2024-01-09,False,False,False,False,True
user_06614,2024-02-24,True,True,False,False,True
user_06615,2024-02-26,True,True,True,False,True
user_06616,2024-02-25,True,False,False,False,True
user_06617,2024-01-10,True,False,False,False,True
user_06618,2024-02-12,True,False,False,False,True
user_06619,2024-01-15,True,True,True,False,True
user_06620,2024-01-01,True,False,False,False,True
user_06621,2024-01-27,True,True,False,False,True
user_06622,2024-01-20,True,False,False,False,True
user_06623,2024-02-25,True,True,False,False,True
user_06624,2024-01-22,True,True,False,False,True
user_06625,2024-01-31,True,True,False,False,True
user_06626,2024-01-20,True,False,False,False,True
user_06627,2024-01-21,True,False,False,False,True
user_06628,2024-01-28,True,False,False,False,True
user_06629,2024-02-19,True,True,True,True,False
user_06630,2024-01-15,True,False,False,False,True
user_06631,2024-01-31,True,True,False,False,True
user_06632,2024-01-09,True,True,False,False,True
user_06633,2024-01-19,True,True,True,True,False
user_06634,2024-02-18,True,True,False,False,True
user_06635,2024-01-02,True,False,False,False,True
user_06636,2024-01-01,True,False,False,False,True
user_06637,2024-02-13,True,False,False,False,True
user_06638,2024-01-18,False,False,False,False,True
user_06639,2024-01-20,True,True,False,False,True
user_06640,2024-01-23,True,True,True,True,False
user_06641,2024-02-11,False,False,False,False,True
user_06642,2024-02-22,True,False,False,False,True
user_06643,2024-01-08,True,False,False,False,True
user_06644,2024-02-24,False,False,False,False,True
user_06645,2024-01-06,True,True,True,False,True
user_06646,2024-01-09,False,False,False,False,True
user_06647,2024-02-21,False,False,False,False,True
user_06648,2024-02-27,False,False,False,False,True
user_06649,2024-02-07,True,True,True,False,True
user_06650,2024-02-29,True,True,True,False,True
user_06651,2024-01-23,True,True,True,True,False
user_06652,2024-02-13,True,True,True,False,True
user_06653,2024-01-10,True,False,False,False,True
user_06654,2024-01-11,False,False,False,False,True
user_06655,2024-02-22,True,False,False,False,True
user_06656,2024-01-04,True,False,False,False,True
user_06657,2024-01-14,False,False,False,False,True
user_06658,2024-02-01,True,True,False,False,True
user_06659,2024-01-05,True,False,False,False,True
user_06660,2024-02-27,False,False,False,False,True
user_06661,2024-01-08,True,True,False,False,True
user_06662,2024-01-16,True,False,False,False,True
user_06663,2024-01-23,True,False,False,False,True
user_06664,2024-02-14,True,True,False,False,True
user_06665,2024-02-09,True,False,False,False,True
user_06666,2024-02-24,True,True,True,False,True
user_06667,2024-02-13,True,False,False,False,True
user_06668,2024-01-06,True,False,False,False,True
user_06669,2024-02-23,True,True,False,False,True
user_06670,2024-02-22,True,True,True,False,True
user_06671,2024-01-20,True,False,False,False,True
user_06672,2024-01-02,True,True,True,True,False
user_06673,2024-02-27,True,True,False,False,True
user_06674,2024-02-15,False,False,False,False,True
user_06675,2024-01-18,False,False,False,False,True
user_06676,2024-01-24,False,False,False,False,True
user_06677,2024-02-04,True,False,False,False,True
user_06678,2024-01-31,False,False,False,False,True
user_06679,2024-02-22,True,True,True,False,True
user_06680,2024-02-26,True,True,False,False,True
user_06681,2024-02-22,False,False,False,False,True
user_06682,2024-01-08,True,True,False,False,True
user_06683,2024-02-06,True,True,True,True,False
user_06684,2024-01-04,True,False,False,False,True
user_06685,2024-01-11,True,True,True,False,True
user_06686,2024-02-03,True,True,True,True,False
user_06687,2024-01-28,True,False,False,False,True
user_06688,2024-01-12,False,False,False,False,True
user_06689,2024-02-17,False,False,False,False,True
user_06690,2024-02-13,False,False,False,False,True
user_06691,2024-02-25,True,False,False,False,True
user_06692,2024-02-23,True,False,False,False,True
user_06693,2024-01-17,True,True,True,False,True
user_06694,2024-02-01,True,False,False,False,True
user_06695,2024-02-17,True,False,False,False,True
user_06696,2024-01-26,False,False,False,False,True
user_06697,2024-02-13,True,True,False,False,True
user_06698,2024-02-17,True,False,False,False,True
user_06699,2024-02-15,True,True,False,False,True
user_06700,2024-02-26,False,False,False,False,True
user_06701,2024-01-19,True,False,False,False,True
user_06702,2024-02-16,True,False,False,False,True
user_06703,2024-01-30,True,False,False,False,True
user_06704,2024-01-25,True,True,True,True,False
user_06705,2024-02-19,True,True,True,True,False
user_06706,2024-01-15,True,True,False,False,True
user_06707,2024-01-11,True,True,True,True,False
user_06708,2024-01-16,True,False,False,False,True
user_06709,2024-02-20,True,False,False,False,True
user_06710,2024-01-30,True,True,True,False,True
user_06711,2024-01-29,True,True,False,False,True
user_06712,2024-02-26,True,True,True,True,False
user_06713,2024-02-21,True,True,False,False,True
user_06714,2024-02-28,True,True,True,False,True
user_06715,2024-02-17,True,True,False,False,True
user_06716,2024-02-24,True,True,True,False,True
user_06717,2024-01-31,True,False,False,False,True
user_06718,2024-01-29,True,True,False,False,True
user_06719,2024-02-28,False,False,False,False,True
user_06720,2024-01-10,True,True,True,False,True
user_06721,2024-01-07,False,False,False,False,True
user_06722,2024-01-20,True,False,False,False,True
user_06723,2024-02-17,True,True,True,False,True
user_06724,2024-01-04,False,False,False,False,True
user_06725,2024-02-18,True,False,False,False,True
user_06726,2024-01-09,True,True,True,True,False
user_06727,2024-02-23,False,False,False,False,True
user_06728,2024-01-14,True,True,False,False,True
user_06729,2024-02-20,True,True,True,True,False
user_06730,2024-02-06,True,False,False,False,True
user_06731,2024-02-19,True,True,True,False,True
user_06732,2024-02-14,True,False,False,False,True
user_06733,2024-01-23,False,False,False,False,True
user_06734,2024-01-12,False,False,False,False,True
user_06735,2024-02-14,True,True,False,False,True
user_06736,2024-02-19,True,True,False,False,True
user_06737,2024-02-11,True,False,False,False,True
user_06738,2024-01-13,True,True,True,True,False
user_06739,2024-02-11,True,True,True,True,False
user_06740,2024-02-01,True,False,False,False,True
user_06741,2024-02-15,False,False,False,False,True
user_06742,2024-02-26,True,False,False,False,True
user_06743,2024-01-06,True,True,False,False,True
user_06744,2024-01-09,True,False,False,False,True
user_06745,2024-01-28,True,True,True,False,True
user_06746,2024-01-07,False,False,False,False,True
user_06747,2024-01-01,True,False,False,False,True
user_06748,2024-02-27,True,True,False,False,True
user_06749,2024-02-11,True,True,True,True,False
user_06750,2024-01-27,True,True,True,False,True
user_06751,2024-01-04,True,False,False,False,True
user_06752,2024-02-06,True,True,True,False,True
user_06753,2024-01-04,True,False,False,False,True
user_06754,2024-02-21,False,False,False,False,True
user_06755,2024-02-05,True,False,False,False,True
user_06756,2024-02-15,True,False,False,False,True
user_06757,2024-02-14,True,True,True,False,True
user_06758,2024-01-05,False,False,False,False,True
user_06759,2024-02-15,False,False,False,False,True
user_06760,2024-02-17,False,False,False,False,True
user_06761,2024-01-31,True,False,False,False,True
user_06762,2024-02-14,True,True,False,False,True
user_06763,2024-01-29,True,True,True,False,True
user_06764,2024-02-05,True,False,False,False,True
user_06765,2024-01-04,True,False,False,False,True
user_06766,2024-01-05,True,False,False,False,True
user_06767,2024-01-22,True,False,False,False,True
user_06768,2024-02-29,True,True,True,False,True
user_06769,2024-01-22,True,True,True,True,False
user_06770,2024-02-08,True,True,False,False,True
user_06771,2024-02-14,True,False,False,False,True
user_06772,2024-02-10,False,False,False,False,True
user_06773,2024-01-25,True,True,True,False,True
user_06774,2024-02-01,True,True,False,False,True
user_06775,2024-02-06,True,True,False,False,True
user_06776,2024-01-01,True,True,True,False,True
user_06777,2024-01-26,True,False,False,False,True
user_06778,2024-01-03,True,False,False,False,True
user_06779,2024-01-31,False,False,False,False,True
user_06780,2024-02-12,True,False,False,False,True
user_06781,2024-02-17,True,True,False,False,True
user_06782,2024-02-22,False,False,False,False,True
user_06783,2024-02-18,True,True,False,False,True
user_06784,2024-02-05,False,False,False,False,True
user_06785,2024-01-15,True,True,False,False,True
user_06786,2024-02-14,True,True,False,False,True
user_06787,2024-01-02,True,False,False,False,True
user_06788,2024-02-08,True,False,False,False,True
user_06789,2024-01-15,True,False,False,False,True
user_06790,2024-02-07,False,False,False,False,True
user_06791,2024-01-25,False,False,False,False,True
user_06792,2024-01-31,True,True,False,False,True
user_06793,2024-02-28,True,False,False,False,True
user_06794,2024-01-24,True,False,False,False,True
user_06795,2024-02-18,True,False,False,False,True
user_06796,2024-02-12,True,True,True,True,False
user_06797,2024-02-23,False,False,False,False,True
user_06798,2024-01-04,True,True,True,True,False
user_06799,2024-01-10,True,True,True,False,True
user_06800,2024-01-10,True,False,False,False,True
user_06801,2024-02-22,True,False,False,False,True
user_06802,2024-02-01,False,False,False,False,True
user_06803,2024-01-19,True,True,True,False,True
user_06804,2024-01-10,True,True,False,False,True
user_06805,2024-01-09,True,True,False,False,True
user_06806,2024-01-20,False,False,False,False,True
user_06807,2024-02-14,False,False,False,False,True
user_06808,2024-01-12,True,True,False,False,True
user_06809,2024-01-04,True,False,False,False,True
user_06810,2024-02-16,True,True,False,False,True
user_06811,2024-01-20,True,True,False,False,True
user_06812,2024-02-19,True,False,False,False,True
user_06813,2024-02-13,True,False,False,False,True
user_06814,2024-01-14,True,True,False,False,True
user_06815,2024-01-19,False,False,False,False,True
user_06816,2024-01-27,True,True,True,False,True
user_06817,2024-02-25,True,True,False,False,True
user_06818,2024-02-06,True,False,False,False,True
user_06819,2024-01-12,True,False,False,False,True
user_06820,2024-02-23,False,False,False,False,True
user_06821,2024-01-01,False,False,False,False,True
user_06822,2024-02-27,False,False,False,False,True
user_06823,2024-01-04,True,False,False,False,True
user_06824,2024-02-15,True,True,True,True,False
user_06825,2024-01-07,True,True,False,False,True
user_06826,2024-02-07,False,False,False,False,True
user_06827,2024-02-14,True,False,False,False,True
user_06828,2024-01-25,True,True,False,False,True
user_06829,2024-01-14,True,False,False,False,True
user_06830,2024-01-07,True,True,True,False,True
user_06831,2024-02-14,True,True,False,False,True
user_06832,2024-01-08,True,True,False,False,True
user_06833,2024-02-06,False,False,False,False,True
user_06834,2024-02-01,True,False,False,False,True
user_06835,2024-01-07,False,False,False,False,True
user_06836,2024-02-03,True,True,True,False,True
user_06837,2024-02-09,True,True,False,False,True
user_06838,2024-01-02,False,False,False,False,True
user_06839,2024-01-16,True,True,True,True,False
user_06840,2024-01-05,False,False,False,False,True
user_06841,2024-01-29,True,False,False,False,True
user_06842,2024-01-03,True,True,False,False,True
user_06843,2024-01-30,True,True,True,False,True
user_06844,2024-02-10,True,True,False,False,True
user_06845,2024-02-19,False,False,False,False,True
user_06846,2024-01-01,True,True,True,True,False
user_06847,2024-01-21,True,False,False,False,True
user_06848,2024-01-31,False,False,False,False,True
user_06849,2024-01-14,True,False,False,False,True
user_06850,2024-02-24,True,True,True,False,True
user_06851,2024-02-04,True,False,False,False,True
user_06852,2024-02-15,True,True,False,False,True
user_06853,2024-01-29,True,True,False,False,True
user_06854,2024-02-24,True,False,False,False,True
user_06855,2024-01-29,True,True,False,False,True
user_06856,2024-02-03,True,False,False,False,True
user_06857,2024-01-18,True,False,False,False,True
user_06858,2024-02-05,True,True,True,True,False
user_06859,2024-02-01,True,True,False,False,True
user_06860,2024-01-23,False,False,False,False,True
user_06861,2024-02-21,True,True,False,False,True
user_06862,2024-02-06,True,True,False,False,True
user_06863,2024-02-29,True,True,False,False,True
user_06864,2024-01-14,True,True,True,True,False
user_06865,2024-02-29,True,False,False,False,True
user_06866,2024-01-06,False,False,False,False,True
user_06867,2024-02-07,True,True,False,False,True
user_06868,2024-01-29,True,True,True,False,True
user_06869,2024-01-15,True,False,False,False,True
user_06870,2024-01-07,True,True,True,False,True
user_06871,2024-01-05,False,False,False,False,True
user_06872,2024-02-18,True,False,False,False,True
user_06873,2024-02-11,True,False,False,False,True
user_06874,2024-01-19,False,False,False,False,True
user_06875,2024-02-11,True,False,False,False,True
user_06876,2024-02-08,False,False,False,False,True
user_06877,2024-02-23,True,False,False,False,True
user_06878,2024-02-07,True,True,False,False,True
user_06879,2024-02-29,True,True,False,False,True
user_06880,2024-02-14,True,True,True,True,False
user_06881,2024-01-20,True,False,False,False,True
user_06882,2024-01-22,True,True,True,False,True
user_06883,2024-01-21,True,False,False,False,True
user_06884,2024-01-21,True,True,True,True,False
user_06885,2024-02-14,False,False,False,False,True
user_06886,2024-01-13,True,False,False,False,True
user_06887,2024-02-06,False,False,False,False,True
user_06888,2024-01-24,False,False,False,False,True
user_06889,2024-02-11,False,False,False,False,True
user_06890,2024-01-29,False,False,False,False,True
user_06891,2024-01-07,False,False,False,False,True
user_06892,2024-01-15,True,False,False,False,True
user_06893,2024-02-19,True,True,True,False,True
user_06894,2024-02-24,True,True,True,False,True
user_06895,2024-01-20,True,False,False,False,True
user_06896,2024-01-02,True,True,True,False,True
user_06897,2024-02-29,True,True,False,False,True
user_06898,2024-02-15,True,False,False,False,True
user_06899,2024-02-06,False,False,False,False,True
user_06900,2024-01-04,True,True,False,False,True
user_06901,2024-02-29,True,True,False,False,True
user_06902,2024-01-17,True,False,False,False,True
user_06903,2024-01-19,True,True,True,True,False
user_06904,2024-02-29,True,False,False,False,True
user_06905,2024-01-06,True,True,True,False,True
user_06906,2024-01-15,False,False,False,False,True
user_06907,2024-02-13,False,False,False,False,True
user_06908,2024-01-11,True,False,False,False,True
user_06909,2024-02-29,True,True,True,False,True
user_06910,2024-01-09,True,True,True,True,False
user_06911,2024-01-07,False,False,False,False,True
user_06912,2024-01-07,True,True,False,False,True
user_06913,2024-01-19,True,False,False,False,True
user_06914,2024-01-24,True,True,False,False,True
user_06915,2024-01-15,True,True,False,False,True
user_06916,2024-01-02,True,True,False,False,True
user_06917,2024-01-18,True,True,True,True,False
user_06918,2024-01-29,False,False,False,False,True
user_06919,2024-01-16,True,False,False,False,True
user_06920,2024-02-09,True,True,True,False,True
user_06921,2024-01-27,False,False,False,False,True
user_06922,2024-02-03,False,False,False,False,True
user_06923,2024-01-11,True,True,True,False,True
user_06924,2024-02-16,True,False,False,False,True
user_06925,2024-01-11,True,False,False,False,True
user_06926,2024-01-07,True,True,False,False,True
user_06927,2024-01-12,True,True,False,False,True
user_06928,2024-02-07,True,True,True,True,False
user_06929,2024-01-01,True,True,True,False,True
user_06930,2024-01-14,True,True,False,False,True
user_06931,2024-01-14,True,False,False,False,True
user_06932,2024-01-03,False,False,False,False,True
user_06933,2024-02-05,False,False,False,False,True
user_06934,2024-02-15,True,True,False,False,True
user_06935,2024-02-22,True,False,False,False,True
user_06936,2024-02-10,True,True,False,False,True
user_06937,2024-02-27,True,True,False,False,True
user_06938,2024-02-08,False,False,False,False,True
user_06939,2024-01-02,True,False,False,False,True
user_06940,2024-01-11,True,True,False,False,True
user_06941,2024-02-15,True,True,True,False,True
user_06942,2024-01-23,True,True,True,True,False
user_06943,2024-01-04,True,True,True,False,True
user_06944,2024-01-16,True,False,False,False,True
user_06945,2024-02-26,True,True,False,False,True
user_06946,2024-02-15,False,False,False,False,True
user_06947,2024-01-11,False,False,False,False,True
user_06948,2024-02-27,True,True,True,False,True
user_06949,2024-01-19,False,False,False,False,True
user_06950,2024-01-14,True,False,False,False,True
user_06951,2024-01-08,True,True,False,False,True
user_06952,2024-02-02,True,False,False,False,True
user_06953,2024-01-26,True,True,True,False,True
user_06954,2024-02-06,True,False,False,False,True
user_06955,2024-01-21,False,False,False,False,True
user_06956,2024-02-10,True,False,False,False,True
user_06957,2024-02-16,True,False,False,False,True
user_06958,2024-02-18,True,True,False,False,True
user_06959,2024-02-20,True,True,True,False,True
user_06960,2024-01-23,True,True,True,False,True
user_06961,2024-02-01,True,False,False,False,True
user_06962,2024-01-04,True,False,False,False,True
user_06963,2024-02-05,True,False,False,False,True
user_06964,2024-01-07,False,False,False,False,True
user_06965,2024-01-02,False,False,False,False,True
user_06966,2024-01-21,True,True,True,False,True
user_06967,2024-02-10,False,False,False,False,True
user_06968,2024-02-04,True,True,False,False,True
user_06969,2024-01-20,True,False,False,False,True
user_06970,2024-01-21,False,False,False,False,True
user_06971,2024-02-10,True,False,False,False,True
user_06972,2024-01-08,True,True,False,False,True
user_06973,2024-01-06,True,True,True,True,False
user_06974,2024-02-16,True,True,False,False,True
user_06975,2024-02-08,True,True,False,False,True
user_06976,2024-01-30,False,False,False,False,True
user_06977,2024-01-23,True,True,False,False,True
user_06978,2024-01-04,True,False,False,False,True
user_06979,2024-02-02,True,True,True,True,False
user_06980,2024-02-27,True,False,False,False,True
user_06981,2024-01-03,True,False,False,False,True
user_06982,2024-01-20,True,True,True,False,True
user_06983,2024-01-06,True,True,True,True,False
user_06984,2024-02-13,True,True,False,False,True
user_06985,2024-01-05,True,False,False,False,True
user_06986,2024-01-24,True,False,False,False,True
user_06987,2024-02-08,True,False,False,False,True
user_06988,2024-02-21,True,True,True,False,True
user_06989,2024-01-02,True,True,True,False,True
user_06990,2024-02-15,False,False,False,False,True
user_06991,2024-01-03,True,False,False,False,True
user_06992,2024-01-03,True,True,True,False,True
user_06993,2024-01-29,True,True,False,False,True
user_06994,2024-01-29,False,False,False,False,True
user_06995,2024-01-01,False,False,False,False,True
user_06996,2024-02-13,False,False,False,False,True
user_06997,2024-02-14,True,False,False,False,True
user_06998,2024-01-24,True,False,False,False,True
user_06999,2024-02-18,True,True,True,False,True
user_07000,2024-02-10,True,True,True,False,True
user_07001,2024-01-21,True,True,False,False,True
user_07002,2024-02-16,True,False,False,False,True
user_07003,2024-01-23,True,False,False,False,True
user_07004,2024-01-11,True,True,True,True,False
user_07005,2024-02-08,True,True,False,False,True
user_07006,2024-02-27,True,True,False,False,True
user_07007,2024-01-30,True,False,False,False,True
user_07008,2024-01-11,False,False,False,False,True
user_07009,2024-01-29,True,True,True,False,True
user_07010,2024-02-09,True,False,False,False,True
user_07011,2024-02-01,True,True,True,False,True
user_07012,2024-01-25,True,False,False,False,True
user_07013,2024-02-24,False,False,False,False,True
user_07014,2024-01-30,True,True,False,False,True
user_07015,2024-01-21,True,False,False,False,True
user_07016,2024-02-19,True,False,False,False,True
user_07017,2024-02-09,True,False,False,False,True
user_07018,2024-02-03,True,False,False,False,True
user_07019,2024-01-28,True,True,True,False,True
user_07020,2024-01-01,True,True,False,False,True
user_07021,2024-01-22,False,False,False,False,True
user_07022,2024-02-05,True,True,False,False,True
user_07023,2024-01-12,True,False,False,False,True
user_07024,2024-02-19,False,False,False,False,True
user_07025,2024-02-14,True,True,False,False,True
user_07026,2024-01-26,True,False,False,False,True
user_07027,2024-01-31,True,False,False,False,True
user_07028,2024-01-17,True,False,False,False,True
user_07029,2024-02-27,True,True,False,False,True
user_07030,2024-02-28,True,True,False,False,True
user_07031,2024-01-31,True,False,False,False,True
user_07032,2024-02-22,True,True,False,False,True
user_07033,2024-01-08,False,False,False,False,True
user_07034,2024-01-21,False,False,False,False,True
user_07035,2024-02-23,True,True,False,False,True
user_07036,2024-02-29,True,True,False,False,True
user_07037,2024-01-17,True,True,True,True,False
user_07038,2024-02-28,True,False,False,False,True
user_07039,2024-02-02,True,True,True,False,True
user_07040,2024-01-28,True,True,False,False,True
user_07041,2024-01-04,False,False,False,False,True
user_07042,2024-02-10,True,False,False,False,True
user_07043,2024-02-27,True,True,True,False,True
user_07044,2024-01-22,True,True,True,True,False
user_07045,2024-02-08,True,False,False,False,True
user_07046,2024-02-18,True,True,True,True,False
user_07047,2024-01-03,True,True,True,False,True
user_07048,2024-02-06,False,False,False,False,True
user_07049,2024-01-13,True,True,True,False,True
user_07050,2024-01-31,True,True,True,False,True
user_07051,2024-02-09,False,False,False,False,True
user_07052,2024-01-25,True,True,False,False,True
user_07053,2024-02-13,True,False,False,False,True
user_07054,2024-01-18,True,True,True,False,True
user_07055,2024-01-09,True,False,False,False,True
user_07056,2024-02-19,True,False,False,False,True
user_07057,2024-01-16,False,False,False,False,True
user_07058,2024-02-25,False,False,False,False,True
user_07059,2024-01-04,True,False,False,False,True
user_07060,2024-01-11,True,True,True,False,True
user_07061,2024-01-28,True,True,True,False,True
user_07062,2024-01-21,False,False,False,False,True
user_07063,2024-02-27,True,True,True,True,False
user_07064,2024-01-04,True,True,True,True,False
user_07065,2024-01-25,True,False,False,False,True
user_07066,2024-01-12,True,True,False,False,True
user_07067,2024-02-04,True,False,False,False,True
user_07068,2024-01-10,True,True,False,False,True
user_07069,2024-01-19,True,True,True,True,False
user_07070,2024-02-05,True,True,False,False,True
user_07071,2024-01-15,True,True,True,False,True
user_07072,2024-02-27,True,False,False,False,True
user_07073,2024-02-06,True,True,False,False,True
user_07074,2024-02-13,True,True,False,False,True
user_07075,2024-01-30,True,True,False,False,True
user_07076,2024-02-24,True,True,True,False,True
user_07077,2024-01-10,False,False,False,False,True
user_07078,2024-02-18,False,False,False,False,True
user_07079,2024-02-29,True,False,False,False,True
user_07080,2024-01-17,True,False,False,False,True
user_07081,2024-01-15,True,False,False,False,True
user_07082,2024-02-02,False,False,False,False,True
user_07083,2024-02-05,True,True,False,False,True
user_07084,2024-01-13,True,False,False,False,True
user_07085,2024-02-29,True,True,False,False,True
user_07086,2024-02-02,True,False,False,False,True
user_07087,2024-01-15,True,True,False,False,True
user_07088,2024-01-20,True,True,True,False,True
user_07089,2024-01-04,True,False,False,False,True
user_07090,2024-01-30,False,False,False,False,True
user_07091,2024-01-18,True,True,False,False,True
user_07092,2024-01-04,True,False,False,False,True
user_07093,2024-02-13,True,True,False,False,True
user_07094,2024-02-13,True,True,True,False,True
user_07095,2024-02-16,False,False,False,False,True
user_07096,2024-01-03,True,True,False,False,True
user_07097,2024-01-03,True,True,False,False,True
user_07098,2024-01-25,True,True,False,False,True
user_07099,2024-02-13,True,True,False,False,True
user_07100,2024-01-19,False,False,False,False,True
user_07101,2024-01-04,True,True,True,False,True
user_07102,2024-02-08,True,True,True,True,False
user_07103,2024-01-15,True,False,False,False,True
user_07104,2024-01-15,True,False,False,False,True
user_07105,2024-02-05,True,False,False,False,True
user_07106,2024-01-07,True,True,False,False,True
user_07107,2024-02-20,True,False,False,False,True
user_07108,2024-01-01,True,False,False,False,True
user_07109,2024-01-05,True,True,False,False,True
user_07110,2024-01-10,True,True,False,False,True
user_07111,2024-01-12,False,False,False,False,True
user_07112,2024-01-01,True,True,True,True,False
user_07113,2024-01-01,True,True,True,False,True
user_07114,2024-02-22,True,False,False,False,True
user_07115,2024-02-02,True,True,False,False,True
user_07116,2024-01-04,True,False,False,False,True
user_07117,2024-02-05,True,True,False,False,True
user_07118,2024-02-04,True,False,False,False,True
user_07119,2024-01-01,True,True,False,False,True
user_07120,2024-01-19,True,True,False,False,True
user_07121,2024-01-06,True,True,False,False,True
user_07122,2024-01-29,True,False,False,False,True
user_07123,2024-02-17,True,False,False,False,True
user_07124,2024-01-26,True,True,True,True,False
user_07125,2024-01-20,True,False,False,False,True
user_07126,2024-02-06,True,True,True,False,True
user_07127,2024-01-12,True,True,False,False,True
user_07128,2024-01-29,True,True,True,True,False
user_07129,2024-02-24,True,False,False,False,True
user_07130,2024-02-05,True,False,False,False,True
user_07131,2024-02-23,True,False,False,False,True
user_07132,2024-01-19,True,True,False,False,True
user_07133,2024-01-20,False,False,False,False,True
user_07134,2024-01-16,True,False,False,False,True
user_07135,2024-02-29,True,False,False,False,True
user_07136,2024-02-06,False,False,False,False,True
user_07137,2024-02-14,True,True,False,False,True
user_07138,2024-01-04,True,True,False,False,True
user_07139,2024-02-17,False,False,False,False,True
user_07140,2024-02-15,True,False,False,False,True
user_07141,2024-02-03,True,True,True,False,True
user_07142,2024-02-10,False,False,False,False,True
user_07143,2024-01-06,False,False,False,False,True
user_07144,2024-02-19,True,True,True,True,False
user_07145,2024-02-11,True,False,False,False,True
user_07146,2024-01-12,True,True,True,False,True
user_07147,2024-02-18,True,False,False,False,True
user_07148,2024-01-17,True,True,False,False,True
user_07149,2024-02-13,True,True,True,False,True
user_07150,2024-01-03,False,False,False,False,True
user_07151,2024-01-21,False,False,False,False,True
user_07152,2024-02-17,True,True,True,False,True
user_07153,2024-02-22,True,True,True,True,False
user_07154,2024-02-10,True,True,True,False,True
user_07155,2024-01-11,True,True,True,True,False
user_07156,2024-01-17,False,False,False,False,True
user_07157,2024-02-24,True,False,False,False,True
user_07158,2024-01-27,True,True,False,False,True
user_07159,2024-01-18,False,False,False,False,True
user_07160,2024-01-20,True,False,False,False,True
user_07161,2024-02-08,False,False,False,False,True
user_07162,2024-02-16,True,False,False,False,True
user_07163,2024-02-28,True,True,True,False,True
user_07164,2024-02-29,True,False,False,False,True
user_07165,2024-01-19,False,False,False,False,True
user_07166,2024-01-15,True,True,True,True,False
user_07167,2024-01-29,True,True,True,True,False
user_07168,2024-02-18,True,False,False,False,True
user_07169,2024-02-05,True,True,True,False,True
user_07170,2024-02-01,True,False,False,False,True
user_07171,2024-01-06,True,True,True,False,True
user_07172,2024-01-22,True,False,False,False,True
user_07173,2024-02-18,True,False,False,False,True
user_07174,2024-02-21,True,False,False,False,True
user_07175,2024-02-08,True,False,False,False,True
user_07176,2024-02-07,True,False,False,False,True
user_07177,2024-02-26,True,False,False,False,True
user_07178,2024-02-14,False,False,False,False,True
user_07179,2024-02-17,True,True,False,False,True
user_07180,2024-01-09,True,False,False,False,True
user_07181,2024-01-12,False,False,False,False,True
user_07182,2024-02-15,True,True,False,False,True
user_07183,2024-01-27,True,False,False,False,True
user_07184,2024-02-24,True,True,False,False,True
user_07185,2024-01-31,False,False,False,False,True
user_07186,2024-01-19,True,True,True,False,True
user_07187,2024-02-27,True,True,True,False,True
user_07188,2024-01-31,True,True,False,False,True
user_07189,2024-01-02,False,False,False,False,True
user_07190,2024-02-29,True,False,False,False,True
user_07191,2024-01-20,True,True,True,True,False
user_07192,2024-01-20,True,True,False,False,True
user_07193,2024-01-16,False,False,False,False,True
user_07194,2024-01-01,False,False,False,False,True
user_07195,2024-02-18,False,False,False,False,True
user_07196,2024-01-25,True,True,False,False,True
user_07197,2024-02-08,True,True,False,False,True
user_07198,2024-01-20,True,False,False,False,True
user_07199,2024-02-01,True,False,False,False,True
user_07200,2024-02-28,False,False,False,False,True
user_07201,2024-01-30,False,False,False,False,True
user_07202,2024-02-27,True,True,True,False,True
user_07203,2024-02-03,True,False,False,False,True
user_07204,2024-01-02,True,False,False,False,True
user_07205,2024-02-27,True,True,False,False,True
user_07206,2024-02-26,True,False,False,False,True
user_07207,2024-02-28,True,False,False,False,True
user_07208,2024-02-29,True,True,True,False,True
user_07209,2024-01-05,True,True,True,True,False
user_07210,2024-01-28,True,False,False,False,True
user_07211,2024-01-21,True,False,False,False,True
user_07212,2024-02-28,True,False,False,False,True
user_07213,2024-01-12,False,False,False,False,True
user_07214,2024-01-07,False,False,False,False,True
user_07215,2024-01-11,False,False,False,False,True
user_07216,2024-01-12,True,True,False,False,True
user_07217,2024-02-11,True,False,False,False,True
user_07218,2024-02-05,True,True,True,True,False
user_07219,2024-02-02,True,False,False,False,True
user_07220,2024-02-02,True,False,False,False,True
user_07221,2024-01-23,True,True,True,False,True
user_07222,2024-02-16,False,False,False,False,True
user_07223,2024-01-16,True,False,False,False,True
user_07224,2024-01-20,True,True,True,False,True
user_07225,2024-02-12,True,True,True,False,True
user_07226,2024-02-18,True,False,False,False,True
user_07227,2024-02-06,False,False,False,False,True
user_07228,2024-01-24,True,True,False,False,True
user_07229,2024-02-19,False,False,False,False,True
user_07230,2024-01-26,True,False,False,False,True
user_07231,2024-02-18,False,False,False,False,True
user_07232,2024-02-15,True,True,True,False,True
user_07233,2024-01-09,True,False,False,False,True
user_07234,2024-02-05,True,True,True,False,True
user_07235,2024-01-30,True,True,True,True,False
user_07236,2024-02-27,True,True,False,False,True
user_07237,2024-02-09,True,True,False,False,True
user_07238,2024-01-19,True,False,False,False,True
user_07239,2024-01-02,True,False,False,False,True
user_07240,2024-02-05,True,False,False,False,True
user_07241,2024-01-21,True,True,True,True,False
user_07242,2024-02-22,True,True,False,False,True
user_07243,2024-01-30,True,True,True,True,False
user_07244,2024-01-10,False,False,False,False,True
user_07245,2024-01-13,True,False,False,False,True
user_07246,2024-01-15,True,True,True,True,False
user_07247,2024-02-02,True,False,False,False,True
user_07248,2024-01-02,True,True,False,False,True
user_07249,2024-02-21,False,False,False,False,True
user_07250,2024-01-15,True,False,False,False,True
user_07251,2024-01-26,False,False,False,False,True
user_07252,2024-01-24,True,False,False,False,True
user_07253,2024-01-13,False,False,False,False,True
user_07254,2024-02-19,True,True,True,True,False
user_07255,2024-01-10,True,False,False,False,True
user_07256,2024-01-03,True,True,True,False,True
user_07257,2024-02-04,True,True,False,False,True
user_07258,2024-02-27,True,True,True,False,True
user_07259,2024-01-30,True,True,False,False,True
user_07260,2024-02-21,True,False,False,False,True
user_07261,2024-02-26,False,False,False,False,True
user_07262,2024-02-10,True,False,False,False,True
user_07263,2024-01-26,True,True,True,True,False
user_07264,2024-01-25,True,False,False,False,True
user_07265,2024-02-13,True,True,True,False,True
user_07266,2024-02-20,True,False,False,False,True
user_07267,2024-01-05,True,False,False,False,True
user_07268,2024-02-05,True,False,False,False,True
user_07269,2024-01-01,True,False,False,False,True
user_07270,2024-01-23,True,True,True,False,True
user_07271,2024-01-13,True,False,False,False,True
user_07272,2024-02-12,True,True,True,True,False
user_07273,2024-02-01,True,True,True,False,True
user_07274,2024-01-23,True,False,False,False,True
user_07275,2024-02-13,True,True,True,False,True
user_07276,2024-01-09,True,False,False,False,True
user_07277,2024-02-21,True,True,False,False,True
user_07278,2024-02-14,True,False,False,False,True
user_07279,2024-02-15,True,True,True,False,True
user_07280,2024-01-12,True,True,True,False,True
user_07281,2024-02-27,False,False,False,False,True
user_07282,2024-02-22,False,False,False,False,True
user_07283,2024-02-15,True,False,False,False,True
user_07284,2024-02-11,True,True,False,False,True
user_07285,2024-01-22,False,False,False,False,True
user_07286,2024-01-11,True,True,False,False,True
user_07287,2024-02-24,True,True,False,False,True
user_07288,2024-01-14,True,True,False,False,True
user_07289,2024-02-21,True,True,False,False,True
user_07290,2024-01-01,False,False,False,False,True
user_07291,2024-02-18,True,False,False,False,True
user_07292,2024-02-21,True,True,False,False,True
user_07293,2024-01-20,True,True,False,False,True
user_07294,2024-01-11,True,True,True,False,True
user_07295,2024-02-29,True,True,False,False,True
user_07296,2024-02-21,True,False,False,False,True
user_07297,2024-02-07,False,False,False,False,True
user_07298,2024-01-15,True,False,False,False,True
user_07299,2024-01-13,False,False,False,False,True
user_07300,2024-02-27,True,True,False,False,True
user_07301,2024-01-24,False,False,False,False,True
user_07302,2024-02-01,True,True,False,False,True
user_07303,2024-01-28,True,True,True,False,True
user_07304,2024-01-22,True,False,False,False,True
user_07305,2024-01-09,False,False,False,False,True
user_07306,2024-02-18,False,False,False,False,True
user_07307,2024-02-18,True,True,True,False,True
user_07308,2024-02-19,True,True,False,False,True
user_07309,2024-02-28,True,True,False,False,True
user_07310,2024-01-24,True,True,False,False,True
user_07311,2024-01-22,False,False,False,False,True
user_07312,2024-02-11,False,False,False,False,True
user_07313,2024-01-18,False,False,False,False,True
user_07314,2024-01-28,True,False,False,False,True
user_07315,2024-02-05,True,False,False,False,True
user_07316,2024-02-22,True,False,False,False,True
user_07317,2024-01-15,True,False,False,False,True
user_07318,2024-02-28,False,False,False,False,True
user_07319,2024-01-22,True,True,False,False,True
user_07320,2024-01-01,True,False,False,False,True
user_07321,2024-02-06,True,True,True,False,True
user_07322,2024-01-21,True,True,True,True,False
user_07323,2024-02-04,True,True,True,True,False
user_07324,2024-01-14,True,False,False,False,True
user_07325,2024-01-20,True,True,False,False,True
user_07326,2024-02-22,True,False,False,False,True
user_07327,2024-02-13,False,False,False,False,True
user_07328,2024-02-23,True,False,False,False,True
user_07329,2024-01-04,True,True,True,False,True
user_07330,2024-01-08,True,True,True,False,True
user_07331,2024-02-07,False,False,False,False,True
user_07332,2024-01-31,True,True,False,False,True
user_07333,2024-01-09,True,True,False,False,True
user_07334,2024-01-24,True,False,False,False,True
user_07335,2024-01-20,True,True,False,False,True
user_07336,2024-02-22,True,False,False,False,True
user_07337,2024-02-21,True,True,True,False,True
user_07338,2024-02-03,True,True,True,True,False
user_07339,2024-02-04,True,True,False,False,True
user_07340,2024-01-11,False,False,False,False,True
user_07341,2024-02-24,True,True,True,True,False
user_07342,2024-02-20,True,False,False,False,True
user_07343,2024-02-09,False,False,False,False,True
user_07344,2024-01-21,False,False,False,False,True
user_07345,2024-02-15,True,True,True,False,True
user_07346,2024-01-26,True,False,False,False,True
user_07347,2024-01-25,True,False,False,False,True
user_07348,2024-01-03,True,True,False,False,True
user_07349,2024-01-07,True,False,False,False,True
user_07350,2024-01-08,True,False,False,False,True
user_07351,2024-02-29,False,False,False,False,True
user_07352,2024-02-15,True,False,False,False,True
user_07353,2024-01-22,True,False,False,False,True
user_07354,2024-02-13,True,True,False,False,True
user_07355,2024-02-13,True,True,True,False,True
user_07356,2024-01-07,True,True,False,False,True
user_07357,2024-02-06,True,False,False,False,True
user_07358,2024-01-28,False,False,False,False,True
user_07359,2024-01-18,True,True,True,False,True
user_07360,2024-02-20,True,True,True,False,True
user_07361,2024-01-27,True,False,False,False,True
user_07362,2024-01-02,True,False,False,False,True
user_07363,2024-01-23,True,True,True,True,False
user_07364,2024-02-02,True,False,False,False,True
user_07365,2024-01-14,False,False,False,False,True
user_07366,2024-02-01,False,False,False,False,True
user_07367,2024-01-26,False,False,False,False,True
user_07368,2024-01-23,True,True,False,False,True
user_07369,2024-02-23,True,False,False,False,True
user_07370,2024-01-07,True,False,False,False,True
user_07371,2024-02-18,False,False,False,False,True
user_07372,2024-02-10,True,False,False,False,True
user_07373,2024-02-13,True,True,True,False,True
user_07374,2024-02-07,False,False,False,False,True
user_07375,2024-02-04,True,True,False,False,True
user_07376,2024-01-20,True,True,False,False,True
user_07377,2024-02-05,False,False,False,False,True
user_07378,2024-02-04,True,False,False,False,True
user_07379,2024-01-21,True,True,True,False,True
user_07380,2024-02-09,True,False,False,False,True
user_07381,2024-01-23,True,True,True,True,False
user_07382,2024-01-03,False,False,False,False,True
user_07383,2024-01-03,True,True,False,False,True
user_07384,2024-01-20,True,True,True,False,True
user_07385,2024-02-04,True,True,False,False,True
user_07386,2024-02-27,True,True,True,False,True
user_07387,2024-01-24,True,False,False,False,True
user_07388,2024-01-27,False,False,False,False,True
user_07389,2024-01-26,True,True,False,False,True
user_07390,2024-02-09,False,False,False,False,True
user_07391,2024-02-18,True,True,True,True,False
user_07392,2024-01-24,True,True,False,False,True
user_07393,2024-02-11,True,True,True,False,True
user_07394,2024-01-15,True,False,False,False,True
user_07395,2024-01-28,True,True,True,True,False
user_07396,2024-02-01,True,True,False,False,True
user_07397,2024-02-06,True,True,True,True,False
user_07398,2024-02-09,False,False,False,False,True
user_07399,2024-01-23,True,True,False,False,True
user_07400,2024-02-28,True,True,True,False,True
user_07401,2024-01-07,True,True,False,False,True
user_07402,2024-02-16,True,False,False,False,True
user_07403,2024-01-31,True,False,False,False,True
user_07404,2024-01-23,True,True,False,False,True
user_07405,2024-01-08,True,True,False,False,True
user_07406,2024-02-18,True,True,True,False,True
user_07407,2024-01-03,True,False,False,False,True
user_07408,2024-02-05,False,False,False,False,True
user_07409,2024-02-23,True,False,False,False,True
user_07410,2024-01-03,True,True,False,False,True
user_07411,2024-01-17,True,True,True,False,True
user_07412,2024-02-13,True,False,False,False,True
user_07413,2024-02-18,True,False,False,False,True
user_07414,2024-02-09,True,False,False,False,True
user_07415,2024-01-24,True,False,False,False,True
user_07416,2024-01-24,True,False,False,False,True
user_07417,2024-02-19,True,False,False,False,True
user_07418,2024-01-01,True,True,False,False,True
user_07419,2024-02-06,False,False,False,False,True
user_07420,2024-01-23,True,True,True,True,False
user_07421,2024-02-02,True,False,False,False,True
user_07422,2024-01-06,True,True,False,False,True
user_07423,2024-01-18,True,True,True,True,False
user_07424,2024-01-23,True,True,True,False,True
user_07425,2024-02-18,True,True,True,True,False
user_07426,2024-01-23,False,False,False,False,True
user_07427,2024-01-11,True,True,False,False,True
user_07428,2024-01-14,True,True,False,False,True
user_07429,2024-01-23,True,True,True,False,True
user_07430,2024-01-23,True,True,False,False,True
user_07431,2024-02-09,True,True,False,False,True
user_07432,2024-02-14,False,False,False,False,True
user_07433,2024-02-07,True,False,False,False,True
user_07434,2024-02-24,True,True,True,True,False
user_07435,2024-01-22,True,False,False,False,True
user_07436,2024-01-20,False,False,False,False,True
user_07437,2024-02-13,False,False,False,False,True
user_07438,2024-01-10,True,False,False,False,True
user_07439,2024-02-29,True,True,True,False,True
user_07440,2024-02-18,False,False,False,False,True
user_07441,2024-02-11,True,False,False,False,True
user_07442,2024-01-22,True,True,True,False,True
user_07443,2024-01-24,True,True,True,False,True
user_07444,2024-01-15,True,False,False,False,True
user_07445,2024-02-28,True,True,True,True,False
user_07446,2024-01-04,True,True,False,False,True
user_07447,2024-01-28,False,False,False,False,True
user_07448,2024-02-18,True,True,True,False,True
user_07449,2024-02-13,True,False,False,False,True
user_07450,2024-01-08,True,False,False,False,True
user_07451,2024-01-28,True,True,False,False,True
user_07452,2024-01-16,True,False,False,False,True
user_07453,2024-02-20,True,False,False,False,True
user_07454,2024-02-09,True,True,False,False,True
user_07455,2024-02-22,True,True,False,False,True
user_07456,2024-02-06,True,False,False,False,True
user_07457,2024-01-21,True,True,True,False,True
user_07458,2024-01-10,True,True,False,False,True
user_07459,2024-01-25,True,False,False,False,True
user_07460,2024-01-25,False,False,False,False,True
user_07461,2024-02-23,True,True,False,False,True
user_07462,2024-01-15,True,False,False,False,True
user_07463,2024-01-22,False,False,False,False,True
user_07464,2024-02-24,True,True,True,True,False
user_07465,2024-02-17,False,False,False,False,True
user_07466,2024-01-18,True,False,False,False,True
user_07467,2024-01-15,True,False,False,False,True
user_07468,2024-02-17,True,True,True,True,False
user_07469,2024-01-22,True,False,False,False,True
user_07470,2024-01-05,True,True,False,False,True
user_07471,2024-02-24,True,False,False,False,True
user_07472,2024-02-16,True,True,True,True,False
user_07473,2024-02-28,True,False,False,False,True
user_07474,2024-01-24,True,False,False,False,True
user_07475,2024-01-21,True,False,False,False,True
user_07476,2024-02-13,True,True,True,True,False
user_07477,2024-01-09,True,False,False,False,True
user_07478,2024-02-15,True,False,False,False,True
user_07479,2024-02-07,True,False,False,False,True
user_07480,2024-01-17,False,False,False,False,True
user_07481,2024-01-22,True,True,False,False,True
user_07482,2024-02-24,False,False,False,False,True
user_07483,2024-01-14,True,False,False,False,True
user_07484,2024-01-07,True,False,False,False,True
user_07485,2024-02-28,True,True,True,False,True
user_07486,2024-01-19,False,False,False,False,True
user_07487,2024-02-19,False,False,False,False,True
user_07488,2024-02-08,True,False,False,False,True
user_07489,2024-02-21,True,True,False,False,True
user_07490,2024-01-21,True,True,False,False,True
user_07491,2024-02-12,False,False,False,False,True
user_07492,2024-01-06,True,False,False,False,True
user_07493,2024-01-30,True,True,False,False,True
user_07494,2024-01-13,False,False,False,False,True
user_07495,2024-01-30,True,True,False,False,True
user_07496,2024-01-15,True,False,False,False,True
user_07497,2024-02-27,True,True,False,False,True
user_07498,2024-01-21,False,False,False,False,True
user_07499,2024-01-18,True,True,False,False,True
user_07500,2024-01-15,True,True,True,False,True
user_07501,2024-02-09,False,False,False,False,True
user_07502,2024-02-26,True,False,False,False,True
user_07503,2024-01-11,False,False,False,False,True
user_07504,2024-01-30,True,False,False,False,True
user_07505,2024-02-22,False,False,False,False,True
user_07506,2024-02-25,True,True,True,False,True
user_07507,2024-02-11,False,False,False,False,True
user_07508,2024-01-16,True,True,True,False,True
user_07509,2024-02-16,True,True,False,False,True
user_07510,2024-02-03,False,False,False,False,True
user_07511,2024-02-14,False,False,False,False,True
user_07512,2024-02-13,True,True,False,False,True
user_07513,2024-01-06,True,False,False,False,True
user_07514,2024-02-22,False,False,False,False,True
user_07515,2024-02-22,False,False,False,False,True
user_07516,2024-01-10,True,False,False,False,True
user_07517,2024-01-04,False,False,False,False,True
user_07518,2024-01-07,False,False,False,False,True
user_07519,2024-02-20,True,False,False,False,True
user_07520,2024-02-01,True,True,True,False,True
user_07521,2024-02-03,False,False,False,False,True
user_07522,2024-02-20,True,True,True,True,False
user_07523,2024-02-17,False,False,False,False,True
user_07524,2024-02-27,True,True,False,False,True
user_07525,2024-02-19,True,True,False,False,True
user_07526,2024-02-07,True,True,False,False,True
user_07527,2024-01-02,True,True,True,True,False
user_07528,2024-02-21,True,True,True,False,True
user_07529,2024-01-31,True,True,True,True,False
user_07530,2024-01-19,True,True,True,False,True
user_07531,2024-02-10,False,False,False,False,True
user_07532,2024-01-15,True,True,True,True,False
user_07533,2024-02-28,True,True,True,True,False
user_07534,2024-01-04,True,True,False,False,True
user_07535,2024-02-28,True,True,False,False,True
user_07536,2024-01-31,True,True,True,False,True
user_07537,2024-02-20,False,False,False,False,True
user_07538,2024-02-23,True,True,False,False,True
user_07539,2024-02-09,True,True,False,False,True
user_07540,2024-02-12,True,True,True,False,True
user_07541,2024-02-28,True,False,False,False,True
user_07542,2024-02-14,True,True,False,False,True
user_07543,2024-02-17,False,False,False,False,True
user_07544,2024-01-27,True,False,False,False,True
user_07545,2024-02-15,True,True,False,False,True
user_07546,2024-01-06,True,True,False,False,True
user_07547,2024-02-13,True,False,False,False,True
user_07548,2024-01-11,True,True,True,False,True
user_07549,2024-02-07,True,True,False,False,True
user_07550,2024-02-09,True,False,False,False,True
user_07551,2024-02-29,True,False,False,False,True
user_07552,2024-02-21,True,True,False,False,True
user_07553,2024-01-27,True,True,False,False,True
user_07554,2024-02-25,False,False,False,False,True
user_07555,2024-02-16,True,True,False,False,True
user_07556,2024-01-19,True,True,True,False,True
user_07557,2024-02-10,True,False,False,False,True
user_07558,2024-01-23,True,False,False,False,True
user_07559,2024-01-08,True,False,False,False,True
user_07560,2024-01-13,True,True,True,True,False
user_07561,2024-02-15,True,True,True,True,False
user_07562,2024-02-21,False,False,False,False,True
user_07563,2024-02-06,False,False,False,False,True
user_07564,2024-01-12,True,False,False,False,True
user_07565,2024-02-14,True,False,False,False,True
user_07566,2024-01-07,True,False,False,False,True
user_07567,2024-02-06,True,False,False,False,True
user_07568,2024-02-19,True,True,True,True,False
user_07569,2024-01-02,True,True,True,False,True
user_07570,2024-02-27,True,True,False,False,True
user_07571,2024-01-16,True,True,False,False,True
user_07572,2024-01-27,True,True,True,False,True
user_07573,2024-02-21,True,True,False,False,True
user_07574,2024-02-23,False,False,False,False,True
user_07575,2024-02-16,True,False,False,False,True
user_07576,2024-01-08,True,False,False,False,True
user_07577,2024-02-19,True,True,True,False,True
user_07578,2024-02-16,True,True,False,False,True
user_07579,2024-01-28,True,True,True,True,False
user_07580,2024-01-10,True,False,False,False,True
user_07581,2024-01-17,True,True,True,False,True
user_07582,2024-02-08,True,False,False,False,True
user_07583,2024-02-10,True,True,True,False,True
user_07584,2024-02-10,True,True,True,True,False
user_07585,2024-02-20,True,False,False,False,True
user_07586,2024-02-16,True,True,False,False,True
user_07587,2024-02-15,True,True,True,False,True
user_07588,2024-02-26,True,True,True,True,False
user_07589,2024-02-23,True,False,False,False,True
user_07590,2024-01-03,True,False,False,False,True
user_07591,2024-01-20,True,True,False,False,True
user_07592,2024-01-24,False,False,False,False,True
user_07593,2024-01-26,True,True,False,False,True
user_07594,2024-01-18,True,False,False,False,True
user_07595,2024-02-19,False,False,False,False,True
user_07596,2024-01-13,False,False,False,False,True
user_07597,2024-01-04,True,True,False,False,True
user_07598,2024-01-12,False,False,False,False,True
user_07599,2024-02-02,True,False,False,False,True
user_07600,2024-02-21,False,False,False,False,True
user_07601,2024-01-09,True,True,False,False,True
user_07602,2024-02-22,False,False,False,False,True
user_07603,2024-02-07,True,False,False,False,True
user_07604,2024-02-09,True,True,False,False,True
user_07605,2024-01-29,True,True,False,False,True
user_07606,2024-01-14,True,True,True,False,True
user_07607,2024-01-11,True,True,True,False,True
user_07608,2024-01-14,False,False,False,False,True
user_07609,2024-02-14,True,True,False,False,True
user_07610,2024-01-17,True,False,False,False,True
user_07611,2024-01-15,True,True,False,False,True
user_07612,2024-01-17,True,False,False,False,True
user_07613,2024-01-16,True,False,False,False,True
user_07614,2024-02-13,True,True,False,False,True
user_07615,2024-02-10,True,False,False,False,True
user_07616,2024-01-31,True,True,True,False,True
user_07617,2024-02-20,True,True,True,True,False
user_07618,2024-02-15,True,True,False,False,True
user_07619,2024-01-04,True,True,False,False,True
user_07620,2024-02-02,False,False,False,False,True
user_07621,2024-01-03,True,True,False,False,True
user_07622,2024-02-08,True,False,False,False,True
user_07623,2024-01-13,False,False,False,False,True
user_07624,2024-01-11,True,True,True,False,True
user_07625,2024-02-18,True,True,False,False,True
user_07626,2024-01-21,True,False,False,False,True
user_07627,2024-02-28,True,False,False,False,True
user_07628,2024-02-13,True,False,False,False,True
user_07629,2024-02-03,True,True,False,False,True
user_07630,2024-02-12,True,True,False,False,True
user_07631,2024-01-26,True,True,False,False,True
user_07632,2024-02-16,True,False,False,False,True
user_07633,2024-01-27,True,True,True,True,False
user_07634,2024-02-24,False,False,False,False,True
user_07635,2024-02-11,True,True,True,True,False
user_07636,2024-02-07,True,True,True,True,False
user_07637,2024-01-12,True,True,True,False,True
user_07638,2024-02-05,True,True,True,True,False
user_07639,2024-02-03,True,True,False,False,True
user_07640,2024-02-03,True,True,False,False,True
user_07641,2024-02-22,True,False,False,False,True
user_07642,2024-01-26,True,False,False,False,True
user_07643,2024-01-24,True,False,False,False,True
user_07644,2024-01-26,True,True,False,False,True
user_07645,2024-01-22,False,False,False,False,True
user_07646,2024-01-16,True,False,False,False,True
user_07647,2024-02-29,True,False,False,False,True
user_07648,2024-01-10,True,False,False,False,True
user_07649,2024-01-04,True,True,True,True,False
user_07650,2024-01-02,True,True,True,False,True
user_07651,2024-02-03,True,False,False,False,True
user_07652,2024-01-01,False,False,False,False,True
user_07653,2024-01-13,True,True,True,False,True
user_07654,2024-02-27,True,False,False,False,True
user_07655,2024-01-03,False,False,False,False,True
user_07656,2024-01-13,True,False,False,False,True
user_07657,2024-02-28,True,True,True,False,True
user_07658,2024-01-07,False,False,False,False,True
user_07659,2024-01-07,True,True,True,True,False
user_07660,2024-02-09,True,False,False,False,True
user_07661,2024-02-28,True,True,False,False,True
user_07662,2024-01-13,False,False,False,False,True
user_07663,2024-02-25,True,False,False,False,True
user_07664,2024-01-09,False,False,False,False,True
user_07665,2024-01-29,False,False,False,False,True
user_07666,2024-01-24,True,True,False,False,True
user_07667,2024-01-23,True,False,False,False,True
user_07668,2024-02-17,True,True,True,False,True
user_07669,2024-02-27,True,True,False,False,True
user_07670,2024-02-09,True,False,False,False,True
user_07671,2024-02-11,True,False,False,False,True
user_07672,2024-01-24,True,True,True,False,True
user_07673,2024-02-18,True,True,False,False,True
user_07674,2024-01-18,True,False,False,False,True
user_07675,2024-01-23,True,False,False,False,True
user_07676,2024-01-02,True,True,True,False,True
user_07677,2024-02-24,True,False,False,False,True
user_07678,2024-02-20,False,False,False,False,True
user_07679,2024-01-13,False,False,False,False,True
user_07680,2024-02-28,True,True,False,False,True
user_07681,2024-02-13,True,True,True,False,True
user_07682,2024-02-07,False,False,False,False,True
user_07683,2024-01-20,True,False,False,False,True
user_07684,2024-02-20,False,False,False,False,True
user_07685,2024-01-12,True,True,False,False,True
user_07686,2024-01-28,True,True,True,False,True
user_07687,2024-01-05,True,True,True,False,True
user_07688,2024-01-25,True,True,True,False,True
user_07689,2024-02-25,True,False,False,False,True
user_07690,2024-02-12,False,False,False,False,True
user_07691,2024-02-04,True,True,False,False,True
user_07692,2024-01-31,True,True,False,False,True
user_07693,2024-01-20,False,False,False,False,True
user_07694,2024-01-26,True,True,False,False,True
user_07695,2024-02-10,False,False,False,False,True
user_07696,2024-02-12,True,True,True,False,True
user_07697,2024-01-25,True,True,False,False,True
user_07698,2024-02-23,True,False,False,False,True
user_07699,2024-02-04,True,True,False,False,True
user_07700,2024-02-03,False,False,False,False,True
user_07701,2024-01-09,True,True,False,False,True
user_07702,2024-01-12,True,True,False,False,True
user_07703,2024-01-23,True,True,True,True,False
user_07704,2024-02-05,False,False,False,False,True
user_07705,2024-02-12,False,False,False,False,True
user_07706,2024-02-12,True,False,False,False,True
user_07707,2024-01-02,True,True,True,False,True
user_07708,2024-02-01,True,False,False,False,True
user_07709,2024-02-27,True,False,False,False,True
user_07710,2024-02-03,True,True,False,False,True
user_07711,2024-02-26,True,False,False,False,True
user_07712,2024-02-14,True,True,False,False,True
user_07713,2024-01-13,True,False,False,False,True
user_07714,2024-01-07,False,False,False,False,True
user_07715,2024-01-29,True,True,True,True,False
user_07716,2024-01-20,True,False,False,False,True
user_07717,2024-01-15,True,True,True,True,False
user_07718,2024-02-10,True,True,False,False,True
user_07719,2024-01-25,True,False,False,False,True
user_07720,2024-01-03,True,True,True,True,False
user_07721,2024-01-15,True,True,True,False,True
user_07722,2024-01-01,True,True,False,False,True
user_07723,2024-02-08,False,False,False,False,True
user_07724,2024-01-13,True,False,False,False,True
user_07725,2024-02-13,True,False,False,False,True
user_07726,2024-01-12,True,False,False,False,True
user_07727,2024-01-03,True,True,True,False,True
user_07728,2024-01-11,True,True,True,False,True
user_07729,2024-02-06,True,True,True,False,True
user_07730,2024-02-12,True,False,False,False,True
user_07731,2024-02-06,True,False,False,False,True
user_07732,2024-02-20,True,True,False,False,True
user_07733,2024-02-23,True,False,False,False,True
user_07734,2024-01-03,True,False,False,False,True
user_07735,2024-01-21,True,True,False,False,True
user_07736,2024-01-31,True,True,False,False,True
user_07737,2024-02-18,True,True,False,False,True
user_07738,2024-01-29,True,True,False,False,True
user_07739,2024-02-06,True,True,False,False,True
user_07740,2024-01-28,True,True,True,False,True
user_07741,2024-01-08,True,True,False,False,True
user_07742,2024-01-13,True,True,True,True,False
user_07743,2024-01-11,True,True,True,False,True
user_07744,2024-01-20,True,True,False,False,True
user_07745,2024-01-18,True,False,False,False,True
user_07746,2024-02-11,True,False,False,False,True
user_07747,2024-02-23,True,False,False,False,True
user_07748,2024-02-14,False,False,False,False,True
user_07749,2024-02-19,False,False,False,False,True
user_07750,2024-02-18,False,False,False,False,True
user_07751,2024-02-26,False,False,False,False,True
user_07752,2024-01-31,True,False,False,False,True
user_07753,2024-01-17,False,False,False,False,True
user_07754,2024-01-22,True,False,False,False,True
user_07755,2024-01-14,False,False,False,False,True
user_07756,2024-02-24,True,True,True,False,True
user_07757,2024-01-13,True,True,False,False,True
user_07758,2024-01-25,True,True,True,True,False
user_07759,2024-02-16,True,False,False,False,True
user_07760,2024-02-25,True,True,False,False,True
user_07761,2024-01-23,True,False,False,False,True
user_07762,2024-02-22,True,False,False,False,True
user_07763,2024-02-17,True,True,False,False,True
user_07764,2024-02-07,True,True,True,False,True
user_07765,2024-01-22,False,False,False,False,True
user_07766,2024-01-07,False,False,False,False,True
user_07767,2024-01-27,True,True,True,False,True
user_07768,2024-01-05,True,True,True,True,False
user_07769,2024-01-12,False,False,False,False,True
user_07770,2024-02-24,False,False,False,False,True
user_07771,2024-02-25,True,False,False,False,True
user_07772,2024-01-02,False,False,False,False,True
user_07773,2024-01-18,True,True,True,False,True
user_07774,2024-01-30,True,True,False,False,True
user_07775,2024-01-22,True,True,True,False,True
user_07776,2024-01-16,False,False,False,False,True
user_07777,2024-02-18,False,False,False,False,True
user_07778,2024-02-16,False,False,False,False,True
user_07779,2024-01-29,False,False,False,False,True
user_07780,2024-02-20,True,False,False,False,True
user_07781,2024-01-16,True,True,True,False,True
user_07782,2024-02-09,True,True,False,False,True
user_07783,2024-01-29,True,False,False,False,True
user_07784,2024-01-11,False,False,False,False,True
user_07785,2024-02-09,True,True,False,False,True
user_07786,2024-01-16,True,True,True,True,False
user_07787,2024-01-15,True,True,False,False,True
user_07788,2024-02-15,True,True,False,False,True
user_07789,2024-02-14,True,True,True,False,True
user_07790,2024-01-21,True,True,False,False,True
user_07791,2024-02-04,False,False,False,False,True
user_07792,2024-01-26,True,True,True,True,False
user_07793,2024-02-01,True,True,True,True,False
user_07794,2024-01-29,True,True,False,False,True
user_07795,2024-02-17,True,False,False,False,True
user_07796,2024-02-29,False,False,False,False,True
user_07797,2024-02-04,True,True,False,False,True
user_07798,2024-01-21,False,False,False,False,True
user_07799,2024-02-22,True,True,True,True,False
user_07800,2024-02-01,False,False,False,False,True
user_07801,2024-02-19,True,False,False,False,True
user_07802,2024-01-15,False,False,False,False,True
user_07803,2024-02-07,True,False,False,False,True
user_07804,2024-01-03,True,False,False,False,True
user_07805,2024-01-11,True,False,False,False,True
user_07806,2024-02-08,True,True,True,True,False
user_07807,2024-02-09,False,False,False,False,True
user_07808,2024-02-04,True,True,True,True,False
user_07809,2024-01-23,True,False,False,False,True
user_07810,2024-02-24,True,True,True,True,False
user_07811,2024-01-16,True,False,False,False,True
user_07812,2024-02-19,True,True,False,False,True
user_07813,2024-02-17,False,False,False,False,True
user_07814,2024-01-17,False,False,False,False,True
user_07815,2024-01-25,True,True,True,False,True
user_07816,2024-01-26,True,False,False,False,True
user_07817,2024-01-13,True,False,False,False,True
user_07818,2024-02-10,True,True,True,False,True
user_07819,2024-01-24,True,True,False,False,True
user_07820,2024-02-14,True,True,False,False,True
user_07821,2024-02-25,True,True,False,False,True
user_07822,2024-02-13,True,True,False,False,True
user_07823,2024-02-07,True,True,False,False,True
user_07824,2024-02-19,True,False,False,False,True
user_07825,2024-01-02,True,True,False,False,True
user_07826,2024-01-26,True,True,False,False,True
user_07827,2024-01-22,True,True,False,False,True
user_07828,2024-02-13,True,True,True,True,False
user_07829,2024-02-08,True,True,True,False,True
user_07830,2024-01-08,True,True,True,True,False
user_07831,2024-01-27,True,True,True,False,True
user_07832,2024-01-04,True,False,False,False,True
user_07833,2024-02-14,True,True,False,False,True
user_07834,2024-01-28,False,False,False,False,True
user_07835,2024-01-11,True,False,False,False,True
user_07836,2024-01-25,False,False,False,False,True
user_07837,2024-02-05,True,False,False,False,True
user_07838,2024-02-25,False,False,False,False,True
user_07839,2024-01-26,True,True,False,False,True
user_07840,2024-01-15,False,False,False,False,True
user_07841,2024-01-08,True,False,False,False,True
user_07842,2024-01-03,True,False,False,False,True
user_07843,2024-02-21,True,False,False,False,True
user_07844,2024-02-15,True,True,True,False,True
user_07845,2024-01-11,True,True,True,False,True
user_07846,2024-02-13,True,True,True,False,True
user_07847,2024-02-07,True,True,False,False,True
user_07848,2024-01-02,True,True,False,False,True
user_07849,2024-01-08,False,False,False,False,True
user_07850,2024-01-07,True,True,True,True,False
user_07851,2024-01-11,True,False,False,False,True
user_07852,2024-02-03,True,False,False,False,True
user_07853,2024-01-28,True,False,False,False,True
user_07854,2024-01-24,True,True,True,True,False
user_07855,2024-01-18,True,False,False,False,True
user_07856,2024-02-20,True,False,False,False,True
user_07857,2024-01-21,True,True,True,True,False
user_07858,2024-02-22,True,True,True,True,False
user_07859,2024-01-09,True,True,False,False,True
user_07860,2024-01-02,False,False,False,False,True
user_07861,2024-01-21,False,False,False,False,True
user_07862,2024-02-04,True,True,False,False,True
user_07863,2024-01-11,True,True,True,True,False
user_07864,2024-02-06,False,False,False,False,True
user_07865,2024-02-04,True,True,False,False,True
user_07866,2024-02-22,False,False,False,False,True
user_07867,2024-01-19,True,True,False,False,True
user_07868,2024-01-20,True,False,False,False,True
user_07869,2024-02-08,True,False,False,False,True
user_07870,2024-02-11,True,True,True,True,False
user_07871,2024-02-01,True,True,True,False,True
user_07872,2024-01-31,False,False,False,False,True
user_07873,2024-01-02,True,False,False,False,True
user_07874,2024-02-23,True,False,False,False,True
user_07875,2024-02-20,True,True,False,False,True
user_07876,2024-02-29,True,True,True,True,False
user_07877,2024-02-22,True,True,True,False,True
user_07878,2024-01-27,True,False,False,False,True
user_07879,2024-02-06,False,False,False,False,True
user_07880,2024-01-11,False,False,False,False,True
user_07881,2024-01-07,True,False,False,False,True
user_07882,2024-01-03,True,False,False,False,True
user_07883,2024-01-01,True,False,False,False,True
user_07884,2024-02-11,True,True,True,False,True
user_07885,2024-01-23,True,False,False,False,True
user_07886,2024-01-22,True,True,False,False,True
user_07887,2024-01-05,False,False,False,False,True
user_07888,2024-01-18,True,True,False,False,True
user_07889,2024-02-12,True,True,False,False,True
user_07890,2024-02-12,True,False,False,False,True
user_07891,2024-02-06,False,False,False,False,True
user_07892,2024-02-11,True,True,True,False,True
user_07893,2024-01-23,True,True,False,False,True
user_07894,2024-02-26,True,True,False,False,True
user_07895,2024-02-15,True,True,True,True,False
user_07896,2024-01-25,True,True,True,False,True
user_07897,2024-02-10,True,False,False,False,True
user_07898,2024-01-26,True,True,False,False,True
user_07899,2024-02-19,False,False,False,False,True
user_07900,2024-01-01,True,False,False,False,True
user_07901,2024-02-06,True,False,False,False,True
user_07902,2024-01-13,True,True,False,False,True
user_07903,2024-02-18,True,True,False,False,True
user_07904,2024-02-13,True,True,True,False,True
user_07905,2024-01-27,True,True,True,False,True
user_07906,2024-02-17,True,False,False,False,True
user_07907,2024-02-24,True,True,True,False,True
user_07908,2024-02-12,True,False,False,False,True
user_07909,2024-01-08,False,False,False,False,True
user_07910,2024-01-06,True,True,True,False,True
user_07911,2024-02-19,True,False,False,False,True
user_07912,2024-02-11,True,False,False,False,True
user_07913,2024-02-20,False,False,False,False,True
user_07914,2024-01-11,False,False,False,False,True
user_07915,2024-02-17,False,False,False,False,True
user_07916,2024-02-12,True,True,False,False,True
user_07917,2024-02-25,True,True,False,False,True
user_07918,2024-01-29,True,True,True,True,False
user_07919,2024-02-11,True,False,False,False,True
user_07920,2024-01-22,True,True,False,False,True
user_07921,2024-01-15,True,False,False,False,True
user_07922,2024-01-30,True,False,False,False,True
user_07923,2024-01-22,True,True,True,True,False
user_07924,2024-02-21,True,True,False,False,True
user_07925,2024-01-06,True,False,False,False,True
user_07926,2024-01-31,True,True,True,False,True
user_07927,2024-02-17,False,False,False,False,True
user_07928,2024-02-28,True,True,False,False,True
user_07929,2024-02-09,True,False,False,False,True
user_07930,2024-02-04,False,False,False,False,True
user_07931,2024-02-11,True,True,True,False,True
user_07932,2024-02-13,False,False,False,False,True
user_07933,2024-01-27,True,True,True,False,True
user_07934,2024-02-02,True,True,False,False,True
user_07935,2024-01-10,True,True,True,False,True
user_07936,2024-02-03,True,True,True,False,True
user_07937,2024-01-24,True,True,True,True,False
user_07938,2024-01-25,True,False,False,False,True
user_07939,2024-02-21,True,True,True,True,False
user_07940,2024-01-01,True,True,True,False,True
user_07941,2024-01-18,True,True,True,False,True
user_07942,2024-02-23,True,True,True,True,False
user_07943,2024-01-30,True,False,False,False,True
user_07944,2024-02-01,True,False,False,False,True
user_07945,2024-02-03,True,True,False,False,True
user_07946,2024-01-28,True,True,True,True,False
user_07947,2024-01-20,True,False,False,False,True
user_07948,2024-01-23,True,True,False,False,True
user_07949,2024-02-13,True,True,False,False,True
user_07950,2024-01-01,True,False,False,False,True
user_07951,2024-01-26,False,False,False,False,True
user_07952,2024-01-23,True,True,True,True,False
user_07953,2024-01-04,True,False,False,False,True
user_07954,2024-01-08,True,False,False,False,True
user_07955,2024-02-21,True,False,False,False,True
user_07956,2024-02-07,False,False,False,False,True
user_07957,2024-01-08,True,False,False,False,True
user_07958,2024-02-06,True,False,False,False,True
user_07959,2024-01-21,True,True,False,False,True
user_07960,2024-02-25,True,False,False,False,True
user_07961,2024-01-19,True,True,False,False,True
user_07962,2024-01-25,True,True,False,False,True
user_07963,2024-02-14,True,False,False,False,True
user_07964,2024-01-27,True,False,False,False,True
user_07965,2024-01-03,True,True,True,False,True
user_07966,2024-02-08,False,False,False,False,True
user_07967,2024-01-05,True,True,False,False,True
user_07968,2024-02-22,True,True,True,True,False
user_07969,2024-01-27,True,True,False,False,True
user_07970,2024-02-27,True,False,False,False,True
user_07971,2024-02-10,True,False,False,False,True
user_07972,2024-01-17,True,True,False,False,True
user_07973,2024-02-11,True,True,True,True,False
user_07974,2024-01-09,True,True,False,False,True
user_07975,2024-02-16,False,False,False,False,True
user_07976,2024-01-16,True,True,True,False,True
user_07977,2024-01-07,False,False,False,False,True
user_07978,2024-02-17,False,False,False,False,True
user_07979,2024-01-15,True,False,False,False,True
user_07980,2024-02-23,True,True,False,False,True
user_07981,2024-01-16,True,True,False,False,True
user_07982,2024-01-19,True,True,True,False,True
user_07983,2024-02-09,True,False,False,False,True
user_07984,2024-01-30,True,True,True,True,False
user_07985,2024-01-01,True,True,True,False,True
user_07986,2024-01-01,False,False,False,False,True
user_07987,2024-02-07,True,True,True,False,True
user_07988,2024-02-07,True,True,True,True,False
user_07989,2024-01-21,True,False,False,False,True
user_07990,2024-01-14,True,True,False,False,True
user_07991,2024-01-20,True,True,False,False,True
user_07992,2024-02-02,True,False,False,False,True
user_07993,2024-02-17,True,False,False,False,True
user_07994,2024-01-06,True,False,False,False,True
user_07995,2024-01-07,False,False,False,False,True
user_07996,2024-01-10,True,False,False,False,True
user_07997,2024-01-02,True,True,True,False,True
user_07998,2024-01-25,False,False,False,False,True
user_07999,2024-02-20,True,False,False,False,True
user_08000,2024-01-10,True,True,False,False,True
user_08001,2024-02-23,True,False,False,False,True
user_08002,2024-02-28,True,False,False,False,True
user_08003,2024-02-19,False,False,False,False,True
user_08004,2024-01-17,True,True,False,False,True
user_08005,2024-01-22,True,True,True,True,False
user_08006,2024-02-26,True,False,False,False,True
user_08007,2024-01-09,False,False,False,False,True
user_08008,2024-02-08,True,False,False,False,True
user_08009,2024-02-10,False,False,False,False,True
user_08010,2024-01-23,True,False,False,False,True
user_08011,2024-01-26,True,True,False,False,True
user_08012,2024-02-09,False,False,False,False,True
user_08013,2024-02-13,True,False,False,False,True
user_08014,2024-02-29,True,False,False,False,True
user_08015,2024-01-13,True,True,False,False,True
user_08016,2024-02-24,True,False,False,False,True
user_08017,2024-01-08,True,False,False,False,True
user_08018,2024-01-30,True,False,False,False,True
user_08019,2024-01-25,True,True,True,False,True
user_08020,2024-02-20,False,False,False,False,True
user_08021,2024-02-23,True,False,False,False,True
user_08022,2024-01-28,True,False,False,False,True
user_08023,2024-02-08,True,True,False,False,True
user_08024,2024-02-26,True,False,False,False,True
user_08025,2024-01-29,True,True,False,False,True
user_08026,2024-01-05,False,False,False,False,True
user_08027,2024-01-07,False,False,False,False,True
user_08028,2024-02-21,True,True,True,False,True
user_08029,2024-01-24,True,True,True,False,True
user_08030,2024-01-15,True,True,True,False,True
user_08031,2024-02-12,True,False,False,False,True
user_08032,2024-01-24,True,False,False,False,True
user_08033,2024-01-10,True,True,True,True,False
user_08034,2024-02-21,True,False,False,False,True
user_08035,2024-01-23,True,False,False,False,True
user_08036,2024-01-21,True,False,False,False,True
user_08037,2024-01-27,True,True,False,False,True
user_08038,2024-01-19,True,True,False,False,True
user_08039,2024-02-21,True,False,False,False,True
user_08040,2024-01-11,True,False,False,False,True
user_08041,2024-02-08,True,False,False,False,True
user_08042,2024-02-16,True,True,False,False,True
user_08043,2024-02-04,True,True,False,False,True
user_08044,2024-01-17,True,True,True,True,False
user_08045,2024-01-30,True,False,False,False,True
user_08046,2024-01-04,True,True,False,False,True
user_08047,2024-01-26,False,False,False,False,True
user_08048,2024-01-18,True,True,True,False,True
user_08049,2024-01-07,True,True,False,False,True
user_08050,2024-01-25,True,True,True,True,False
user_08051,2024-01-29,False,False,False,False,True
user_08052,2024-01-19,True,False,False,False,True
user_08053,2024-01-26,True,True,True,False,True
user_08054,2024-01-14,True,False,False,False,True
user_08055,2024-02-17,True,False,False,False,True
user_08056,2024-02-22,True,True,True,False,True
user_08057,2024-02-07,False,False,False,False,True
user_08058,2024-01-11,True,True,True,True,False
user_08059,2024-01-22,True,True,True,False,True
user_08060,2024-01-11,True,True,False,False,True
user_08061,2024-01-04,False,False,False,False,True
user_08062,2024-01-14,False,False,False,False,True
user_08063,2024-01-25,True,False,False,False,True
user_08064,2024-02-13,True,True,False,False,True
user_08065,2024-01-24,False,False,False,False,True
user_08066,2024-02-08,True,False,False,False,True
user_08067,2024-01-26,False,False,False,False,True
user_08068,2024-02-11,True,False,False,False,True
user_08069,2024-01-07,False,False,False,False,True
user_08070,2024-01-31,True,False,False,False,True
user_08071,2024-02-20,False,False,False,False,True
user_08072,2024-02-16,True,True,True,False,True
user_08073,2024-01-18,True,False,False,False,True
user_08074,2024-01-01,True,True,True,False,True
user_08075,2024-01-02,True,True,False,False,True
user_08076,2024-01-02,True,False,False,False,True
user_08077,2024-01-03,False,False,False,False,True
user_08078,2024-02-07,True,False,False,False,True
user_08079,2024-02-01,True,False,False,False,True
user_08080,2024-02-25,True,False,False,False,True
user_08081,2024-02-24,True,True,True,True,False
user_08082,2024-02-01,True,True,False,False,True
user_08083,2024-02-16,True,True,True,False,True
user_08084,2024-02-06,True,False,False,False,True
user_08085,2024-02-19,True,False,False,False,True
user_08086,2024-02-12,False,False,False,False,True
user_08087,2024-01-15,True,True,True,False,True
user_08088,2024-01-18,False,False,False,False,True
user_08089,2024-02-23,True,True,True,True,False
user_08090,2024-01-17,True,True,False,False,True
user_08091,2024-02-13,True,False,False,False,True
user_08092,2024-02-18,True,True,True,False,True
user_08093,2024-01-06,True,True,True,False,True
user_08094,2024-02-27,True,True,False,False,True
user_08095,2024-01-23,False,False,False,False,True
user_08096,2024-02-05,True,False,False,False,True
user_08097,2024-01-05,True,False,False,False,True
user_08098,2024-02-18,False,False,False,False,True
user_08099,2024-01-12,True,True,False,False,True
user_08100,2024-01-24,True,True,False,False,True
user_08101,2024-02-28,True,False,False,False,True
user_08102,2024-02-27,True,False,False,False,True
user_08103,2024-02-16,True,True,False,False,True
user_08104,2024-01-14,True,True,True,False,True
user_08105,2024-01-03,True,False,False,False,True
user_08106,2024-02-12,True,False,False,False,True
user_08107,2024-01-30,True,True,False,False,True
user_08108,2024-02-08,False,False,False,False,True
user_08109,2024-01-06,False,False,False,False,True
user_08110,2024-02-11,True,False,False,False,True
user_08111,2024-01-25,False,False,False,False,True
user_08112,2024-02-08,True,True,True,False,True
user_08113,2024-02-10,False,False,False,False,True
user_08114,2024-02-01,True,True,False,False,True
user_08115,2024-01-27,False,False,False,False,True
user_08116,2024-02-18,True,True,False,False,True
user_08117,2024-02-16,True,True,True,False,True
user_08118,2024-02-17,True,False,False,False,True
user_08119,2024-01-04,True,True,False,False,True
user_08120,2024-01-05,True,False,False,False,True
user_08121,2024-01-30,False,False,False,False,True
user_08122,2024-01-13,True,False,False,False,True
user_08123,2024-02-17,True,False,False,False,True
user_08124,2024-01-15,True,True,True,False,True
user_08125,2024-02-21,True,True,True,False,True
user_08126,2024-01-05,True,True,False,False,True
user_08127,2024-01-31,False,False,False,False,True
user_08128,2024-02-29,True,False,False,False,True
user_08129,2024-01-24,True,False,False,False,True
user_08130,2024-01-15,True,True,False,False,True
user_08131,2024-02-05,True,True,False,False,True
user_08132,2024-01-23,False,False,False,False,True
user_08133,2024-02-13,True,False,False,False,True
user_08134,2024-01-22,False,False,False,False,True
user_08135,2024-01-24,True,False,False,False,True
user_08136,2024-02-21,True,True,True,False,True
user_08137,2024-02-02,True,True,True,True,False
user_08138,2024-02-02,True,True,False,False,True
user_08139,2024-01-28,True,False,False,False,True
user_08140,2024-02-13,False,False,False,False,True
user_08141,2024-02-05,True,True,True,True,False
user_08142,2024-01-19,True,True,False,False,True
user_08143,2024-02-11,True,False,False,False,True
user_08144,2024-01-08,True,False,False,False,True
user_08145,2024-02-11,True,True,False,False,True
user_08146,2024-02-08,False,False,False,False,True
user_08147,2024-01-25,True,False,False,False,True
user_08148,2024-01-10,True,True,True,True,False
user_08149,2024-01-19,True,False,False,False,True
user_08150,2024-01-29,False,False,False,False,True
user_08151,2024-02-23,True,False,False,False,True
user_08152,2024-02-27,True,False,False,False,True
user_08153,2024-01-15,True,True,True,False,True
user_08154,2024-02-05,True,False,False,False,True
user_08155,2024-01-21,True,False,False,False,True
user_08156,2024-01-23,True,False,False,False,True
user_08157,2024-02-09,True,True,True,False,True
user_08158,2024-02-05,True,True,False,False,True
user_08159,2024-02-13,False,False,False,False,True
user_08160,2024-01-10,True,False,False,False,True
user_08161,2024-02-29,True,True,False,False,True
user_08162,2024-01-28,True,True,True,True,False
user_08163,2024-02-28,True,False,False,False,True
user_08164,2024-01-31,True,False,False,False,True
user_08165,2024-02-05,True,False,False,False,True
user_08166,2024-02-06,True,True,True,True,False
user_08167,2024-01-28,True,True,True,False,True
user_08168,2024-02-09,True,True,True,True,False
user_08169,2024-02-26,True,True,False,False,True
user_08170,2024-01-17,True,True,True,False,True
user_08171,2024-01-13,True,False,False,False,True
user_08172,2024-02-11,True,False,False,False,True
user_08173,2024-01-17,False,False,False,False,True
user_08174,2024-02-01,True,True,True,True,False
user_08175,2024-02-25,True,False,False,False,True
user_08176,2024-01-26,True,True,False,False,True
user_08177,2024-01-20,True,True,True,True,False
user_08178,2024-01-02,True,True,True,True,False
user_08179,2024-02-01,True,True,False,False,True
user_08180,2024-01-30,True,True,False,False,True
user_08181,2024-02-09,True,True,False,False,True
user_08182,2024-02-25,False,False,False,False,True
user_08183,2024-02-11,True,True,False,False,True
user_08184,2024-02-05,True,True,True,False,True
user_08185,2024-01-02,False,False,False,False,True
user_08186,2024-01-31,True,True,True,False,True
user_08187,2024-02-23,False,False,False,False,True
user_08188,2024-02-24,True,False,False,False,True
user_08189,2024-01-29,True,True,True,True,False
user_08190,2024-02-29,True,False,False,False,True
user_08191,2024-02-21,True,True,True,True,False
user_08192,2024-01-21,False,False,False,False,True
user_08193,2024-01-19,False,False,False,False,True
user_08194,2024-02-09,True,True,True,False,True
user_08195,2024-01-28,True,True,False,False,True
user_08196,2024-02-25,True,True,True,True,False
user_08197,2024-01-10,True,True,False,False,True
user_08198,2024-02-14,False,False,False,False,True
user_08199,2024-02-29,True,True,True,False,True
user_08200,2024-02-04,False,False,False,False,True
user_08201,2024-02-19,True,True,False,False,True
user_08202,2024-01-23,True,False,False,False,True
user_08203,2024-02-04,True,True,False,False,True
user_08204,2024-01-08,True,False,False,False,True
user_08205,2024-01-20,True,True,True,False,True
user_08206,2024-01-09,True,True,False,False,True
user_08207,2024-02-13,True,True,False,False,True
user_08208,2024-02-18,False,False,False,False,True
user_08209,2024-02-23,True,False,False,False,True
user_08210,2024-02-17,True,True,False,False,True
user_08211,2024-02-17,True,True,False,False,True
user_08212,2024-02-10,True,True,True,False,True
user_08213,2024-02-06,False,False,False,False,True
user_08214,2024-01-25,True,True,False,False,True
user_08215,2024-02-07,False,False,False,False,True
user_08216,2024-02-13,False,False,False,False,True
user_08217,2024-02-19,True,True,False,False,True
user_08218,2024-01-28,True,False,False,False,True
user_08219,2024-02-01,True,True,False,False,True
user_08220,2024-01-05,False,False,False,False,True
user_08221,2024-02-28,True,False,False,False,True
user_08222,2024-02-09,True,True,False,False,True
user_08223,2024-02-14,True,False,False,False,True
user_08224,2024-02-16,True,False,False,False,True
user_08225,2024-02-06,True,False,False,False,True
user_08226,2024-01-23,True,False,False,False,True
user_08227,2024-02-26,True,True,False,False,True
user_08228,2024-01-08,True,True,True,False,True
user_08229,2024-01-01,True,False,False,False,True
user_08230,2024-01-28,True,True,True,False,True
user_08231,2024-01-05,True,True,True,False,True
user_08232,2024-01-27,True,True,True,True,False
user_08233,2024-01-04,False,False,False,False,True
user_08234,2024-01-23,True,True,False,False,True
user_08235,2024-02-14,True,False,False,False,True
user_08236,2024-01-27,True,True,True,False,True
user_08237,2024-02-02,True,True,False,False,True
user_08238,2024-02-01,False,False,False,False,True
user_08239,2024-01-16,True,False,False,False,True
user_08240,2024-01-27,False,False,False,False,True
user_08241,2024-01-17,True,True,True,True,False
user_08242,2024-01-09,True,True,False,False,True
user_08243,2024-02-06,True,True,True,True,False
user_08244,2024-02-07,True,True,False,False,True
user_08245,2024-01-09,True,True,False,False,True
user_08246,2024-01-27,True,False,False,False,True
user_08247,2024-02-09,True,False,False,False,True
user_08248,2024-01-13,True,False,False,False,True
user_08249,2024-02-10,True,False,False,False,True
user_08250,2024-01-29,True,False,False,False,True
user_08251,2024-02-04,False,False,False,False,True
user_08252,2024-02-20,True,True,False,False,True
user_08253,2024-01-08,True,False,False,False,True
user_08254,2024-01-11,True,True,False,False,True
user_08255,2024-02-11,True,True,False,False,True
user_08256,2024-02-29,True,True,False,False,True
user_08257,2024-01-18,True,False,False,False,True
user_08258,2024-02-24,True,True,False,False,True
user_08259,2024-02-15,True,True,False,False,True
user_08260,2024-02-05,True,True,True,False,True
user_08261,2024-02-02,True,True,True,False,True
user_08262,2024-01-15,False,False,False,False,True
user_08263,2024-01-04,True,False,False,False,True
user_08264,2024-02-17,False,False,False,False,True
user_08265,2024-02-23,True,True,False,False,True
user_08266,2024-01-21,True,False,False,False,True
user_08267,2024-01-13,True,True,True,False,True
user_08268,2024-02-13,True,True,True,True,False
user_08269,2024-02-02,False,False,False,False,True
user_08270,2024-02-05,False,False,False,False,True
user_08271,2024-02-11,False,False,False,False,True
user_08272,2024-01-20,True,False,False,False,True
user_08273,2024-01-08,True,True,False,False,True
user_08274,2024-02-18,True,True,True,True,False
user_08275,2024-01-03,True,False,False,False,True
user_08276,2024-02-10,False,False,False,False,True
user_08277,2024-02-11,True,False,False,False,True
user_08278,2024-02-20,True,False,False,False,True
user_08279,2024-02-28,True,True,False,False,True
user_08280,2024-01-27,True,True,True,True,False
user_08281,2024-02-25,True,True,True,True,False
user_08282,2024-02-07,True,False,False,False,True
user_08283,2024-02-25,True,False,False,False,True
user_08284,2024-01-13,True,False,False,False,True
user_08285,2024-02-20,True,False,False,False,True
user_08286,2024-01-07,True,True,False,False,True
user_08287,2024-02-09,True,True,False,False,True
user_08288,2024-02-07,True,True,False,False,True
user_08289,2024-01-31,False,False,False,False,True
user_08290,2024-02-14,True,True,True,True,False
user_08291,2024-02-07,True,True,True,False,True
user_08292,2024-01-08,True,True,True,True,False
user_08293,2024-01-07,False,False,False,False,True
user_08294,2024-01-28,False,False,False,False,True
user_08295,2024-02-29,False,False,False,False,True
user_08296,2024-01-03,False,False,False,False,True
user_08297,2024-02-25,True,True,True,False,True
user_08298,2024-01-04,False,False,False,False,True
user_08299,2024-02-05,True,True,True,False,True
user_08300,2024-02-28,False,False,False,False,True
user_08301,2024-02-14,True,True,False,False,True
user_08302,2024-01-20,True,False,False,False,True
user_08303,2024-02-21,True,True,True,False,True
user_08304,2024-02-22,True,False,False,False,True
user_08305,2024-02-27,True,False,False,False,True
user_08306,2024-01-10,True,False,False,False,True
user_08307,2024-01-06,True,False,False,False,True
user_08308,2024-02-01,True,True,False,False,True
user_08309,2024-01-28,True,False,False,False,True
user_08310,2024-02-19,True,True,False,False,True
user_08311,2024-01-25,True,True,True,False,True
user_08312,2024-02-01,False,False,False,False,True
user_08313,2024-01-04,False,False,False,False,True
user_08314,2024-01-03,True,True,False,False,True
user_08315,2024-02-25,True,True,True,True,False
user_08316,2024-02-11,False,False,False,False,True
user_08317,2024-01-24,True,True,True,False,True
user_08318,2024-02-12,True,True,True,False,True
user_08319,2024-02-01,True,True,True,False,True
user_08320,2024-01-29,True,False,False,False,True
user_08321,2024-01-07,True,False,False,False,True
user_08322,2024-02-13,True,False,False,False,True
user_08323,2024-02-12,True,True,True,False,True
user_08324,2024-02-25,False,False,False,False,True
user_08325,2024-01-09,True,False,False,False,True
user_08326,2024-02-23,True,True,False,False,True
user_08327,2024-02-02,False,False,False,False,True
user_08328,2024-02-27,True,False,False,False,True
user_08329,2024-02-02,True,False,False,False,True
user_08330,2024-01-11,False,False,False,False,True
user_08331,2024-02-21,True,True,False,False,True
user_08332,2024-02-21,False,False,False,False,True
user_08333,2024-02-22,True,True,True,False,True
user_08334,2024-02-03,True,True,False,False,True
user_08335,2024-02-25,True,False,False,False,True
user_08336,2024-02-24,True,True,True,False,True
user_08337,2024-01-30,True,True,True,False,True
user_08338,2024-02-28,False,False,False,False,True
user_08339,2024-01-11,True,True,True,True,False
user_08340,2024-01-20,True,True,False,False,True
user_08341,2024-02-01,True,False,False,False,True
user_08342,2024-01-07,True,True,False,False,True
user_08343,2024-02-29,True,False,False,False,True
user_08344,2024-01-01,False,False,False,False,True
user_08345,2024-02-20,True,True,True,True,False
user_08346,2024-02-07,True,True,False,False,True
user_08347,2024-02-08,True,True,False,False,True
user_08348,2024-02-12,True,True,False,False,True
user_08349,2024-01-11,False,False,False,False,True
user_08350,2024-01-20,True,False,False,False,True
user_08351,2024-02-04,True,True,False,False,True
user_08352,2024-02-02,True,False,False,False,True
user_08353,2024-01-18,True,True,True,True,False
user_08354,2024-02-14,False,False,False,False,True
user_08355,2024-02-16,False,False,False,False,True
user_08356,2024-01-29,True,True,False,False,True
user_08357,2024-01-10,True,True,False,False,True
user_08358,2024-01-27,True,False,False,False,True
user_08359,2024-02-05,True,False,False,False,True
user_08360,2024-02-28,False,False,False,False,True
user_08361,2024-02-20,True,True,True,False,True
user_08362,2024-01-25,False,False,False,False,True
user_08363,2024-01-18,True,False,False,False,True
user_08364,2024-02-29,False,False,False,False,True
user_08365,2024-01-21,True,True,True,True,False
user_08366,2024-02-18,True,True,False,False,True
user_08367,2024-02-19,True,False,False,False,True
user_08368,2024-01-06,True,True,True,False,True
user_08369,2024-02-23,True,False,False,False,True
user_08370,2024-02-26,True,True,False,False,True
user_08371,2024-01-23,True,False,False,False,True
user_08372,2024-01-29,True,True,False,False,True
user_08373,2024-01-27,True,False,False,False,True
user_08374,2024-02-09,False,False,False,False,True
user_08375,2024-02-19,True,False,False,False,True
user_08376,2024-02-29,False,False,False,False,True
user_08377,2024-01-02,True,True,True,True,False
user_08378,2024-01-21,True,True,False,False,True
user_08379,2024-02-11,True,False,False,False,True
user_08380,2024-01-02,True,True,False,False,True
user_08381,2024-02-05,True,True,False,False,True
user_08382,2024-01-14,True,True,False,False,True
user_08383,2024-02-22,True,False,False,False,True
user_08384,2024-01-27,False,False,False,False,True
user_08385,2024-02-20,True,True,False,False,True
user_08386,2024-01-05,True,True,True,False,True
user_08387,2024-01-19,True,True,True,False,True
user_08388,2024-01-12,True,True,False,False,True
user_08389,2024-02-04,True,True,True,True,False
user_08390,2024-02-02,True,True,True,True,False
user_08391,2024-01-29,True,True,True,False,True
user_08392,2024-01-22,True,True,True,False,True
user_08393,2024-02-21,False,False,False,False,True
user_08394,2024-02-06,True,True,False,False,True
user_08395,2024-02-09,True,True,False,False,True
user_08396,2024-02-28,False,False,False,False,True
user_08397,2024-01-27,True,True,False,False,True
user_08398,2024-01-31,True,True,False,False,True
user_08399,2024-01-29,True,True,True,True,False
user_08400,2024-02-04,False,False,False,False,True
user_08401,2024-01-23,True,True,False,False,True
user_08402,2024-02-24,True,False,False,False,True
user_08403,2024-01-13,True,True,False,False,True
user_08404,2024-02-14,True,True,True,False,True
user_08405,2024-02-15,True,True,True,True,False
user_08406,2024-01-10,True,True,False,False,True
user_08407,2024-02-14,True,False,False,False,True
user_08408,2024-01-14,True,True,True,True,False
user_08409,2024-02-17,True,True,False,False,True
user_08410,2024-02-14,True,True,False,False,True
user_08411,2024-02-11,True,True,False,False,True
user_08412,2024-01-03,True,True,False,False,True
user_08413,2024-01-18,True,False,False,False,True
user_08414,2024-02-29,True,False,False,False,True
user_08415,2024-01-01,True,False,False,False,True
user_08416,2024-02-28,True,True,False,False,True
user_08417,2024-01-28,True,True,True,True,False
user_08418,2024-02-27,True,False,False,False,True
user_08419,2024-02-16,True,True,False,False,True
user_08420,2024-01-30,True,False,False,False,True
user_08421,2024-02-08,True,False,False,False,True
user_08422,2024-02-23,False,False,False,False,True
user_08423,2024-02-07,False,False,False,False,True
user_08424,2024-02-04,False,False,False,False,True
user_08425,2024-01-24,True,True,True,False,True
user_08426,2024-02-21,True,False,False,False,True
user_08427,2024-01-17,True,False,False,False,True
user_08428,2024-01-21,True,True,False,False,True
user_08429,2024-02-02,True,False,False,False,True
user_08430,2024-01-16,True,True,True,False,True
user_08431,2024-01-30,True,False,False,False,True
user_08432,2024-02-24,False,False,False,False,True
user_08433,2024-01-05,True,True,True,False,True
user_08434,2024-02-24,True,False,False,False,True
user_08435,2024-01-30,False,False,False,False,True
user_08436,2024-01-26,True,True,True,True,False
user_08437,2024-02-13,False,False,False,False,True
user_08438,2024-01-28,True,False,False,False,True
user_08439,2024-01-28,True,False,False,False,True
user_08440,2024-01-09,True,True,False,False,True
user_08441,2024-01-29,True,True,False,False,True
user_08442,2024-02-04,False,False,False,False,True
user_08443,2024-02-21,True,False,False,False,True
user_08444,2024-01-02,True,True,False,False,True
user_08445,2024-02-20,True,True,True,False,True
user_08446,2024-02-05,True,True,True,True,False
user_08447,2024-01-10,True,True,False,False,True
user_08448,2024-02-03,True,False,False,False,True
user_08449,2024-01-21,False,False,False,False,True
user_08450,2024-02-15,True,False,False,False,True
user_08451,2024-02-03,True,True,False,False,True
user_08452,2024-02-08,True,True,False,False,True
user_08453,2024-01-10,False,False,False,False,True
user_08454,2024-02-10,True,True,True,False,True
user_08455,2024-02-01,False,False,False,False,True
user_08456,2024-01-29,True,False,False,False,True
user_08457,2024-01-27,True,False,False,False,True
user_08458,2024-01-01,True,False,False,False,True
user_08459,2024-01-04,False,False,False,False,True
user_08460,2024-02-29,True,True,False,False,True
user_08461,2024-01-09,False,False,False,False,True
user_08462,2024-02-27,True,False,False,False,True
user_08463,2024-02-15,True,False,False,False,True
user_08464,2024-01-15,True,False,False,False,True
user_08465,2024-02-15,True,True,False,False,True
user_08466,2024-02-12,True,True,True,False,True
user_08467,2024-01-31,False,False,False,False,True
user_08468,2024-02-21,True,False,False,False,True
user_08469,2024-02-29,True,False,False,False,True
user_08470,2024-01-14,False,False,False,False,True
user_08471,2024-01-13,True,False,False,False,True
user_08472,2024-01-14,True,False,False,False,True
user_08473,2024-02-01,True,True,False,False,True
user_08474,2024-01-05,True,True,True,False,True
user_08475,2024-01-12,True,False,False,False,True
user_08476,2024-02-25,False,False,False,False,True
user_08477,2024-02-17,True,True,False,False,True
user_08478,2024-02-05,True,True,False,False,True
user_08479,2024-01-03,True,False,False,False,True
user_08480,2024-02-08,True,True,True,False,True
user_08481,2024-02-22,True,False,False,False,True
user_08482,2024-01-12,True,False,False,False,True
user_08483,2024-02-22,True,False,False,False,True
user_08484,2024-01-13,True,True,True,False,True
user_08485,2024-01-28,False,False,False,False,True
user_08486,2024-01-19,False,False,False,False,True
user_08487,2024-01-22,True,True,False,False,True
user_08488,2024-02-16,True,True,False,False,True
user_08489,2024-01-20,True,True,True,False,True
user_08490,2024-02-29,True,True,False,False,True
user_08491,2024-01-23,True,True,True,False,True
user_08492,2024-01-13,True,False,False,False,True
user_08493,2024-02-19,False,False,False,False,True
user_08494,2024-02-06,True,False,False,False,True
user_08495,2024-02-03,False,False,False,False,True
user_08496,2024-01-16,True,True,False,False,True
user_08497,2024-02-02,True,True,False,False,True
user_08498,2024-01-30,True,True,True,True,False
user_08499,2024-01-26,True,False,False,False,True
user_08500,2024-02-25,True,True,False,False,True
user_08501,2024-02-06,True,False,False,False,True
user_08502,2024-02-04,True,False,False,False,True
user_08503,2024-01-27,False,False,False,False,True
user_08504,2024-02-03,False,False,False,False,True
user_08505,2024-01-31,True,True,True,False,True
user_08506,2024-02-19,True,True,True,False,True
user_08507,2024-02-09,True,False,False,False,True
user_08508,2024-01-16,True,True,False,False,True
user_08509,2024-01-01,True,True,False,False,True
user_08510,2024-01-22,True,False,False,False,True
user_08511,2024-01-05,False,False,False,False,True
user_08512,2024-02-24,True,True,True,True,False
user_08513,2024-02-02,True,True,True,False,True
user_08514,2024-01-10,False,False,False,False,True
user_08515,2024-01-11,True,True,False,False,True
user_08516,2024-01-19,True,False,False,False,True
user_08517,2024-01-28,True,True,True,True,False
user_08518,2024-01-12,True,True,False,False,True
user_08519,2024-01-18,True,True,False,False,True
user_08520,2024-02-07,True,True,True,False,True
user_08521,2024-01-16,True,False,False,False,True
user_08522,2024-02-11,True,True,True,False,True
user_08523,2024-01-07,True,True,True,False,True
user_08524,2024-02-28,False,False,False,False,True
user_08525,2024-01-08,False,False,False,False,True
user_08526,2024-02-27,True,True,True,False,True
user_08527,2024-01-09,True,True,False,False,True
user_08528,2024-01-27,True,True,True,False,True
user_08529,2024-02-19,True,True,True,False,True
user_08530,2024-01-22,True,True,False,False,True
user_08531,2024-01-31,False,False,False,False,True
user_08532,2024-02-03,True,True,True,False,True
user_08533,2024-01-23,True,False,False,False,True
user_08534,2024-02-14,True,True,False,False,True
user_08535,2024-02-04,True,False,False,False,True
user_08536,2024-01-26,True,True,False,False,True
user_08537,2024-01-15,True,True,False,False,True
user_08538,2024-02-20,False,False,False,False,True
user_08539,2024-01-05,False,False,False,False,True
user_08540,2024-01-19,False,False,False,False,True
user_08541,2024-01-11,True,True,True,False,True
user_08542,2024-01-03,True,False,False,False,True
user_08543,2024-02-23,True,True,True,True,False
user_08544,2024-01-21,False,False,False,False,True
user_08545,2024-02-24,True,False,False,False,True
user_08546,2024-01-15,True,True,True,True,False
user_08547,2024-01-05,True,True,False,False,True
user_08548,2024-01-22,True,True,False,False,True
user_08549,2024-01-27,True,False,False,False,True
user_08550,2024-01-18,True,False,False,False,True
user_08551,2024-01-15,True,True,True,False,True
user_08552,2024-02-26,True,True,False,False,True
user_08553,2024-01-11,True,True,False,False,True
user_08554,2024-01-12,True,True,False,False,True
user_08555,2024-01-03,True,False,False,False,True
user_08556,2024-01-13,False,False,False,False,True
user_08557,2024-02-09,True,False,False,False,True
user_08558,2024-02-08,True,False,False,False,True
user_08559,2024-01-17,True,True,True,False,True
user_08560,2024-02-07,False,False,False,False,True
user_08561,2024-01-19,True,True,False,False,True
user_08562,2024-02-08,True,False,False,False,True
user_08563,2024-01-11,False,False,False,False,True
user_08564,2024-02-16,False,False,False,False,True
user_08565,2024-02-12,True,True,False,False,True
user_08566,2024-01-11,True,False,False,False,True
user_08567,2024-02-27,False,False,False,False,True
user_08568,2024-02-26,True,True,True,False,True
user_08569,2024-01-27,False,False,False,False,True
user_08570,2024-01-29,True,False,False,False,True
user_08571,2024-02-20,True,True,False,False,True
user_08572,2024-01-26,True,True,True,True,False
user_08573,2024-02-01,True,True,True,True,False
user_08574,2024-02-27,True,False,False,False,True
user_08575,2024-02-25,True,True,False,False,True
user_08576,2024-02-29,True,True,False,False,True
user_08577,2024-01-14,True,True,False,False,True
user_08578,2024-02-04,True,True,False,False,True
user_08579,2024-01-24,True,False,False,False,True
user_08580,2024-02-19,False,False,False,False,True
user_08581,2024-02-21,False,False,False,False,True
user_08582,2024-02-07,True,True,True,False,True
user_08583,2024-02-23,True,True,False,False,True
user_08584,2024-02-16,False,False,False,False,True
user_08585,2024-01-16,False,False,False,False,True
user_08586,2024-01-25,True,True,True,True,False
user_08587,2024-01-19,False,False,False,False,True
user_08588,2024-02-19,False,False,False,False,True
user_08589,2024-01-12,True,False,False,False,True
user_08590,2024-02-09,True,True,False,False,True
user_08591,2024-02-03,True,True,False,False,True
user_08592,2024-01-08,True,True,False,False,True
user_08593,2024-02-23,True,True,False,False,True
user_08594,2024-01-20,True,True,True,True,False
user_08595,2024-01-05,False,False,False,False,True
user_08596,2024-01-17,True,True,False,False,True
user_08597,2024-02-01,True,False,False,False,True
user_08598,2024-01-10,True,False,False,False,True
user_08599,2024-02-25,True,True,True,True,False
user_08600,2024-01-17,True,False,False,False,True
user_08601,2024-01-08,True,True,True,True,False
user_08602,2024-01-07,True,True,True,False,True
user_08603,2024-01-29,True,True,False,False,True
user_08604,2024-02-28,True,False,False,False,True
user_08605,2024-02-21,True,True,True,False,True
user_08606,2024-01-25,True,False,False,False,True
user_08607,2024-01-18,True,True,False,False,True
user_08608,2024-02-07,False,False,False,False,True
user_08609,2024-01-07,True,False,False,False,True
user_08610,2024-01-27,True,False,False,False,True
user_08611,2024-01-29,True,True,False,False,True
user_08612,2024-02-19,True,True,True,True,False
user_08613,2024-01-26,True,True,True,True,False
user_08614,2024-01-24,True,False,False,False,True
user_08615,2024-01-09,False,False,False,False,True
user_08616,2024-01-28,True,False,False,False,True
user_08617,2024-01-17,True,True,False,False,True
user_08618,2024-01-11,True,False,False,False,True
user_08619,2024-01-25,True,True,False,False,True
user_08620,2024-02-04,True,True,False,False,True
user_08621,2024-02-09,True,True,True,False,True
user_08622,2024-01-05,True,True,True,False,True
user_08623,2024-02-01,True,True,False,False,True
user_08624,2024-01-07,True,True,False,False,True
user_08625,2024-02-12,True,True,False,False,True
user_08626,2024-01-09,False,False,False,False,True
user_08627,2024-02-22,True,False,False,False,True
user_08628,2024-02-04,True,True,True,True,False
user_08629,2024-01-27,True,False,False,False,True
user_08630,2024-01-13,True,True,True,False,True
user_08631,2024-01-15,True,True,True,False,True
user_08632,2024-01-27,True,False,False,False,True
user_08633,2024-02-20,True,True,True,False,True
user_08634,2024-02-26,True,False,False,False,True
user_08635,2024-01-26,True,True,False,False,True
user_08636,2024-02-13,True,True,True,True,False
user_08637,2024-01-09,True,True,True,True,False
user_08638,2024-02-24,True,False,False,False,True
user_08639,2024-01-21,True,True,True,False,True
user_08640,2024-02-24,True,True,True,True,False
user_08641,2024-01-14,False,False,False,False,True
user_08642,2024-01-27,True,False,False,False,True
user_08643,2024-02-16,True,True,False,False,True
user_08644,2024-02-13,True,True,False,False,True
user_08645,2024-02-20,True,False,False,False,True
user_08646,2024-02-12,True,True,False,False,True
user_08647,2024-01-09,True,True,False,False,True
user_08648,2024-02-29,True,False,False,False,True
user_08649,2024-02-02,True,False,False,False,True
user_08650,2024-02-07,True,True,True,False,True
user_08651,2024-02-09,True,False,False,False,True
user_08652,2024-01-14,True,True,True,True,False
user_08653,2024-02-24,True,True,False,False,True
user_08654,2024-02-10,True,True,True,False,True
user_08655,2024-02-03,True,False,False,False,True
user_08656,2024-02-19,True,True,True,False,True
user_08657,2024-01-06,False,False,False,False,True
user_08658,2024-02-09,True,True,False,False,True
user_08659,2024-02-21,True,True,False,False,True
user_08660,2024-01-22,True,False,False,False,True
user_08661,2024-02-26,True,False,False,False,True
user_08662,2024-02-19,True,False,False,False,True
user_08663,2024-01-08,True,True,False,False,True
user_08664,2024-02-14,True,True,False,False,True
user_08665,2024-01-15,True,True,False,False,True
user_08666,2024-02-14,True,False,False,False,True
user_08667,2024-02-24,True,False,False,False,True
user_08668,2024-01-02,True,True,False,False,True
user_08669,2024-02-28,True,False,False,False,True
user_08670,2024-02-21,True,True,True,False,True
user_08671,2024-02-19,True,True,True,False,True
user_08672,2024-01-26,False,False,False,False,True
user_08673,2024-01-19,True,True,True,False,True
user_08674,2024-02-02,True,False,False,False,True
user_08675,2024-01-18,True,False,False,False,True
user_08676,2024-01-29,False,False,False,False,True
user_08677,2024-02-21,True,False,False,False,True
user_08678,2024-02-19,True,False,False,False,True
user_08679,2024-02-21,True,True,True,True,False
user_08680,2024-02-23,True,False,False,False,True
user_08681,2024-01-25,True,True,False,False,True
user_08682,2024-02-12,False,False,False,False,True
user_08683,2024-02-06,True,False,False,False,True
user_08684,2024-01-10,True,False,False,False,True
user_08685,2024-02-14,True,True,False,False,True
user_08686,2024-01-30,True,True,False,False,True
user_08687,2024-02-16,False,False,False,False,True
user_08688,2024-02-08,True,True,True,False,True
user_08689,2024-02-03,True,True,True,True,False
user_08690,2024-02-16,True,False,False,False,True
user_08691,2024-02-19,False,False,False,False,True
user_08692,2024-02-21,True,True,True,False,True
user_08693,2024-02-10,True,True,True,False,True
user_08694,2024-01-16,True,True,True,True,False
user_08695,2024-02-02,False,False,False,False,True
user_08696,2024-02-25,True,False,False,False,True
user_08697,2024-02-27,True,True,True,False,True
user_08698,2024-01-31,True,True,True,False,True
user_08699,2024-01-09,True,False,False,False,True
user_08700,2024-02-10,True,True,False,False,True
user_08701,2024-02-07,True,False,False,False,True
user_08702,2024-02-22,True,True,False,False,True
user_08703,2024-01-18,True,True,True,True,False
user_08704,2024-02-16,True,False,False,False,True
user_08705,2024-01-07,True,False,False,False,True
user_08706,2024-02-23,True,True,False,False,True
user_08707,2024-01-21,True,True,False,False,True
user_08708,2024-01-26,True,True,False,False,True
user_08709,2024-01-29,True,False,False,False,True
user_08710,2024-01-18,True,True,True,False,True
user_08711,2024-02-07,False,False,False,False,True
user_08712,2024-02-12,True,False,False,False,True
user_08713,2024-01-20,False,False,False,False,True
user_08714,2024-01-05,False,False,False,False,True
user_08715,2024-01-07,True,True,True,False,True
user_08716,2024-02-05,True,True,True,False,True
user_08717,2024-01-29,True,False,False,False,True
user_08718,2024-01-15,True,True,False,False,True
user_08719,2024-01-21,True,False,False,False,True
user_08720,2024-01-01,True,True,False,False,True
user_08721,2024-02-10,True,False,False,False,True
user_08722,2024-02-11,True,False,False,False,True
user_08723,2024-02-01,True,False,False,False,True
user_08724,2024-01-04,True,True,False,False,True
user_08725,2024-01-22,True,True,True,True,False
user_08726,2024-01-06,True,False,False,False,True
user_08727,2024-02-13,True,False,False,False,True
user_08728,2024-01-09,False,False,False,False,True
user_08729,2024-01-18,True,True,True,False,True
user_08730,2024-02-04,True,False,False,False,True
user_08731,2024-01-19,True,True,True,False,True
user_08732,2024-01-30,False,False,False,False,True
user_08733,2024-01-11,True,False,False,False,True
user_08734,2024-01-19,False,False,False,False,True
user_08735,2024-02-07,True,True,False,False,True
user_08736,2024-01-06,True,True,False,False,True
user_08737,2024-01-13,False,False,False,False,True
user_08738,2024-02-19,True,True,True,True,False
user_08739,2024-02-12,True,False,False,False,True
user_08740,2024-01-20,False,False,False,False,True
user_08741,2024-01-03,True,False,False,False,True
user_08742,2024-01-20,True,True,False,False,True
user_08743,2024-02-26,True,True,False,False,True
user_08744,2024-02-10,True,True,False,False,True
user_08745,2024-02-03,True,True,False,False,True
user_08746,2024-01-14,True,True,False,False,True
user_08747,2024-02-08,True,True,True,False,True
user_08748,2024-01-22,True,True,False,False,True
user_08749,2024-02-22,True,True,False,False,True
user_08750,2024-01-09,False,False,False,False,True
user_08751,2024-02-06,False,False,False,False,True
user_08752,2024-01-01,True,False,False,False,True
user_08753,2024-02-20,True,False,False,False,True
user_08754,2024-01-13,True,False,False,False,True
user_08755,2024-01-03,True,False,False,False,True
user_08756,2024-01-03,True,False,False,False,True
user_08757,2024-02-26,True,False,False,False,True
user_08758,2024-01-25,True,True,False,False,True
user_08759,2024-01-12,True,True,True,True,False
user_08760,2024-01-05,True,True,True,False,True
user_08761,2024-02-24,False,False,False,False,True
user_08762,2024-01-18,True,True,False,False,True
user_08763,2024-02-17,True,True,True,False,True
user_08764,2024-02-12,True,False,False,False,True
user_08765,2024-02-06,True,False,False,False,True
user_08766,2024-02-29,True,True,True,False,True
user_08767,2024-02-18,True,True,True,True,False
user_08768,2024-02-09,True,True,True,False,True
user_08769,2024-01-05,True,True,False,False,True
user_08770,2024-01-12,True,False,False,False,True
user_08771,2024-01-29,True,True,False,False,True
user_08772,2024-02-09,True,True,True,False,True
user_08773,2024-01-10,True,True,False,False,True
user_08774,2024-01-20,True,True,True,True,False
user_08775,2024-02-09,True,False,False,False,True
user_08776,2024-02-13,True,False,False,False,True
user_08777,2024-01-19,True,True,True,False,True
user_08778,2024-01-18,True,True,False,False,True
user_08779,2024-01-11,True,True,False,False,True
user_08780,2024-01-20,False,False,False,False,True
user_08781,2024-01-26,True,False,False,False,True
user_08782,2024-01-17,False,False,False,False,True
user_08783,2024-01-22,False,False,False,False,True
user_08784,2024-01-26,True,False,False,False,True
user_08785,2024-01-12,True,True,True,False,True
user_08786,2024-01-04,True,False,False,False,True
user_08787,2024-01-23,False,False,False,False,True
user_08788,2024-01-17,True,True,True,False,True
user_08789,2024-02-03,True,False,False,False,True
user_08790,2024-01-18,True,True,True,False,True
user_08791,2024-02-01,True,False,False,False,True
user_08792,2024-01-17,True,True,True,True,False
user_08793,2024-01-06,True,True,False,False,True
user_08794,2024-01-19,False,False,False,False,True
user_08795,2024-02-20,True,False,False,False,True
user_08796,2024-01-07,True,True,False,False,True
user_08797,2024-02-10,True,False,False,False,True
user_08798,2024-02-06,True,False,False,False,True
user_08799,2024-02-17,False,False,False,False,True
user_08800,2024-02-24,True,True,True,True,False
user_08801,2024-01-09,True,False,False,False,True
user_08802,2024-02-17,False,False,False,False,True
user_08803,2024-02-28,True,False,False,False,True
user_08804,2024-02-09,True,False,False,False,True
user_08805,2024-01-22,True,True,True,False,True
user_08806,2024-01-01,True,True,False,False,True
user_08807,2024-01-27,False,False,False,False,True
user_08808,2024-02-04,True,True,True,True,False
user_08809,2024-01-17,False,False,False,False,True
user_08810,2024-02-12,True,True,True,False,True
user_08811,2024-02-15,False,False,False,False,True
user_08812,2024-01-20,True,True,False,False,True
user_08813,2024-01-03,False,False,False,False,True
user_08814,2024-02-05,True,True,True,False,True
user_08815,2024-01-20,True,True,False,False,True
user_08816,2024-01-04,True,True,False,False,True
user_08817,2024-02-29,True,False,False,False,True
user_08818,2024-02-01,False,False,False,False,True
user_08819,2024-02-10,True,False,False,False,True
user_08820,2024-02-25,True,True,False,False,True
user_08821,2024-01-26,True,False,False,False,True
user_08822,2024-02-29,True,False,False,False,True
user_08823,2024-01-04,True,True,False,False,True
user_08824,2024-01-05,True,True,True,False,True
user_08825,2024-01-25,False,False,False,False,True
user_08826,2024-01-12,True,False,False,False,True
user_08827,2024-02-17,True,True,True,True,False
user_08828,2024-01-18,False,False,False,False,True
user_08829,2024-01-23,True,True,False,False,True
user_08830,2024-02-06,True,True,False,False,True
user_08831,2024-01-13,True,True,True,True,False
user_08832,2024-02-09,False,False,False,False,True
user_08833,2024-01-29,False,False,False,False,True
user_08834,2024-01-11,True,True,True,False,True
user_08835,2024-01-01,True,False,False,False,True
user_08836,2024-02-03,True,False,False,False,True
user_08837,2024-01-29,True,True,True,False,True
user_08838,2024-01-25,True,True,True,False,True
user_08839,2024-02-08,False,False,False,False,True
user_08840,2024-01-14,True,False,False,False,True
user_08841,2024-02-26,True,True,True,False,True
user_08842,2024-02-05,True,True,True,False,True
user_08843,2024-01-07,True,True,True,False,True
user_08844,2024-02-01,True,True,True,False,True
user_08845,2024-02-19,True,True,True,False,True
user_08846,2024-01-03,True,True,False,False,True
user_08847,2024-01-19,False,False,False,False,True
user_08848,2024-01-25,True,True,True,False,True
user_08849,2024-02-28,True,True,False,False,True
user_08850,2024-02-12,False,False,False,False,True
user_08851,2024-02-11,True,False,False,False,True
user_08852,2024-01-07,True,False,False,False,True
user_08853,2024-01-05,True,False,False,False,True
user_08854,2024-01-10,False,False,False,False,True
user_08855,2024-02-18,True,True,True,False,True
user_08856,2024-02-07,True,True,False,False,True
user_08857,2024-02-08,True,True,False,False,True
user_08858,2024-02-19,False,False,False,False,True
user_08859,2024-01-18,False,False,False,False,True
user_08860,2024-02-09,True,False,False,False,True
user_08861,2024-01-11,False,False,False,False,True
user_08862,2024-02-12,False,False,False,False,True
user_08863,2024-02-16,True,True,False,False,True
user_08864,2024-02-22,True,False,False,False,True
user_08865,2024-01-16,True,False,False,False,True
user_08866,2024-01-16,True,True,True,False,True
user_08867,2024-01-26,True,False,False,False,True
user_08868,2024-02-12,True,False,False,False,True
user_08869,2024-01-16,True,False,False,False,True
user_08870,2024-01-14,True,True,True,True,False
user_08871,2024-01-30,True,True,True,False,True
user_08872,2024-01-17,False,False,False,False,True
user_08873,2024-02-20,True,True,True,False,True
user_08874,2024-02-15,True,False,False,False,True
user_08875,2024-02-25,True,True,False,False,True
user_08876,2024-02-18,True,True,False,False,True
user_08877,2024-01-26,True,True,False,False,True
user_08878,2024-01-15,True,True,False,False,True
user_08879,2024-01-11,True,True,False,False,True
user_08880,2024-01-06,False,False,False,False,True
user_08881,2024-02-01,True,True,False,False,True
user_08882,2024-02-03,True,False,False,False,True
user_08883,2024-02-14,True,False,False,False,True
user_08884,2024-01-07,False,False,False,False,True
user_08885,2024-02-22,True,True,True,False,True
user_08886,2024-02-27,True,False,False,False,True
user_08887,2024-01-09,True,True,False,False,True
user_08888,2024-01-27,False,False,False,False,True
user_08889,2024-01-31,True,True,False,False,True
user_08890,2024-01-30,True,True,False,False,True
user_08891,2024-01-29,True,True,False,False,True
user_08892,2024-01-26,True,False,False,False,True
user_08893,2024-01-21,False,False,False,False,True
user_08894,2024-02-10,True,False,False,False,True
user_08895,2024-02-06,True,True,False,False,True
user_08896,2024-01-11,True,False,False,False,True
user_08897,2024-02-17,True,True,False,False,True
user_08898,2024-01-26,True,True,False,False,True
user_08899,2024-01-10,True,True,True,True,False
user_08900,2024-01-31,False,False,False,False,True
user_08901,2024-02-08,True,True,True,True,False
user_08902,2024-02-01,True,False,False,False,True
user_08903,2024-01-23,True,True,True,True,False
user_08904,2024-02-09,True,True,False,False,True
user_08905,2024-02-24,True,False,False,False,True
user_08906,2024-02-26,True,False,False,False,True
user_08907,2024-02-01,True,False,False,False,True
user_08908,2024-01-04,False,False,False,False,True
user_08909,2024-02-07,True,False,False,False,True
user_08910,2024-01-09,True,True,True,True,False
user_08911,2024-02-15,True,False,False,False,True
user_08912,2024-01-09,True,True,True,True,False
user_08913,2024-01-13,True,True,True,False,True
user_08914,2024-01-13,True,True,False,False,True
user_08915,2024-01-30,True,True,False,False,True
user_08916,2024-02-10,True,False,False,False,True
user_08917,2024-01-01,False,False,False,False,True
user_08918,2024-01-09,False,False,False,False,True
user_08919,2024-01-01,False,False,False,False,True
user_08920,2024-01-08,True,False,False,False,True
user_08921,2024-02-07,True,True,False,False,True
user_08922,2024-02-22,True,True,False,False,True
user_08923,2024-01-20,True,False,False,False,True
user_08924,2024-01-11,True,True,False,False,True
user_08925,2024-02-16,True,False,False,False,True
user_08926,2024-01-25,False,False,False,False,True
user_08927,2024-02-29,False,False,False,False,True
user_08928,2024-02-14,True,True,False,False,True
user_08929,2024-02-18,True,True,True,True,False
user_08930,2024-01-21,True,True,True,True,False
user_08931,2024-01-04,True,False,False,False,True
user_08932,2024-01-07,False,False,False,False,True
user_08933,2024-02-27,True,True,False,False,True
user_08934,2024-02-02,True,False,False,False,True
user_08935,2024-01-14,True,False,False,False,True
user_08936,2024-01-30,True,False,False,False,True
user_08937,2024-01-29,True,True,True,False,True
user_08938,2024-01-06,True,True,True,True,False
user_08939,2024-01-16,True,True,True,True,False
user_08940,2024-02-28,True,True,True,True,False
user_08941,2024-02-21,True,False,False,False,True
user_08942,2024-02-22,True,False,False,False,True
user_08943,2024-02-26,True,True,True,True,False
user_08944,2024-02-15,True,False,False,False,True
user_08945,2024-01-22,True,False,False,False,True
user_08946,2024-01-09,True,True,False,False,True
user_08947,2024-02-29,True,True,True,True,False
user_08948,2024-02-26,True,False,False,False,True
user_08949,2024-01-25,False,False,False,False,True
user_08950,2024-02-23,False,False,False,False,True
user_08951,2024-01-24,True,False,False,False,True
user_08952,2024-02-12,True,True,False,False,True
user_08953,2024-02-02,True,True,False,False,True
user_08954,2024-01-17,True,True,False,False,True
user_08955,2024-01-02,True,False,False,False,True
user_08956,2024-02-22,True,False,False,False,True
user_08957,2024-01-05,True,True,True,False,True
user_08958,2024-01-12,True,True,False,False,True
user_08959,2024-01-08,True,True,True,False,True
user_08960,2024-02-01,True,False,False,False,True
user_08961,2024-02-19,True,True,True,False,True
user_08962,2024-02-06,False,False,False,False,True
user_08963,2024-02-08,True,True,False,False,True
user_08964,2024-01-31,True,True,False,False,True
user_08965,2024-02-05,True,True,False,False,True
user_08966,2024-01-27,False,False,False,False,True
user_08967,2024-01-06,True,True,False,False,True
user_08968,2024-02-26,False,False,False,False,True
user_08969,2024-02-10,False,False,False,False,True
user_08970,2024-01-10,True,False,False,False,True
user_08971,2024-01-08,True,False,False,False,True
user_08972,2024-02-11,True,True,False,False,True
user_08973,2024-01-05,True,True,True,False,True
user_08974,2024-01-05,True,False,False,False,True
user_08975,2024-02-02,True,True,True,False,True
user_08976,2024-02-25,True,False,False,False,True
user_08977,2024-01-26,True,False,False,False,True
user_08978,2024-02-20,True,False,False,False,True
user_08979,2024-02-19,True,True,False,False,True
user_08980,2024-02-28,False,False,False,False,True
user_08981,2024-01-25,True,True,False,False,True
user_08982,2024-01-19,True,True,True,False,True
user_08983,2024-01-19,True,True,False,False,True
user_08984,2024-01-30,True,False,False,False,True
user_08985,2024-01-19,True,True,False,False,True
user_08986,2024-01-28,True,False,False,False,True
user_08987,2024-01-16,True,True,False,False,True
user_08988,2024-01-28,True,True,True,True,False
user_08989,2024-02-17,True,False,False,False,True
user_08990,2024-02-17,True,False,False,False,True
user_08991,2024-02-26,True,True,False,False,True
user_08992,2024-01-16,True,True,False,False,True
user_08993,2024-02-28,False,False,False,False,True
user_08994,2024-02-24,True,True,False,False,True
user_08995,2024-01-02,True,True,True,False,True
user_08996,2024-01-05,True,False,False,False,True
user_08997,2024-02-25,False,False,False,False,True
user_08998,2024-01-18,True,True,True,True,False
user_08999,2024-02-10,True,False,False,False,True
user_09000,2024-01-31,True,True,False,False,True
user_09001,2024-01-29,True,True,True,True,False
user_09002,2024-01-25,True,True,True,True,False
user_09003,2024-02-06,True,True,True,False,True
user_09004,2024-01-13,True,False,False,False,True
user_09005,2024-01-14,True,True,True,False,True
user_09006,2024-01-04,True,False,False,False,True
user_09007,2024-01-07,True,True,True,True,False
user_09008,2024-01-02,True,True,False,False,True
user_09009,2024-01-27,True,False,False,False,True
user_09010,2024-01-21,True,True,False,False,True
user_09011,2024-01-12,False,False,False,False,True
user_09012,2024-01-09,True,True,True,False,True
user_09013,2024-01-30,False,False,False,False,True
user_09014,2024-01-25,False,False,False,False,True
user_09015,2024-02-10,True,False,False,False,True
user_09016,2024-01-21,True,False,False,False,True
user_09017,2024-01-04,True,False,False,False,True
user_09018,2024-02-10,True,False,False,False,True
user_09019,2024-02-15,False,False,False,False,True
user_09020,2024-01-15,True,False,False,False,True
user_09021,2024-01-30,False,False,False,False,True
user_09022,2024-02-12,True,True,True,False,True
user_09023,2024-01-30,True,True,True,False,True
user_09024,2024-01-12,True,False,False,False,True
user_09025,2024-02-17,True,False,False,False,True
user_09026,2024-01-12,False,False,False,False,True
user_09027,2024-02-21,True,True,True,True,False
user_09028,2024-02-08,True,True,False,False,True
user_09029,2024-02-12,True,True,True,False,True
user_09030,2024-01-15,True,True,True,False,True
user_09031,2024-02-21,True,True,False,False,True
user_09032,2024-01-28,True,False,False,False,True
user_09033,2024-02-24,False,False,False,False,True
user_09034,2024-02-19,True,True,True,False,True
user_09035,2024-02-06,True,True,True,False,True
user_09036,2024-02-09,True,True,True,False,True
user_09037,2024-01-18,True,True,True,True,False
user_09038,2024-02-21,False,False,False,False,True
user_09039,2024-01-03,True,False,False,False,True
user_09040,2024-02-13,True,False,False,False,True
user_09041,2024-01-21,True,True,True,True,False
user_09042,2024-02-23,True,False,False,False,True
user_09043,2024-02-09,True,False,False,False,True
user_09044,2024-01-10,True,False,False,False,True
user_09045,2024-02-03,True,True,True,True,False
user_09046,2024-02-26,True,False,False,False,True
user_09047,2024-02-22,True,True,False,False,True
user_09048,2024-02-18,True,True,True,True,False
user_09049,2024-01-07,True,True,True,True,False
user_09050,2024-01-01,True,True,True,False,True
user_09051,2024-01-02,False,False,False,False,True
user_09052,2024-01-25,True,True,True,False,True
user_09053,2024-01-15,False,False,False,False,True
user_09054,2024-01-31,True,False,False,False,True
user_09055,2024-01-14,True,False,False,False,True
user_09056,2024-02-07,True,True,False,False,True
user_09057,2024-01-12,True,True,False,False,True
user_09058,2024-02-12,True,True,True,False,True
user_09059,2024-02-18,True,False,False,False,True
user_09060,2024-01-27,True,True,True,True,False
user_09061,2024-01-06,True,True,False,False,True
user_09062,2024-01-29,True,True,True,True,False
user_09063,2024-01-25,True,True,True,False,True
user_09064,2024-02-16,True,True,False,False,True
user_09065,2024-01-20,True,True,True,False,True
user_09066,2024-01-19,False,False,False,False,True
user_09067,2024-02-05,True,True,True,False,True
user_09068,2024-02-02,True,False,False,False,True
user_09069,2024-02-26,True,False,False,False,True
user_09070,2024-01-06,True,False,False,False,True
user_09071,2024-01-12,True,False,False,False,True
user_09072,2024-02-23,True,False,False,False,True
user_09073,2024-02-08,False,False,False,False,True
user_09074,2024-02-22,False,False,False,False,True
user_09075,2024-01-25,True,False,False,False,True
user_09076,2024-02-28,False,False,False,False,True
user_09077,2024-01-18,False,False,False,False,True
user_09078,2024-01-17,True,True,False,False,True
user_09079,2024-02-24,True,True,True,False,True
user_09080,2024-02-05,True,True,False,False,True
user_09081,2024-02-09,True,True,True,False,True
user_09082,2024-01-05,False,False,False,False,True
user_09083,2024-01-08,True,False,False,False,True
user_09084,2024-01-02,True,False,False,False,True
user_09085,2024-01-16,True,True,False,False,True
user_09086,2024-01-02,True,True,True,True,False
user_09087,2024-01-18,False,False,False,False,True
user_09088,2024-01-08,False,False,False,False,True
user_09089,2024-02-26,True,False,False,False,True
user_09090,2024-01-02,True,True,False,False,True
user_09091,2024-02-07,True,True,True,False,True
user_09092,2024-01-19,True,False,False,False,True
user_09093,2024-01-01,False,False,False,False,True
user_09094,2024-01-17,True,True,True,True,False
user_09095,2024-02-21,True,True,True,False,True
user_09096,2024-01-27,True,False,False,False,True
user_09097,2024-02-15,True,True,True,True,False
user_09098,2024-02-16,True,False,False,False,True
user_09099,2024-01-31,True,True,False,False,True
user_09100,2024-02-24,True,True,False,False,True
user_09101,2024-02-06,True,True,True,False,True
user_09102,2024-01-12,True,True,True,False,True
user_09103,2024-02-05,False,False,False,False,True
user_09104,2024-01-16,True,True,True,False,True
user_09105,2024-01-17,True,True,False,False,True
user_09106,2024-02-01,True,True,True,False,True
user_09107,2024-01-02,False,False,False,False,True
user_09108,2024-02-06,True,True,False,False,True
user_09109,2024-01-19,True,False,False,False,True
user_09110,2024-01-02,True,True,True,True,False
user_09111,2024-02-14,True,False,False,False,True
user_09112,2024-01-25,True,True,False,False,True
user_09113,2024-01-08,True,True,False,False,True
user_09114,2024-01-07,True,True,True,False,True
user_09115,2024-02-19,True,True,True,True,False
user_09116,2024-02-25,True,False,False,False,True
user_09117,2024-02-09,True,True,False,False,True
user_09118,2024-01-23,True,True,False,False,True
user_09119,2024-01-29,True,True,True,False,True
user_09120,2024-01-02,True,False,False,False,True
user_09121,2024-01-14,True,True,True,False,True
user_09122,2024-01-14,True,True,False,False,True
user_09123,2024-02-21,False,False,False,False,True
user_09124,2024-02-18,True,False,False,False,True
user_09125,2024-01-17,True,False,False,False,True
user_09126,2024-02-10,False,False,False,False,True
user_09127,2024-01-20,True,False,False,False,True
user_09128,2024-01-22,True,False,False,False,True
user_09129,2024-01-13,True,True,True,True,False
user_09130,2024-01-29,True,True,True,True,False
user_09131,2024-02-07,True,True,True,False,True
user_09132,2024-02-25,True,False,False,False,True
user_09133,2024-01-30,True,True,True,True,False
user_09134,2024-01-04,True,True,True,False,True
user_09135,2024-02-01,True,False,False,False,True
user_09136,2024-02-07,True,False,False,False,True
user_09137,2024-01-15,False,False,False,False,True
user_09138,2024-01-22,False,False,False,False,True
user_09139,2024-01-11,False,False,False,False,True
user_09140,2024-02-15,True,False,False,False,True
user_09141,2024-01-17,True,True,False,False,True
user_09142,2024-01-20,True,False,False,False,True
user_09143,2024-01-02,False,False,False,False,True
user_09144,2024-01-24,True,False,False,False,True
user_09145,2024-01-08,True,False,False,False,True
user_09146,2024-01-02,True,False,False,False,True
user_09147,2024-01-19,True,True,False,False,True
user_09148,2024-01-26,True,True,True,True,False
user_09149,2024-02-02,True,False,False,False,True
user_09150,2024-02-20,True,True,False,False,True
user_09151,2024-01-31,True,False,False,False,True
user_09152,2024-02-16,True,True,True,False,True
user_09153,2024-02-21,True,True,False,False,True
user_09154,2024-01-03,False,False,False,False,True
user_09155,2024-02-07,False,False,False,False,True
user_09156,2024-01-30,True,False,False,False,True
user_09157,2024-02-13,True,False,False,False,True
user_09158,2024-01-16,True,False,False,False,True
user_09159,2024-02-15,True,False,False,False,True
user_09160,2024-01-07,False,False,False,False,True
user_09161,2024-01-30,True,True,False,False,True
user_09162,2024-02-26,False,False,False,False,True
user_09163,2024-02-19,True,False,False,False,True
user_09164,2024-01-31,False,False,False,False,True
user_09165,2024-01-14,True,True,True,False,True
user_09166,2024-02-04,False,False,False,False,True
user_09167,2024-02-25,True,True,True,True,False
user_09168,2024-01-04,False,False,False,False,True
user_09169,2024-02-28,True,True,True,False,True
user_09170,2024-01-21,True,False,False,False,True
user_09171,2024-02-20,True,True,True,True,False
user_09172,2024-01-23,True,False,False,False,True
user_09173,2024-01-04,True,False,False,False,True
user_09174,2024-02-09,True,False,False,False,True
user_09175,2024-01-10,True,False,False,False,True
user_09176,2024-02-05,True,True,False,False,True
user_09177,2024-02-12,True,False,False,False,True
user_09178,2024-02-18,True,False,False,False,True
user_09179,2024-01-27,True,True,True,False,True
user_09180,2024-02-20,True,False,False,False,True
user_09181,2024-01-10,True,True,False,False,True
user_09182,2024-02-08,True,False,False,False,True
user_09183,2024-02-08,True,False,False,False,True
user_09184,2024-01-01,True,True,False,False,True
user_09185,2024-02-12,True,True,False,False,True
user_09186,2024-01-02,True,False,False,False,True
user_09187,2024-01-12,True,True,True,False,True
user_09188,2024-01-10,False,False,False,False,True
user_09189,2024-01-10,True,False,False,False,True
user_09190,2024-02-23,True,True,False,False,True
user_09191,2024-02-17,True,False,False,False,True
user_09192,2024-01-11,True,True,False,False,True
user_09193,2024-02-22,True,False,False,False,True
user_09194,2024-01-05,False,False,False,False,True
user_09195,2024-02-21,True,True,True,True,False
user_09196,2024-01-20,True,True,False,False,True
user_09197,2024-01-02,True,True,False,False,True
user_09198,2024-01-08,True,True,False,False,True
user_09199,2024-02-09,True,True,False,False,True
user_09200,2024-02-20,True,False,False,False,True
user_09201,2024-02-09,True,True,True,False,True
user_09202,2024-02-08,True,False,False,False,True
user_09203,2024-02-05,False,False,False,False,True
user_09204,2024-01-01,True,True,False,False,True
user_09205,2024-01-27,True,True,True,False,True
user_09206,2024-02-18,True,False,False,False,True
user_09207,2024-01-28,False,False,False,False,True
user_09208,2024-01-18,True,True,True,False,True
user_09209,2024-01-18,False,False,False,False,True
user_09210,2024-02-07,True,False,False,False,True
user_09211,2024-01-17,True,True,False,False,True
user_09212,2024-01-25,True,False,False,False,True
user_09213,2024-02-08,True,True,True,False,True
user_09214,2024-01-26,True,True,False,False,True
user_09215,2024-01-10,True,True,False,False,True
user_09216,2024-01-13,True,True,True,False,True
user_09217,2024-02-01,False,False,False,False,True
user_09218,2024-01-20,True,False,False,False,True
user_09219,2024-02-23,True,True,False,False,True
user_09220,2024-01-21,True,True,False,False,True
user_09221,2024-01-12,True,True,True,True,False
user_09222,2024-01-17,True,True,True,True,False
user_09223,2024-01-26,True,True,False,False,True
user_09224,2024-02-17,True,True,False,False,True
user_09225,2024-01-27,False,False,False,False,True
user_09226,2024-02-24,True,True,True,False,True
user_09227,2024-02-21,True,True,False,False,True
user_09228,2024-01-13,False,False,False,False,True
user_09229,2024-02-15,True,True,True,True,False
user_09230,2024-02-27,True,True,False,False,True
user_09231,2024-02-29,True,True,True,False,True
user_09232,2024-01-23,True,True,False,False,True
user_09233,2024-02-27,False,False,False,False,True
user_09234,2024-02-11,True,True,True,False,True
user_09235,2024-02-02,True,False,False,False,True
user_09236,2024-02-20,True,True,False,False,True
user_09237,2024-01-18,True,False,False,False,True
user_09238,2024-02-16,True,False,False,False,True
user_09239,2024-02-19,True,False,False,False,True
user_09240,2024-02-27,True,True,False,False,True
user_09241,2024-01-14,True,True,False,False,True
user_09242,2024-02-02,True,True,False,False,True
user_09243,2024-02-17,False,False,False,False,True
user_09244,2024-02-13,True,True,True,True,False
user_09245,2024-01-18,True,False,False,False,True
user_09246,2024-01-05,True,True,False,False,True
user_09247,2024-01-20,False,False,False,False,True
user_09248,2024-01-27,True,False,False,False,True
user_09249,2024-02-27,True,True,True,False,True
user_09250,2024-02-16,True,True,False,False,True
user_09251,2024-02-08,True,False,False,False,True
user_09252,2024-01-19,True,False,False,False,True
user_09253,2024-02-08,True,True,False,False,True
user_09254,2024-01-21,False,False,False,False,True
user_09255,2024-02-25,True,False,False,False,True
user_09256,2024-01-27,False,False,False,False,True
user_09257,2024-01-16,True,True,False,False,True
user_09258,2024-02-13,True,True,False,False,True
user_09259,2024-02-23,True,True,False,False,True
user_09260,2024-01-25,True,False,False,False,True
user_09261,2024-01-09,True,False,False,False,True
user_09262,2024-01-24,False,False,False,False,True
user_09263,2024-02-06,True,False,False,False,True
user_09264,2024-01-14,True,True,True,False,True
user_09265,2024-02-10,True,True,True,False,True
user_09266,2024-02-05,True,False,False,False,True
user_09267,2024-01-12,True,True,False,False,True
user_09268,2024-01-30,True,True,True,True,False
user_09269,2024-01-11,True,True,True,True,False
user_09270,2024-02-11,True,False,False,False,True
user_09271,2024-01-11,True,False,False,False,True
user_09272,2024-01-24,False,False,False,False,True
user_09273,2024-01-15,True,False,False,False,True
user_09274,2024-02-21,True,False,False,False,True
user_09275,2024-01-13,True,True,True,True,False
user_09276,2024-02-17,True,True,False,False,True
user_09277,2024-02-04,True,True,False,False,True
user_09278,2024-01-19,True,True,True,True,False
user_09279,2024-01-22,True,True,True,False,True
user_09280,2024-02-10,True,False,False,False,True
user_09281,2024-02-27,False,False,False,False,True
user_09282,2024-02-21,True,False,False,False,True
user_09283,2024-02-02,True,True,True,True,False
user_09284,2024-01-27,True,False,False,False,True
user_09285,2024-01-23,True,True,True,False,True
user_09286,2024-02-08,True,True,True,False,True
user_09287,2024-01-24,True,True,True,False,True
user_09288,2024-01-10,False,False,False,False,True
user_09289,2024-02-07,True,True,True,False,True
user_09290,2024-01-23,False,False,False,False,True
user_09291,2024-01-13,True,False,False,False,True
user_09292,2024-01-16,False,False,False,False,True
user_09293,2024-02-29,False,False,False,False,True
user_09294,2024-01-16,True,True,False,False,True
user_09295,2024-02-05,True,True,True,False,True
user_09296,2024-01-25,True,False,False,False,True
user_09297,2024-01-19,True,True,True,False,True
user_09298,2024-01-16,True,True,True,True,False
user_09299,2024-02-17,False,False,False,False,True
user_09300,2024-02-04,True,True,True,True,False
user_09301,2024-02-07,True,True,True,False,True
user_09302,2024-01-21,True,True,False,False,True
user_09303,2024-02-26,False,False,False,False,True
user_09304,2024-02-05,True,False,False,False,True
user_09305,2024-02-27,True,True,True,False,True
user_09306,2024-02-10,True,True,False,False,True
user_09307,2024-01-20,True,True,False,False,True
user_09308,2024-02-01,False,False,False,False,True
user_09309,2024-01-30,True,True,False,False,True
user_09310,2024-02-01,True,True,True,True,False
user_09311,2024-01-22,False,False,False,False,True
user_09312,2024-02-27,True,False,False,False,True
user_09313,2024-01-07,True,True,False,False,True
user_09314,2024-01-26,True,True,True,False,True
user_09315,2024-02-10,True,True,False,False,True
user_09316,2024-02-19,True,True,True,False,True
user_09317,2024-01-01,True,True,True,True,False
user_09318,2024-02-05,True,False,False,False,True
user_09319,2024-02-26,True,True,True,True,False
user_09320,2024-02-06,True,True,True,True,False
user_09321,2024-01-07,True,True,True,False,True
user_09322,2024-01-07,True,False,False,False,True
user_09323,2024-02-15,True,True,False,False,True
user_09324,2024-01-03,True,True,True,False,True
user_09325,2024-02-05,True,True,False,False,True
user_09326,2024-02-17,True,True,False,False,True
user_09327,2024-01-29,False,False,False,False,True
user_09328,2024-01-30,False,False,False,False,True
user_09329,2024-01-01,False,False,False,False,True
user_09330,2024-01-03,True,True,False,False,True
user_09331,2024-02-27,True,True,True,False,True
user_09332,2024-02-04,False,False,False,False,True
user_09333,2024-01-04,False,False,False,False,True
user_09334,2024-02-12,True,True,False,False,True
user_09335,2024-02-10,False,False,False,False,True
user_09336,2024-01-03,True,False,False,False,True
user_09337,2024-01-22,True,False,False,False,True
user_09338,2024-01-22,False,False,False,False,True
user_09339,2024-01-17,False,False,False,False,True
user_09340,2024-02-25,False,False,False,False,True
user_09341,2024-02-14,True,False,False,False,True
user_09342,2024-02-26,True,False,False,False,True
user_09343,2024-02-28,True,False,False,False,True
user_09344,2024-02-17,True,True,False,False,True
user_09345,2024-02-10,True,False,False,False,True
user_09346,2024-01-31,True,True,False,False,True
user_09347,2024-01-15,True,False,False,False,True
user_09348,2024-02-25,True,True,False,False,True
user_09349,2024-01-10,True,False,False,False,True
user_09350,2024-01-27,True,False,False,False,True
user_09351,2024-01-06,True,False,False,False,True
user_09352,2024-02-16,True,False,False,False,True
user_09353,2024-02-23,False,False,False,False,True
user_09354,2024-02-01,True,True,False,False,True
user_09355,2024-01-01,True,True,False,False,True
user_09356,2024-01-25,True,False,False,False,True
user_09357,2024-01-28,True,False,False,False,True
user_09358,2024-02-05,False,False,False,False,True
user_09359,2024-02-29,True,True,True,False,True
user_09360,2024-01-11,True,True,False,False,True
user_09361,2024-01-21,True,False,False,False,True
user_09362,2024-01-04,False,False,False,False,True
user_09363,2024-02-15,False,False,False,False,True
user_09364,2024-01-20,False,False,False,False,True
user_09365,2024-01-02,True,False,False,False,True
user_09366,2024-01-15,True,True,True,True,False
user_09367,2024-01-18,True,False,False,False,True
user_09368,2024-02-18,True,False,False,False,True
user_09369,2024-01-15,True,True,False,False,True
user_09370,2024-02-03,True,True,True,False,True
user_09371,2024-01-14,True,True,True,True,False
user_09372,2024-01-12,True,True,True,False,True
user_09373,2024-01-07,True,True,True,False,True
user_09374,2024-01-12,True,True,True,False,True
user_09375,2024-01-19,True,False,False,False,True
user_09376,2024-02-21,True,True,False,False,True
user_09377,2024-01-01,False,False,False,False,True
user_09378,2024-02-05,True,True,False,False,True
user_09379,2024-01-07,True,False,False,False,True
user_09380,2024-01-25,True,False,False,False,True
user_09381,2024-01-27,True,True,True,False,True
user_09382,2024-01-15,True,True,True,False,True
user_09383,2024-02-02,True,False,False,False,True
user_09384,2024-01-07,True,False,False,False,True
user_09385,2024-01-13,True,True,True,False,True
user_09386,2024-02-15,True,True,True,True,False
user_09387,2024-01-30,True,True,True,False,True
user_09388,2024-02-22,True,False,False,False,True
user_09389,2024-02-09,True,False,False,False,True
user_09390,2024-02-03,True,True,True,True,False
user_09391,2024-02-11,True,False,False,False,True
user_09392,2024-02-18,True,True,True,True,False
user_09393,2024-01-16,False,False,False,False,True
user_09394,2024-02-10,True,True,False,False,True
user_09395,2024-01-11,True,False,False,False,True
user_09396,2024-02-08,True,True,False,False,True
user_09397,2024-01-17,True,False,False,False,True
user_09398,2024-01-28,True,True,True,False,True
user_09399,2024-02-04,True,False,False,False,True
user_09400,2024-02-02,False,False,False,False,True
user_09401,2024-01-11,True,False,False,False,True
user_09402,2024-02-20,True,False,False,False,True
user_09403,2024-01-18,True,False,False,False,True
user_09404,2024-01-30,True,False,False,False,True
user_09405,2024-02-18,True,False,False,False,True
user_09406,2024-02-25,True,True,False,False,True
user_09407,2024-01-14,False,False,False,False,True
user_09408,2024-01-31,True,True,True,False,True
user_09409,2024-01-25,True,True,True,False,True
user_09410,2024-02-01,False,False,False,False,True
user_09411,2024-02-02,True,True,True,False,True
user_09412,2024-02-28,False,False,False,False,True
user_09413,2024-01-13,True,False,False,False,True
user_09414,2024-01-29,True,True,False,False,True
user_09415,2024-01-21,False,False,False,False,True
user_09416,2024-02-08,True,False,False,False,True
user_09417,2024-01-07,True,True,True,True,False
user_09418,2024-01-13,True,True,False,False,True
user_09419,2024-02-08,False,False,False,False,True
user_09420,2024-01-08,True,False,False,False,True
user_09421,2024-02-17,True,False,False,False,True
user_09422,2024-02-22,True,True,False,False,True
user_09423,2024-02-17,True,True,False,False,True
user_09424,2024-01-13,True,False,False,False,True
user_09425,2024-01-03,True,True,True,True,False
user_09426,2024-02-11,False,False,False,False,True
user_09427,2024-01-01,True,True,True,True,False
user_09428,2024-02-28,True,True,True,False,True
user_09429,2024-01-15,True,False,False,False,True
user_09430,2024-01-06,True,True,True,False,True
user_09431,2024-01-29,True,False,False,False,True
user_09432,2024-01-31,True,True,False,False,True
user_09433,2024-01-04,True,True,False,False,True
user_09434,2024-01-10,False,False,False,False,True
user_09435,2024-01-23,True,True,False,False,True
user_09436,2024-01-08,True,True,True,False,True
user_09437,2024-02-28,True,True,False,False,True
user_09438,2024-01-18,True,False,False,False,True
user_09439,2024-01-23,True,False,False,False,True
user_09440,2024-01-29,False,False,False,False,True
user_09441,2024-02-08,True,True,False,False,True
user_09442,2024-02-18,True,True,True,False,True
user_09443,2024-01-27,True,True,True,False,True
user_09444,2024-01-29,False,False,False,False,True
user_09445,2024-01-28,True,True,True,False,True
user_09446,2024-02-19,True,False,False,False,True
user_09447,2024-01-06,True,False,False,False,True
user_09448,2024-02-22,True,True,False,False,True
user_09449,2024-02-24,True,True,True,False,True
user_09450,2024-01-18,True,True,True,False,True
user_09451,2024-02-17,True,False,False,False,True
user_09452,2024-01-16,True,False,False,False,True
user_09453,2024-02-02,True,True,False,False,True
user_09454,2024-01-05,True,True,False,False,True
user_09455,2024-01-17,True,True,True,False,True
user_09456,2024-02-25,True,False,False,False,True
user_09457,2024-02-08,True,False,False,False,True
user_09458,2024-01-12,True,False,False,False,True
user_09459,2024-01-07,True,False,False,False,True
user_09460,2024-01-04,True,False,False,False,True
user_09461,2024-02-29,True,False,False,False,True
user_09462,2024-02-20,True,False,False,False,True
user_09463,2024-01-30,True,True,True,True,False
user_09464,2024-01-08,True,False,False,False,True
user_09465,2024-01-25,True,True,True,False,True
user_09466,2024-02-17,True,True,True,True,False
user_09467,2024-02-11,True,False,False,False,True
user_09468,2024-02-22,False,False,False,False,True
user_09469,2024-01-06,True,True,False,False,True
user_09470,2024-01-05,True,False,False,False,True
user_09471,2024-01-07,False,False,False,False,True
user_09472,2024-01-12,True,True,False,False,True
user_09473,2024-02-05,True,False,False,False,True
user_09474,2024-02-25,True,True,False,False,True
user_09475,2024-01-07,False,False,False,False,True
user_09476,2024-02-12,True,False,False,False,True
user_09477,2024-02-06,False,False,False,False,True
user_09478,2024-02-25,True,True,False,False,True
user_09479,2024-01-04,True,True,False,False,True
user_09480,2024-02-13,True,True,True,False,True
user_09481,2024-01-28,True,False,False,False,True
user_09482,2024-02-20,True,True,False,False,True
user_09483,2024-01-24,True,True,True,False,True
user_09484,2024-01-02,True,False,False,False,True
user_09485,2024-01-14,True,False,False,False,True
user_09486,2024-01-18,True,True,True,False,True
user_09487,2024-01-13,True,True,True,False,True
user_09488,2024-01-10,True,True,True,True,False
user_09489,2024-01-24,True,False,False,False,True
user_09490,2024-01-05,True,False,False,False,True
user_09491,2024-02-02,True,True,True,True,False
user_09492,2024-02-10,True,True,False,False,True
user_09493,2024-02-28,True,True,True,False,True
user_09494,2024-01-15,True,True,False,False,True
user_09495,2024-02-03,False,False,False,False,True
user_09496,2024-01-05,True,True,True,True,False
user_09497,2024-01-19,True,False,False,False,True
user_09498,2024-01-16,False,False,False,False,True
user_09499,2024-01-22,True,False,False,False,True
user_09500,2024-01-04,True,True,False,False,True
user_09501,2024-01-09,True,False,False,False,True
user_09502,2024-01-04,True,True,False,False,True
user_09503,2024-02-01,True,False,False,False,True
user_09504,2024-02-01,False,False,False,False,True
user_09505,2024-02-15,False,False,False,False,True
user_09506,2024-01-07,True,True,True,True,False
user_09507,2024-02-22,True,False,False,False,True
user_09508,2024-01-01,True,True,False,False,True
user_09509,2024-01-02,True,True,False,False,True
user_09510,2024-01-20,True,True,False,False,True
user_09511,2024-01-02,False,False,False,False,True
user_09512,2024-01-29,True,True,True,True,False
user_09513,2024-02-03,True,True,True,True,False
user_09514,2024-02-07,True,False,False,False,True
user_09515,2024-01-19,True,False,False,False,True
user_09516,2024-01-24,False,False,False,False,True
user_09517,2024-01-31,True,False,False,False,True
user_09518,2024-02-04,True,False,False,False,True
user_09519,2024-02-25,True,True,True,False,True
user_09520,2024-01-20,True,True,False,False,True
user_09521,2024-01-15,True,True,True,True,False
user_09522,2024-02-16,True,False,False,False,True
user_09523,2024-01-27,True,True,True,False,True
user_09524,2024-01-18,True,False,False,False,True
user_09525,2024-01-01,True,True,False,False,True
user_09526,2024-01-26,True,False,False,False,True
user_09527,2024-02-09,True,True,True,False,True
user_09528,2024-02-05,True,True,False,False,True
user_09529,2024-02-29,True,True,True,True,False
user_09530,2024-02-28,True,False,False,False,True
user_09531,2024-01-13,True,False,False,False,True
user_09532,2024-01-30,True,False,False,False,True
user_09533,2024-01-28,True,True,True,False,True
user_09534,2024-01-15,True,False,False,False,True
user_09535,2024-01-03,True,False,False,False,True
user_09536,2024-02-15,True,True,True,False,True
user_09537,2024-01-17,True,True,False,False,True
user_09538,2024-01-04,False,False,False,False,True
user_09539,2024-02-27,True,False,False,False,True
user_09540,2024-01-12,True,False,False,False,True
user_09541,2024-02-04,True,True,False,False,True
user_09542,2024-01-10,True,True,True,True,False
user_09543,2024-02-07,True,True,True,True,False
user_09544,2024-02-12,True,True,False,False,True
user_09545,2024-01-21,True,True,True,True,False
user_09546,2024-01-13,True,True,True,False,True
user_09547,2024-01-15,False,False,False,False,True
user_09548,2024-02-19,False,False,False,False,True
user_09549,2024-01-28,True,False,False,False,True
user_09550,2024-02-15,True,True,False,False,True
user_09551,2024-02-07,True,True,True,False,True
user_09552,2024-01-03,True,True,False,False,True
user_09553,2024-01-07,True,True,False,False,True
user_09554,2024-01-22,True,True,False,False,True
user_09555,2024-02-02,True,False,False,False,True
user_09556,2024-02-24,False,False,False,False,True
user_09557,2024-02-21,True,True,True,False,True
user_09558,2024-02-22,True,True,False,False,True
user_09559,2024-01-09,True,True,False,False,True
user_09560,2024-02-15,True,True,True,False,True
user_09561,2024-01-25,True,True,True,False,True
user_09562,2024-01-20,False,False,False,False,True
user_09563,2024-01-06,True,False,False,False,True
user_09564,2024-01-16,True,False,False,False,True
user_09565,2024-02-19,False,False,False,False,True
user_09566,2024-01-14,True,True,True,True,False
user_09567,2024-02-13,False,False,False,False,True
user_09568,2024-02-25,True,False,False,False,True
user_09569,2024-02-02,False,False,False,False,True
user_09570,2024-02-20,True,True,True,False,True
user_09571,2024-02-09,True,True,True,True,False
user_09572,2024-01-14,True,False,False,False,True
user_09573,2024-02-20,True,False,False,False,True
user_09574,2024-02-21,True,True,False,False,True
user_09575,2024-01-06,True,False,False,False,True
user_09576,2024-01-02,True,True,True,False,True
user_09577,2024-02-05,True,True,True,False,True
user_09578,2024-01-30,True,False,False,False,True
user_09579,2024-01-13,True,False,False,False,True
user_09580,2024-01-28,True,True,False,False,True
user_09581,2024-02-12,True,False,False,False,True
user_09582,2024-01-16,True,True,False,False,True
user_09583,2024-02-11,False,False,False,False,True
user_09584,2024-01-10,True,False,False,False,True
user_09585,2024-01-07,False,False,False,False,True
user_09586,2024-02-28,True,True,True,True,False
user_09587,2024-01-16,True,True,True,False,True
user_09588,2024-02-14,True,False,False,False,True
user_09589,2024-02-15,True,True,True,True,False
user_09590,2024-02-10,False,False,False,False,True
user_09591,2024-01-09,False,False,False,False,True
user_09592,2024-01-11,False,False,False,False,True
user_09593,2024-02-25,False,False,False,False,True
user_09594,2024-02-06,True,True,True,False,True
user_09595,2024-02-29,False,False,False,False,True
user_09596,2024-01-08,True,True,True,False,True
user_09597,2024-01-11,True,False,False,False,True
user_09598,2024-02-25,True,True,False,False,True
user_09599,2024-02-20,False,False,False,False,True
user_09600,2024-01-23,False,False,False,False,True
user_09601,2024-01-29,True,False,False,False,True
user_09602,2024-02-25,True,False,False,False,True
user_09603,2024-01-25,True,True,False,False,True
user_09604,2024-01-05,True,False,False,False,True
user_09605,2024-02-03,True,True,False,False,True
user_09606,2024-02-12,True,True,False,False,True
user_09607,2024-01-18,True,False,False,False,True
user_09608,2024-02-06,True,False,False,False,True
user_09609,2024-01-31,True,True,True,False,True
user_09610,2024-02-18,False,False,False,False,True
user_09611,2024-01-13,False,False,False,False,True
user_09612,2024-01-03,True,False,False,False,True
user_09613,2024-01-07,True,True,True,False,True
user_09614,2024-02-08,True,True,False,False,True
user_09615,2024-01-16,True,True,False,False,True
user_09616,2024-01-23,True,True,True,False,True
user_09617,2024-02-27,False,False,False,False,True
user_09618,2024-01-07,True,False,False,False,True
user_09619,2024-02-17,False,False,False,False,True
user_09620,2024-02-20,True,True,False,False,True
user_09621,2024-01-14,True,True,True,True,False
user_09622,2024-01-20,True,False,False,False,True
user_09623,2024-01-04,True,True,False,False,True
user_09624,2024-01-05,True,True,False,False,True
user_09625,2024-01-11,False,False,False,False,True
user_09626,2024-01-02,True,True,True,True,False
user_09627,2024-01-20,True,False,False,False,True
user_09628,2024-02-24,True,True,False,False,True
user_09629,2024-02-25,True,True,False,False,True
user_09630,2024-01-05,True,True,True,True,False
user_09631,2024-02-16,True,True,False,False,True
user_09632,2024-01-10,True,True,False,False,True
user_09633,2024-02-29,True,True,True,False,True
user_09634,2024-02-05,True,True,True,False,True
user_09635,2024-02-28,False,False,False,False,True
user_09636,2024-02-15,True,True,False,False,True
user_09637,2024-01-29,True,False,False,False,True
user_09638,2024-02-20,True,True,False,False,True
user_09639,2024-02-20,True,False,False,False,True
user_09640,2024-01-27,False,False,False,False,True
user_09641,2024-02-07,False,False,False,False,True
user_09642,2024-01-13,True,True,False,False,True
user_09643,2024-02-02,True,True,False,False,True
user_09644,2024-02-13,False,False,False,False,True
user_09645,2024-01-23,True,True,True,False,True
user_09646,2024-02-18,True,False,False,False,True
user_09647,2024-02-13,True,True,False,False,True
user_09648,2024-02-04,True,False,False,False,True
user_09649,2024-02-08,True,True,False,False,True
user_09650,2024-01-07,False,False,False,False,True
user_09651,2024-01-21,True,True,True,True,False
user_09652,2024-02-08,True,False,False,False,True
user_09653,2024-01-10,False,False,False,False,True
user_09654,2024-01-18,True,True,True,True,False
user_09655,2024-02-14,False,False,False,False,True
user_09656,2024-01-03,False,False,False,False,True
user_09657,2024-02-10,False,False,False,False,True
user_09658,2024-01-14,True,False,False,False,True
user_09659,2024-02-01,False,False,False,False,True
user_09660,2024-01-31,True,True,False,False,True
user_09661,2024-01-19,False,False,False,False,True
user_09662,2024-01-27,True,True,False,False,True
user_09663,2024-02-16,True,False,False,False,True
user_09664,2024-01-06,False,False,False,False,True
user_09665,2024-01-15,True,False,False,False,True
user_09666,2024-01-20,False,False,False,False,True
user_09667,2024-01-12,True,False,False,False,True
user_09668,2024-02-16,True,False,False,False,True
user_09669,2024-02-26,True,True,False,False,True
user_09670,2024-01-25,False,False,False,False,True
user_09671,2024-02-27,True,False,False,False,True
user_09672,2024-02-20,True,False,False,False,True
user_09673,2024-02-23,True,False,False,False,True
user_09674,2024-01-30,True,False,False,False,True
user_09675,2024-02-25,True,True,True,False,True
user_09676,2024-01-05,False,False,False,False,True
user_09677,2024-01-21,True,True,False,False,True
user_09678,2024-01-14,True,False,False,False,True
user_09679,2024-02-25,True,True,False,False,True
user_09680,2024-01-09,True,False,False,False,True
user_09681,2024-01-31,False,False,False,False,True
user_09682,2024-01-05,True,True,True,False,True
user_09683,2024-01-02,True,True,True,False,True
user_09684,2024-02-22,True,True,True,False,True
user_09685,2024-02-19,True,True,True,True,False
user_09686,2024-01-30,True,True,False,False,True
user_09687,2024-01-06,True,True,False,False,True
user_09688,2024-02-17,True,False,False,False,True
user_09689,2024-02-07,False,False,False,False,True
user_09690,2024-01-22,True,True,False,False,True
user_09691,2024-02-01,True,False,False,False,True
user_09692,2024-02-10,True,True,False,False,True
user_09693,2024-02-12,True,True,False,False,True
user_09694,2024-01-25,True,True,False,False,True
user_09695,2024-02-28,True,True,False,False,True
user_09696,2024-02-23,False,False,False,False,True
user_09697,2024-01-11,False,False,False,False,True
user_09698,2024-02-13,True,False,False,False,True
user_09699,2024-01-17,True,False,False,False,True
user_09700,2024-02-18,True,True,False,False,True
user_09701,2024-01-30,True,True,False,False,True
user_09702,2024-02-26,True,True,False,False,True
user_09703,2024-02-19,False,False,False,False,True
user_09704,2024-01-27,True,False,False,False,True
user_09705,2024-02-16,True,True,True,False,True
user_09706,2024-02-18,True,False,False,False,True
user_09707,2024-02-14,True,False,False,False,True
user_09708,2024-01-28,True,True,True,True,False
user_09709,2024-02-11,True,False,False,False,True
user_09710,2024-02-11,False,False,False,False,True
user_09711,2024-02-29,True,True,False,False,True
user_09712,2024-01-24,True,False,False,False,True
user_09713,2024-02-10,True,False,False,False,True
user_09714,2024-02-11,False,False,False,False,True
user_09715,2024-02-25,True,False,False,False,True
user_09716,2024-01-20,True,False,False,False,True
user_09717,2024-01-08,True,False,False,False,True
user_09718,2024-01-22,False,False,False,False,True
user_09719,2024-01-21,True,True,False,False,True
user_09720,2024-01-08,True,True,False,False,True
user_09721,2024-02-25,True,False,False,False,True
user_09722,2024-02-13,True,True,False,False,True
user_09723,2024-02-22,True,False,False,False,True
user_09724,2024-02-09,True,False,False,False,True
user_09725,2024-01-25,False,False,False,False,True
user_09726,2024-01-31,True,True,True,False,True
user_09727,2024-02-05,True,True,True,False,True
user_09728,2024-01-06,True,True,False,False,True
user_09729,2024-01-27,True,True,False,False,True
user_09730,2024-02-16,True,True,True,True,False
user_09731,2024-01-09,True,False,False,False,True
user_09732,2024-02-15,True,True,False,False,True
user_09733,2024-02-09,True,True,False,False,True
user_09734,2024-02-23,False,False,False,False,True
user_09735,2024-02-09,True,False,False,False,True
user_09736,2024-01-20,True,True,True,True,False
user_09737,2024-01-03,False,False,False,False,True
user_09738,2024-02-04,False,False,False,False,True
user_09739,2024-02-09,True,True,True,True,False
user_09740,2024-02-14,False,False,False,False,True
user_09741,2024-01-23,True,True,False,False,True
user_09742,2024-01-01,True,True,True,False,True
user_09743,2024-01-18,True,True,True,True,False
user_09744,2024-01-15,True,True,False,False,True
user_09745,2024-01-13,True,True,True,False,True
user_09746,2024-01-14,True,True,True,True,False
user_09747,2024-02-10,True,True,False,False,True
user_09748,2024-02-13,True,True,True,True,False
user_09749,2024-02-27,True,False,False,False,True
user_09750,2024-02-29,True,True,True,True,False
user_09751,2024-02-04,True,False,False,False,True
user_09752,2024-01-16,True,True,False,False,True
user_09753,2024-01-05,True,True,True,True,False
user_09754,2024-01-13,False,False,False,False,True
user_09755,2024-02-05,True,False,False,False,True
user_09756,2024-02-02,True,True,True,False,True
user_09757,2024-02-08,True,True,False,False,True
user_09758,2024-01-19,True,False,False,False,True
user_09759,2024-02-09,True,False,False,False,True
user_09760,2024-02-01,False,False,False,False,True
user_09761,2024-01-01,False,False,False,False,True
user_09762,2024-01-31,True,True,False,False,True
user_09763,2024-02-26,True,True,False,False,True
user_09764,2024-01-22,True,True,False,False,True
user_09765,2024-02-18,True,True,True,False,True
user_09766,2024-02-09,True,False,False,False,True
user_09767,2024-01-15,True,True,False,False,True
user_09768,2024-02-14,True,True,True,False,True
user_09769,2024-01-22,True,True,False,False,True
user_09770,2024-02-08,False,False,False,False,True
user_09771,2024-02-04,True,False,False,False,True
user_09772,2024-01-24,True,True,True,True,False
user_09773,2024-02-15,True,False,False,False,True
user_09774,2024-01-10,True,True,False,False,True
user_09775,2024-01-17,True,True,True,False,True
user_09776,2024-01-14,True,True,True,False,True
user_09777,2024-01-28,True,False,False,False,True
user_09778,2024-01-09,False,False,False,False,True
user_09779,2024-01-10,True,True,True,True,False
user_09780,2024-02-16,True,True,False,False,True
user_09781,2024-01-24,True,True,True,False,True
user_09782,2024-02-07,True,True,True,False,True
user_09783,2024-01-29,True,True,False,False,True
user_09784,2024-02-04,True,False,False,False,True
user_09785,2024-02-11,True,True,False,False,True
user_09786,2024-02-07,True,True,False,False,True
user_09787,2024-02-23,True,False,False,False,True
user_09788,2024-02-15,True,True,False,False,True
user_09789,2024-02-16,True,False,False,False,True
user_09790,2024-01-07,True,False,False,False,True
user_09791,2024-01-06,True,True,False,False,True
user_09792,2024-02-25,True,True,True,False,True
user_09793,2024-01-05,False,False,False,False,True
user_09794,2024-02-23,True,True,False,False,True
user_09795,2024-01-15,True,False,False,False,True
user_09796,2024-01-12,True,False,False,False,True
user_09797,2024-02-07,True,False,False,False,True
user_09798,2024-01-13,True,False,False,False,True
user_09799,2024-01-09,True,True,False,False,True
user_09800,2024-01-25,True,False,False,False,True
user_09801,2024-02-10,True,True,True,True,False
user_09802,2024-02-07,True,False,False,False,True
user_09803,2024-01-09,True,False,False,False,True
user_09804,2024-02-01,True,False,False,False,True
user_09805,2024-01-16,True,True,False,False,True
user_09806,2024-01-21,True,True,False,False,True
user_09807,2024-02-21,True,True,True,False,True
user_09808,2024-02-15,False,False,False,False,True
user_09809,2024-01-02,True,False,False,False,True
user_09810,2024-01-10,True,True,False,False,True
user_09811,2024-02-12,True,False,False,False,True
user_09812,2024-01-04,True,False,False,False,True
user_09813,2024-02-06,True,True,False,False,True
user_09814,2024-02-26,True,False,False,False,True
user_09815,2024-02-20,True,True,False,False,True
user_09816,2024-02-21,True,False,False,False,True
user_09817,2024-02-24,True,True,True,True,False
user_09818,2024-02-01,True,True,True,False,True
user_09819,2024-01-16,True,True,True,False,True
user_09820,2024-02-10,True,True,False,False,True
user_09821,2024-02-06,True,True,True,True,False
user_09822,2024-01-29,True,True,False,False,True
user_09823,2024-02-29,True,False,False,False,True
user_09824,2024-02-22,False,False,False,False,True
user_09825,2024-02-03,False,False,False,False,True
user_09826,2024-01-30,True,True,False,False,True
user_09827,2024-01-25,False,False,False,False,True
user_09828,2024-02-03,True,True,False,False,True
user_09829,2024-01-04,True,True,True,False,True
user_09830,2024-02-21,True,True,True,True,False
user_09831,2024-02-28,False,False,False,False,True
user_09832,2024-01-30,True,True,False,False,True
user_09833,2024-02-18,True,True,True,True,False
user_09834,2024-01-08,True,True,True,True,False
user_09835,2024-01-04,True,True,False,False,True
user_09836,2024-02-17,True,True,False,False,True
user_09837,2024-02-05,True,True,False,False,True
user_09838,2024-01-25,False,False,False,False,True
user_09839,2024-01-19,True,False,False,False,True
user_09840,2024-02-17,True,True,True,True,False
user_09841,2024-02-24,True,True,False,False,True
user_09842,2024-01-07,False,False,False,False,True
user_09843,2024-02-21,True,True,True,True,False
user_09844,2024-01-19,True,False,False,False,True
user_09845,2024-01-05,False,False,False,False,True
user_09846,2024-02-23,True,True,True,True,False
user_09847,2024-02-22,True,True,False,False,True
user_09848,2024-01-04,True,False,False,False,True
user_09849,2024-01-26,False,False,False,False,True
user_09850,2024-02-10,True,True,True,False,True
user_09851,2024-01-13,True,True,True,True,False
user_09852,2024-01-20,True,True,True,True,False
user_09853,2024-02-06,True,True,True,True,False
user_09854,2024-01-07,True,True,False,False,True
user_09855,2024-01-04,True,False,False,False,True
user_09856,2024-02-11,True,False,False,False,True
user_09857,2024-02-07,False,False,False,False,True
user_09858,2024-02-22,True,False,False,False,True
user_09859,2024-02-28,True,False,False,False,True
user_09860,2024-01-30,True,False,False,False,True
user_09861,2024-01-01,True,False,False,False,True
user_09862,2024-01-31,True,False,False,False,True
user_09863,2024-02-05,True,False,False,False,True
user_09864,2024-01-20,True,True,False,False,True
user_09865,2024-01-01,True,True,True,True,False
user_09866,2024-01-04,True,True,True,True,False
user_09867,2024-01-11,True,True,False,False,True
user_09868,2024-01-05,True,False,False,False,True
user_09869,2024-02-12,True,True,False,False,True
user_09870,2024-01-23,True,True,True,True,False
user_09871,2024-01-20,True,True,False,False,True
user_09872,2024-02-13,True,False,False,False,True
user_09873,2024-01-29,False,False,False,False,True
user_09874,2024-01-12,True,False,False,False,True
user_09875,2024-01-31,True,False,False,False,True
user_09876,2024-02-29,True,True,True,True,False
user_09877,2024-01-19,True,True,True,False,True
user_09878,2024-02-18,False,False,False,False,True
user_09879,2024-01-21,True,False,False,False,True
user_09880,2024-02-09,True,False,False,False,True
user_09881,2024-01-09,True,True,False,False,True
user_09882,2024-02-20,True,True,True,False,True
user_09883,2024-02-01,True,False,False,False,True
user_09884,2024-01-22,True,True,True,True,False
user_09885,2024-01-16,True,True,True,False,True
user_09886,2024-02-06,True,True,True,False,True
user_09887,2024-02-18,True,True,True,False,True
user_09888,2024-02-22,False,False,False,False,True
user_09889,2024-02-17,True,True,True,True,False
user_09890,2024-01-06,True,True,True,False,True
user_09891,2024-01-07,True,True,False,False,True
user_09892,2024-01-20,True,False,False,False,True
user_09893,2024-01-02,True,False,False,False,True
user_09894,2024-02-27,True,True,False,False,True
user_09895,2024-01-06,True,False,False,False,True
user_09896,2024-02-02,True,True,False,False,True
user_09897,2024-01-24,True,False,False,False,True
user_09898,2024-02-12,False,False,False,False,True
user_09899,2024-01-24,True,True,True,True,False
user_09900,2024-01-30,True,False,False,False,True
user_09901,2024-02-23,True,True,False,False,True
user_09902,2024-01-22,True,True,False,False,True
user_09903,2024-01-12,True,False,False,False,True
user_09904,2024-02-27,True,True,False,False,True
user_09905,2024-01-13,True,False,False,False,True
user_09906,2024-01-24,True,False,False,False,True
user_09907,2024-02-14,True,True,False,False,True
user_09908,2024-01-04,True,False,False,False,True
user_09909,2024-02-07,True,True,True,True,False
user_09910,2024-01-12,True,False,False,False,True
user_09911,2024-02-14,True,False,False,False,True
user_09912,2024-01-20,True,False,False,False,True
user_09913,2024-02-03,False,False,False,False,True
user_09914,2024-01-09,True,False,False,False,True
user_09915,2024-02-14,True,False,False,False,True
user_09916,2024-02-02,True,True,False,False,True
user_09917,2024-02-14,True,True,True,True,False
user_09918,2024-01-17,False,False,False,False,True
user_09919,2024-01-18,False,False,False,False,True
user_09920,2024-02-27,True,False,False,False,True
user_09921,2024-02-06,True,False,False,False,True
user_09922,2024-02-04,True,True,True,False,True
user_09923,2024-02-24,False,False,False,False,True
user_09924,2024-01-09,False,False,False,False,True
user_09925,2024-02-16,True,False,False,False,True
user_09926,2024-01-19,True,True,False,False,True
user_09927,2024-02-07,True,True,True,False,True
user_09928,2024-01-01,True,True,False,False,True
user_09929,2024-02-21,False,False,False,False,True
user_09930,2024-02-01,True,False,False,False,True
user_09931,2024-01-03,True,True,False,False,True
user_09932,2024-02-12,True,False,False,False,True
user_09933,2024-01-26,True,True,False,False,True
user_09934,2024-01-16,True,True,True,False,True
user_09935,2024-02-10,True,False,False,False,True
user_09936,2024-02-01,True,True,False,False,True
user_09937,2024-01-14,False,False,False,False,True
user_09938,2024-02-20,True,True,False,False,True
user_09939,2024-01-07,True,False,False,False,True
user_09940,2024-02-22,True,False,False,False,True
user_09941,2024-01-27,True,True,True,True,False
user_09942,2024-02-01,True,True,False,False,True
user_09943,2024-01-19,True,True,True,False,True
user_09944,2024-01-14,True,True,True,True,False
user_09945,2024-01-09,False,False,False,False,True
user_09946,2024-02-20,True,True,False,False,True
user_09947,2024-02-10,True,False,False,False,True
user_09948,2024-02-24,True,True,True,False,True
user_09949,2024-02-04,True,False,False,False,True
user_09950,2024-01-23,False,False,False,False,True
user_09951,2024-01-29,True,False,False,False,True
user_09952,2024-02-25,True,True,True,False,True
user_09953,2024-01-14,True,True,False,False,True
user_09954,2024-01-20,True,True,True,True,False
user_09955,2024-01-29,True,True,True,True,False
user_09956,2024-02-04,True,True,True,False,True
user_09957,2024-02-05,False,False,False,False,True
user_09958,2024-02-29,True,True,True,False,True
user_09959,2024-02-04,True,False,False,False,True
user_09960,2024-01-09,True,True,True,False,True
user_09961,2024-01-07,False,False,False,False,True
user_09962,2024-01-04,True,True,True,True,False
user_09963,2024-02-17,False,False,False,False,True
user_09964,2024-01-23,True,True,True,False,True
user_09965,2024-01-24,True,True,False,False,True
user_09966,2024-01-06,True,True,False,False,True
user_09967,2024-02-27,True,False,False,False,True
user_09968,2024-01-02,False,False,False,False,True
user_09969,2024-02-10,True,False,False,False,True
user_09970,2024-01-02,True,False,False,False,True
user_09971,2024-02-13,False,False,False,False,True
user_09972,2024-02-17,True,True,True,False,True
user_09973,2024-01-02,True,False,False,False,True
user_09974,2024-01-24,True,True,True,False,True
user_09975,2024-01-17,True,True,True,False,True
user_09976,2024-02-17,True,False,False,False,True
user_09977,2024-02-07,True,True,False,False,True
user_09978,2024-02-27,True,True,True,False,True
user_09979,2024-01-31,True,False,False,False,True
user_09980,2024-02-27,True,False,False,False,True
user_09981,2024-01-27,True,False,False,False,True
user_09982,2024-01-09,True,False,False,False,True
user_09983,2024-02-29,True,False,False,False,True
user_09984,2024-01-01,True,False,False,False,True
user_09985,2024-02-03,True,False,False,False,True
user_09986,2024-02-04,False,False,False,False,True
user_09987,2024-01-27,False,False,False,False,True
user_09988,2024-01-12,True,False,False,False,True
user_09989,2024-01-06,True,True,False,False,True
user_09990,2024-02-02,False,False,False,False,True
user_09991,2024-02-17,False,False,False,False,True
user_09992,2024-01-02,True,False,False,False,True
user_09993,2024-02-08,True,True,True,False,True
user_09994,2024-02-29,True,True,True,True,False
user_09995,2024-01-02,True,False,False,False,True
user_09996,2024-01-20,True,True,False,False,True
user_09997,2024-01-18,True,False,False,False,True
user_09998,2024-01-08,True,True,False,False,True
user_09999,2024-01-20,True,True,False,False,True
